id,labels
0,"528,529,530"
1,"67,168,528"
2,"139,141,300"
3,"313,314,530"
4,"10,196,518"
5,"8,206,349"
6,"313,366,397"
7,"100,194,200"
8,"49,455,498"
9,"108,187,301"
10,"187,205,241"
11,"83,405,529"
12,"160,528,529"
13,"355,409,456"
14,"98,528,529"
15,"172,405,455"
16,"67,528,529"
17,"528,529,530"
18,"528,529,530"
19,"67,220,498"
20,"528,529,530"
21,"179,455,529"
22,"16,204,528"
23,"340,430,530"
24,"528,529,530"
25,"41,528,529"
26,"528,529,530"
27,"528,529,530"
28,"3,18,200"
29,"182,528,529"
30,"135,357,405"
31,"194,200,270"
32,"40,368,529"
33,"528,529,530"
34,"25,220,242"
35,"340,529,530"
36,"528,529,530"
37,"241,406,494"
38,"196,301,529"
39,"528,529,530"
40,"364,444,530"
41,"200,340,455"
42,"528,529,530"
43,"528,529,530"
44,"12,122,528"
45,"67,528,529"
46,"168,528,529"
47,"419,529,530"
48,"179,528,529"
49,"83,364,419"
50,"405,529,530"
51,"528,529,530"
52,"67,220,241"
53,"340,419,530"
54,"114,182,301"
55,"528,529,530"
56,"221,455,529"
57,"182,247,413"
58,"67,405,529"
59,"73,194,528"
60,"528,529,530"
61,"64,323,524"
62,"458,482,498"
63,"528,529,530"
64,"100,503,529"
65,"340,529,530"
66,"528,529,530"
67,"140,170,528"
68,"69,187,200"
69,"278,529,530"
70,"455,529,530"
71,"64,323,524"
72,"41,224,339"
73,"194,200,430"
74,"10,24,67"
75,"340,455,498"
76,"187,241,528"
77,"247,355,456"
78,"204,215,334"
79,"25,220,372"
80,"528,529,530"
81,"528,529,530"
82,"528,529,530"
83,"528,529,530"
84,"528,529,530"
85,"528,529,530"
86,"40,368,529"
87,"182,528,529"
88,"89,128,129"
89,"528,529,530"
90,"247,313,359"
91,"25,220,221"
92,"216,397,444"
93,"528,529,530"
94,"528,529,530"
95,"83,313,452"
96,"49,528,529"
97,"155,194,248"
98,"67,83,405"
99,"23,26,251"
100,"313,366,397"
101,"88,106,528"
102,"247,405,529"
103,"11,160,301"
104,"44,128,528"
105,"313,346,355"
106,"528,529,530"
107,"528,529,530"
108,"2,449,458"
109,"8,206,482"
110,"528,529,530"
111,"128,199,359"
112,"528,529,530"
113,"45,187,241"
114,"25,220,405"
115,"259,528,529"
116,"301,313,485"
117,"528,529,530"
118,"83,528,529"
119,"187,241,340"
120,"528,529,530"
121,"340,529,530"
122,"187,241,528"
123,"69,200,527"
124,"528,529,530"
125,"311,313,314"
126,"444,529,530"
127,"528,529,530"
128,"127,271,363"
129,"179,340,359"
130,"83,187,241"
131,"170,528,529"
132,"528,529,530"
133,"364,529,530"
134,"311,529,530"
135,"73,187,241"
136,"313,314,346"
137,"313,346,530"
138,"313,340,530"
139,"12,207,528"
140,"187,194,241"
141,"312,529,530"
142,"199,255,529"
143,"528,529,530"
144,"528,529,530"
145,"128,528,529"
146,"4,173,182"
147,"528,529,530"
148,"11,323,524"
149,"160,182,196"
150,"135,397,444"
151,"179,528,529"
152,"4,182,528"
153,"269,355,438"
154,"168,194,528"
155,"128,313,374"
156,"96,419,420"
157,"45,73,290"
158,"172,194,200"
159,"179,199,455"
160,"73,528,529"
161,"528,529,530"
162,"182,528,529"
163,"194,200,405"
164,"425,498,530"
165,"179,328,498"
166,"455,529,530"
167,"528,529,530"
168,"69,313,405"
169,"128,135,528"
170,"528,529,530"
171,"528,529,530"
172,"528,529,530"
173,"455,529,530"
174,"528,529,530"
175,"29,458,529"
176,"8,44,455"
177,"357,529,530"
178,"528,529,530"
179,"23,26,251"
180,"483,529,530"
181,"528,529,530"
182,"205,313,340"
183,"51,194,200"
184,"214,216,455"
185,"528,529,530"
186,"2,212,254"
187,"135,140,374"
188,"528,529,530"
189,"26,128,129"
190,"528,529,530"
191,"199,529,530"
192,"528,529,530"
193,"528,529,530"
194,"199,529,530"
195,"199,438,456"
196,"528,529,530"
197,"152,302,315"
198,"40,128,368"
199,"528,529,530"
200,"528,529,530"
201,"215,494,514"
202,"270,405,530"
203,"528,529,530"
204,"315,529,530"
205,"199,259,529"
206,"528,529,530"
207,"91,528,529"
208,"444,529,530"
209,"64,323,524"
210,"528,529,530"
211,"8,235,528"
212,"340,529,530"
213,"182,340,529"
214,"280,297,455"
215,"528,529,530"
216,"518,529,530"
217,"382,529,530"
218,"100,194,200"
219,"160,528,529"
220,"39,528,529"
221,"355,456,530"
222,"340,529,530"
223,"528,529,530"
224,"196,302,529"
225,"458,482,530"
226,"528,529,530"
227,"528,529,530"
228,"3,5,200"
229,"528,529,530"
230,"45,220,402"
231,"45,528,529"
232,"357,360,455"
233,"16,144,528"
234,"83,187,241"
235,"436,529,530"
236,"528,529,530"
237,"179,199,455"
238,"220,528,529"
239,"45,300,514"
240,"247,528,529"
241,"360,409,498"
242,"241,406,494"
243,"92,528,529"
244,"271,314,360"
245,"187,241,455"
246,"45,419,529"
247,"199,334,406"
248,"3,18,200"
249,"128,366,529"
250,"528,529,530"
251,"220,340,425"
252,"528,529,530"
253,"179,364,425"
254,"67,528,529"
255,"67,313,455"
256,"270,529,530"
257,"528,529,530"
258,"247,417,529"
259,"44,313,529"
260,"359,529,530"
261,"528,529,530"
262,"528,529,530"
263,"528,529,530"
264,"45,155,194"
265,"271,355,530"
266,"528,529,530"
267,"247,322,455"
268,"182,528,529"
269,"160,196,528"
270,"182,243,334"
271,"528,529,530"
272,"49,436,529"
273,"340,529,530"
274,"528,529,530"
275,"64,323,524"
276,"528,529,530"
277,"330,364,530"
278,"528,529,530"
279,"528,529,530"
280,"528,529,530"
281,"10,25,67"
282,"269,313,355"
283,"187,241,528"
284,"374,529,530"
285,"108,301,430"
286,"64,323,524"
287,"528,529,530"
288,"528,529,530"
289,"128,129,528"
290,"313,314,455"
291,"528,529,530"
292,"10,24,313"
293,"49,199,529"
294,"528,529,530"
295,"528,529,530"
296,"135,182,528"
297,"528,529,530"
298,"179,199,374"
299,"200,221,301"
300,"528,529,530"
301,"127,263,301"
302,"168,196,359"
303,"528,529,530"
304,"179,528,529"
305,"271,352,355"
306,"39,528,529"
307,"26,355,456"
308,"10,24,454"
309,"340,455,530"
310,"179,528,529"
311,"116,213,455"
312,"340,529,530"
313,"528,529,530"
314,"3,45,200"
315,"355,424,488"
316,"215,494,529"
317,"528,529,530"
318,"301,382,444"
319,"69,170,179"
320,"212,216,497"
321,"187,241,528"
322,"528,529,530"
323,"216,254,340"
324,"160,302,529"
325,"498,529,530"
326,"364,529,530"
327,"528,529,530"
328,"1,45,528"
329,"179,444,455"
330,"528,529,530"
331,"128,247,528"
332,"2,405,497"
333,"340,529,530"
334,"270,271,366"
335,"140,528,529"
336,"92,313,417"
337,"116,455,515"
338,"182,528,529"
339,"301,529,530"
340,"220,528,529"
341,"67,108,301"
342,"128,129,364"
343,"528,529,530"
344,"528,529,530"
345,"220,340,529"
346,"215,296,405"
347,"528,529,530"
348,"528,529,530"
349,"300,529,530"
350,"11,69,221"
351,"528,529,530"
352,"204,296,529"
353,"357,455,530"
354,"37,267,301"
355,"10,95,221"
356,"128,129,528"
357,"328,448,530"
358,"357,360,455"
359,"64,323,524"
360,"340,529,530"
361,"95,220,524"
362,"301,459,530"
363,"366,529,530"
364,"220,455,529"
365,"213,456,482"
366,"528,529,530"
367,"528,529,530"
368,"528,529,530"
369,"199,529,530"
370,"4,182,528"
371,"528,529,530"
372,"141,196,514"
373,"40,368,529"
374,"8,206,310"
375,"10,55,221"
376,"170,405,529"
377,"357,529,530"
378,"29,419,529"
379,"25,359,529"
380,"528,529,530"
381,"199,529,530"
382,"528,529,530"
383,"187,199,241"
384,"11,205,382"
385,"10,24,436"
386,"25,528,529"
387,"528,529,530"
388,"212,497,529"
389,"528,529,530"
390,"25,83,340"
391,"405,529,530"
392,"216,280,497"
393,"73,528,529"
394,"220,340,498"
395,"182,528,529"
396,"340,430,459"
397,"528,529,530"
398,"337,529,530"
399,"273,529,530"
400,"44,128,221"
401,"528,529,530"
402,"301,529,530"
403,"271,361,372"
404,"113,194,200"
405,"1,8,216"
406,"100,194,200"
407,"29,83,444"
408,"187,241,263"
409,"100,194,200"
410,"425,529,530"
411,"16,364,529"
412,"49,528,529"
413,"528,529,530"
414,"8,206,405"
415,"40,368,529"
416,"528,529,530"
417,"220,425,529"
418,"255,322,455"
419,"528,529,530"
420,"528,529,530"
421,"220,528,529"
422,"67,355,456"
423,"528,529,530"
424,"313,355,456"
425,"271,363,513"
426,"313,529,530"
427,"528,529,530"
428,"83,187,241"
429,"444,529,530"
430,"128,528,529"
431,"350,405,530"
432,"12,528,529"
433,"64,323,524"
434,"419,529,530"
435,"455,529,530"
436,"444,458,530"
437,"220,221,241"
438,"528,529,530"
439,"337,339,530"
440,"528,529,530"
441,"220,340,498"
442,"528,529,530"
443,"172,528,529"
444,"528,529,530"
445,"4,311,340"
446,"340,529,530"
447,"528,529,530"
448,"528,529,530"
449,"128,139,405"
450,"409,444,514"
451,"214,216,482"
452,"364,405,530"
453,"302,340,530"
454,"172,528,529"
455,"528,529,530"
456,"498,529,530"
457,"8,206,448"
458,"374,529,530"
459,"374,529,530"
460,"29,376,405"
461,"127,170,179"
462,"514,529,530"
463,"528,529,530"
464,"360,397,530"
465,"29,355,405"
466,"528,529,530"
467,"69,409,455"
468,"11,69,455"
469,"278,483,530"
470,"528,529,530"
471,"409,498,514"
472,"528,529,530"
473,"216,484,497"
474,"179,514,529"
475,"271,280,355"
476,"39,528,529"
477,"41,168,528"
478,"315,529,530"
479,"528,529,530"
480,"452,529,530"
481,"528,529,530"
482,"40,368,529"
483,"179,313,529"
484,"29,455,529"
485,"8,206,280"
486,"1,67,405"
487,"2,425,513"
488,"528,529,530"
489,"25,315,364"
490,"79,155,455"
491,"73,405,406"
492,"323,419,530"
493,"182,376,458"
494,"100,194,200"
495,"213,214,498"
496,"141,528,529"
497,"45,216,220"
498,"8,206,528"
499,"44,205,498"
500,"528,529,530"
501,"528,529,530"
502,"405,529,530"
503,"64,323,524"
504,"3,18,200"
505,"528,529,530"
506,"67,528,529"
507,"187,241,449"
508,"108,271,301"
509,"182,393,425"
510,"141,215,334"
511,"204,215,334"
512,"528,529,530"
513,"135,528,529"
514,"16,340,529"
515,"160,334,406"
516,"187,241,480"
517,"528,529,530"
518,"10,323,529"
519,"16,194,200"
520,"220,340,359"
521,"290,484,498"
522,"67,128,528"
523,"40,168,194"
524,"459,529,530"
525,"29,528,529"
526,"528,529,530"
527,"498,529,530"
528,"160,334,406"
529,"170,187,528"
530,"528,529,530"
531,"25,220,528"
532,"528,529,530"
533,"455,458,484"
534,"196,366,405"
535,"29,528,529"
536,"528,529,530"
537,"8,206,280"
538,"340,405,530"
539,"100,194,200"
540,"8,235,355"
541,"455,529,530"
542,"528,529,530"
543,"127,263,528"
544,"41,419,529"
545,"67,528,529"
546,"401,529,530"
547,"196,528,529"
548,"16,173,182"
549,"323,419,530"
550,"135,301,374"
551,"8,206,418"
552,"76,528,529"
553,"196,220,514"
554,"313,529,530"
555,"528,529,530"
556,"528,529,530"
557,"528,529,530"
558,"528,529,530"
559,"128,328,405"
560,"220,221,425"
561,"340,529,530"
562,"220,221,242"
563,"376,436,455"
564,"196,528,529"
565,"528,529,530"
566,"313,346,530"
567,"397,444,456"
568,"100,503,529"
569,"11,73,528"
570,"528,529,530"
571,"455,529,530"
572,"100,452,503"
573,"528,529,530"
574,"45,528,529"
575,"296,529,530"
576,"528,529,530"
577,"313,529,530"
578,"405,529,530"
579,"10,73,221"
580,"64,323,524"
581,"2,182,483"
582,"213,372,444"
583,"401,529,530"
584,"160,528,529"
585,"8,346,425"
586,"25,220,242"
587,"67,455,529"
588,"528,529,530"
589,"200,301,459"
590,"528,529,530"
591,"528,529,530"
592,"170,528,529"
593,"528,529,530"
594,"25,220,221"
595,"216,374,401"
596,"528,529,530"
597,"8,206,518"
598,"16,301,340"
599,"528,529,530"
600,"204,215,315"
601,"92,528,529"
602,"3,5,200"
603,"280,297,349"
604,"4,182,528"
605,"196,528,529"
606,"41,160,487"
607,"340,455,530"
608,"271,366,530"
609,"141,300,355"
610,"160,364,436"
611,"29,528,529"
612,"340,359,455"
613,"3,200,340"
614,"128,129,528"
615,"213,271,280"
616,"10,24,73"
617,"290,529,530"
618,"128,405,529"
619,"528,529,530"
620,"247,455,456"
621,"528,529,530"
622,"83,364,405"
623,"528,529,530"
624,"528,529,530"
625,"247,313,346"
626,"25,528,529"
627,"245,301,374"
628,"67,216,370"
629,"4,182,528"
630,"220,328,498"
631,"8,206,340"
632,"528,529,530"
633,"528,529,530"
634,"213,400,480"
635,"514,529,530"
636,"401,529,530"
637,"315,527,530"
638,"135,152,315"
639,"172,340,409"
640,"196,436,514"
641,"8,206,273"
642,"374,529,530"
643,"528,529,530"
644,"45,528,529"
645,"128,129,455"
646,"528,529,530"
647,"528,529,530"
648,"528,529,530"
649,"170,528,529"
650,"83,137,493"
651,"29,67,69"
652,"528,529,530"
653,"41,45,487"
654,"357,529,530"
655,"372,529,530"
656,"4,182,340"
657,"8,206,405"
658,"340,529,530"
659,"528,529,530"
660,"40,340,368"
661,"179,405,455"
662,"528,529,530"
663,"528,529,530"
664,"11,204,528"
665,"528,529,530"
666,"528,529,530"
667,"25,528,529"
668,"29,179,313"
669,"455,529,530"
670,"528,529,530"
671,"248,402,448"
672,"220,458,493"
673,"223,360,444"
674,"241,401,406"
675,"80,528,529"
676,"44,80,528"
677,"3,18,200"
678,"405,529,530"
679,"220,528,529"
680,"8,206,528"
681,"40,368,529"
682,"323,455,524"
683,"528,529,530"
684,"160,528,529"
685,"16,455,529"
686,"220,528,529"
687,"444,529,530"
688,"25,528,529"
689,"220,242,528"
690,"528,529,530"
691,"170,528,529"
692,"528,529,530"
693,"528,529,530"
694,"8,206,249"
695,"39,409,529"
696,"215,494,529"
697,"16,100,480"
698,"41,120,528"
699,"92,528,529"
700,"528,529,530"
701,"528,529,530"
702,"187,241,528"
703,"528,529,530"
704,"121,181,528"
705,"135,343,455"
706,"528,529,530"
707,"29,337,529"
708,"269,355,425"
709,"49,182,405"
710,"528,529,530"
711,"374,529,530"
712,"16,528,529"
713,"216,497,498"
714,"430,455,459"
715,"8,49,206"
716,"340,529,530"
717,"528,529,530"
718,"528,529,530"
719,"382,529,530"
720,"528,529,530"
721,"528,529,530"
722,"187,311,529"
723,"301,340,530"
724,"528,529,530"
725,"528,529,530"
726,"182,271,355"
727,"8,206,511"
728,"528,529,530"
729,"29,419,529"
730,"179,199,455"
731,"196,359,405"
732,"3,18,200"
733,"45,528,529"
734,"199,529,530"
735,"199,223,529"
736,"528,529,530"
737,"259,528,529"
738,"528,529,530"
739,"67,313,514"
740,"528,529,530"
741,"98,355,409"
742,"160,301,529"
743,"528,529,530"
744,"83,528,529"
745,"528,529,530"
746,"528,529,530"
747,"322,529,530"
748,"273,529,530"
749,"67,528,529"
750,"41,528,529"
751,"92,528,529"
752,"25,340,405"
753,"170,528,529"
754,"128,170,179"
755,"528,529,530"
756,"45,73,455"
757,"67,241,528"
758,"528,529,530"
759,"128,179,204"
760,"405,498,530"
761,"92,528,529"
762,"528,529,530"
763,"528,529,530"
764,"182,196,528"
765,"8,196,235"
766,"273,360,498"
767,"199,529,530"
768,"255,340,498"
769,"1,12,199"
770,"182,405,529"
771,"187,241,455"
772,"45,528,529"
773,"29,340,401"
774,"528,529,530"
775,"528,529,530"
776,"170,528,529"
777,"182,528,529"
778,"528,529,530"
779,"64,323,524"
780,"528,529,530"
781,"528,529,530"
782,"269,355,409"
783,"528,529,530"
784,"108,187,301"
785,"425,529,530"
786,"179,214,482"
787,"528,529,530"
788,"8,206,528"
789,"313,529,530"
790,"528,529,530"
791,"25,220,221"
792,"44,69,313"
793,"455,529,530"
794,"25,528,529"
795,"40,368,529"
796,"73,340,529"
797,"528,529,530"
798,"92,187,438"
799,"73,139,405"
800,"528,529,530"
801,"528,529,530"
802,"39,528,529"
803,"16,194,200"
804,"455,529,530"
805,"25,199,220"
806,"8,206,313"
807,"528,529,530"
808,"182,187,241"
809,"170,194,200"
810,"528,529,530"
811,"313,529,530"
812,"44,45,73"
813,"280,360,498"
814,"139,315,340"
815,"270,529,530"
816,"214,372,529"
817,"528,529,530"
818,"528,529,530"
819,"528,529,530"
820,"397,444,458"
821,"182,528,529"
822,"170,528,529"
823,"405,529,530"
824,"173,267,529"
825,"528,529,530"
826,"355,405,456"
827,"271,361,372"
828,"528,529,530"
829,"67,241,322"
830,"528,529,530"
831,"214,216,313"
832,"26,528,529"
833,"199,529,530"
834,"80,182,528"
835,"215,317,334"
836,"69,170,199"
837,"334,340,374"
838,"4,182,528"
839,"528,529,530"
840,"29,376,455"
841,"374,529,530"
842,"3,200,455"
843,"528,529,530"
844,"528,529,530"
845,"364,529,530"
846,"528,529,530"
847,"313,346,455"
848,"247,355,456"
849,"405,529,530"
850,"528,529,530"
851,"313,529,530"
852,"100,194,200"
853,"168,196,528"
854,"271,337,355"
855,"315,529,530"
856,"187,241,419"
857,"187,241,430"
858,"364,529,530"
859,"160,528,529"
860,"29,528,529"
861,"528,529,530"
862,"528,529,530"
863,"528,529,530"
864,"122,528,529"
865,"135,281,430"
866,"301,455,459"
867,"528,529,530"
868,"108,301,455"
869,"528,529,530"
870,"108,124,241"
871,"204,215,334"
872,"100,194,200"
873,"528,529,530"
874,"214,216,482"
875,"44,128,528"
876,"122,528,529"
877,"40,368,529"
878,"170,270,529"
879,"29,67,455"
880,"301,364,530"
881,"8,206,528"
882,"187,241,376"
883,"528,529,530"
884,"44,45,455"
885,"128,200,245"
886,"25,199,245"
887,"528,529,530"
888,"528,529,530"
889,"16,259,528"
890,"313,330,455"
891,"528,529,530"
892,"240,528,529"
893,"11,528,529"
894,"313,529,530"
895,"340,529,530"
896,"40,220,368"
897,"528,529,530"
898,"204,215,334"
899,"128,170,179"
900,"528,529,530"
901,"100,194,200"
902,"160,313,529"
903,"40,368,529"
904,"528,529,530"
905,"528,529,530"
906,"405,455,457"
907,"8,235,360"
908,"528,529,530"
909,"241,468,514"
910,"25,220,242"
911,"376,397,530"
912,"10,24,182"
913,"95,514,524"
914,"128,323,524"
915,"528,529,530"
916,"528,529,530"
917,"528,529,530"
918,"207,301,340"
919,"528,529,530"
920,"528,529,530"
921,"204,401,419"
922,"113,200,419"
923,"528,529,530"
924,"83,135,315"
925,"528,529,530"
926,"45,419,529"
927,"313,346,498"
928,"100,194,200"
929,"518,529,530"
930,"67,89,455"
931,"100,503,529"
932,"528,529,530"
933,"67,528,529"
934,"117,270,323"
935,"128,179,328"
936,"528,529,530"
937,"301,529,530"
938,"528,529,530"
939,"528,529,530"
940,"459,529,530"
941,"67,128,455"
942,"528,529,530"
943,"141,300,529"
944,"4,182,528"
945,"528,529,530"
946,"8,206,455"
947,"528,529,530"
948,"247,528,529"
949,"528,529,530"
950,"179,409,455"
951,"83,323,419"
952,"528,529,530"
953,"444,529,530"
954,"405,529,530"
955,"458,482,530"
956,"409,529,530"
957,"247,323,419"
958,"419,529,530"
959,"10,323,529"
960,"528,529,530"
961,"199,278,483"
962,"128,129,528"
963,"528,529,530"
964,"67,129,528"
965,"313,346,530"
966,"64,323,524"
967,"214,372,529"
968,"528,529,530"
969,"528,529,530"
970,"315,374,530"
971,"528,529,530"
972,"528,529,530"
973,"528,529,530"
974,"25,528,529"
975,"271,361,372"
976,"8,206,528"
977,"141,315,529"
978,"187,241,528"
979,"117,374,425"
980,"297,529,530"
981,"2,8,405"
982,"194,200,340"
983,"528,529,530"
984,"528,529,530"
985,"135,315,513"
986,"528,529,530"
987,"40,100,368"
988,"528,529,530"
989,"194,528,529"
990,"187,241,480"
991,"135,242,359"
992,"528,529,530"
993,"452,529,530"
994,"528,529,530"
995,"179,366,444"
996,"204,215,315"
997,"40,368,529"
998,"301,529,530"
999,"204,215,315"
1000,"23,251,340"
1001,"108,301,455"
1002,"313,456,498"
1003,"255,528,529"
1004,"99,196,480"
1005,"128,170,223"
1006,"528,529,530"
1007,"39,216,370"
1008,"170,528,529"
1009,"528,529,530"
1010,"182,196,455"
1011,"455,529,530"
1012,"216,528,529"
1013,"64,323,524"
1014,"528,529,530"
1015,"297,418,530"
1016,"528,529,530"
1017,"41,224,339"
1018,"108,124,455"
1019,"271,340,361"
1020,"29,213,346"
1021,"25,220,242"
1022,"8,235,348"
1023,"23,251,455"
1024,"528,529,530"
1025,"67,241,528"
1026,"313,359,530"
1027,"291,444,530"
1028,"187,241,528"
1029,"528,529,530"
1030,"401,456,482"
1031,"1,528,529"
1032,"179,455,529"
1033,"214,372,529"
1034,"528,529,530"
1035,"528,529,530"
1036,"100,194,200"
1037,"291,422,444"
1038,"139,155,312"
1039,"528,529,530"
1040,"528,529,530"
1041,"313,529,530"
1042,"297,360,397"
1043,"179,199,425"
1044,"376,455,530"
1045,"528,529,530"
1046,"69,528,529"
1047,"69,170,313"
1048,"220,528,529"
1049,"528,529,530"
1050,"528,529,530"
1051,"528,529,530"
1052,"220,242,528"
1053,"528,529,530"
1054,"528,529,530"
1055,"83,241,405"
1056,"220,221,425"
1057,"330,529,530"
1058,"301,529,530"
1059,"140,301,529"
1060,"528,529,530"
1061,"207,301,459"
1062,"340,405,530"
1063,"425,497,513"
1064,"0,179,455"
1065,"135,340,382"
1066,"313,328,448"
1067,"89,528,529"
1068,"273,529,530"
1069,"73,160,334"
1070,"3,200,340"
1071,"418,425,430"
1072,"323,419,455"
1073,"8,206,482"
1074,"73,182,528"
1075,"528,529,530"
1076,"182,340,440"
1077,"4,29,182"
1078,"204,215,315"
1079,"528,529,530"
1080,"173,301,506"
1081,"528,529,530"
1082,"528,529,530"
1083,"10,182,528"
1084,"152,302,315"
1085,"355,456,524"
1086,"277,413,530"
1087,"528,529,530"
1088,"187,241,483"
1089,"182,315,529"
1090,"278,529,530"
1091,"419,529,530"
1092,"382,529,530"
1093,"296,529,530"
1094,"528,529,530"
1095,"179,456,482"
1096,"153,301,374"
1097,"528,529,530"
1098,"513,529,530"
1099,"83,135,405"
1100,"271,352,458"
1101,"2,271,280"
1102,"528,529,530"
1103,"241,402,529"
1104,"528,529,530"
1105,"382,529,530"
1106,"73,528,529"
1107,"128,129,528"
1108,"199,529,530"
1109,"199,529,530"
1110,"528,529,530"
1111,"8,206,528"
1112,"405,529,530"
1113,"340,529,530"
1114,"498,529,530"
1115,"160,196,359"
1116,"108,204,301"
1117,"340,349,530"
1118,"0,128,484"
1119,"135,374,518"
1120,"528,529,530"
1121,"140,194,343"
1122,"179,528,529"
1123,"340,455,530"
1124,"182,528,529"
1125,"199,343,359"
1126,"100,194,200"
1127,"64,323,524"
1128,"528,529,530"
1129,"271,360,366"
1130,"8,206,313"
1131,"128,528,529"
1132,"409,529,530"
1133,"214,216,524"
1134,"10,205,221"
1135,"69,497,529"
1136,"528,529,530"
1137,"170,405,498"
1138,"25,220,498"
1139,"199,529,530"
1140,"29,405,529"
1141,"301,529,530"
1142,"220,221,425"
1143,"199,444,530"
1144,"12,376,529"
1145,"528,529,530"
1146,"207,528,529"
1147,"29,98,280"
1148,"23,26,251"
1149,"194,200,301"
1150,"127,263,528"
1151,"528,529,530"
1152,"45,528,529"
1153,"128,220,455"
1154,"83,220,409"
1155,"121,181,514"
1156,"67,128,129"
1157,"241,405,444"
1158,"29,528,529"
1159,"514,529,530"
1160,"170,528,529"
1161,"4,187,241"
1162,"128,129,528"
1163,"498,529,530"
1164,"340,425,488"
1165,"251,366,529"
1166,"528,529,530"
1167,"528,529,530"
1168,"355,424,530"
1169,"245,528,529"
1170,"354,482,497"
1171,"528,529,530"
1172,"528,529,530"
1173,"187,196,241"
1174,"297,498,530"
1175,"187,241,528"
1176,"528,529,530"
1177,"409,425,498"
1178,"528,529,530"
1179,"528,529,530"
1180,"100,194,200"
1181,"2,223,476"
1182,"340,425,498"
1183,"29,520,529"
1184,"514,529,530"
1185,"247,528,529"
1186,"25,220,221"
1187,"528,529,530"
1188,"528,529,530"
1189,"170,359,529"
1190,"100,194,200"
1191,"135,170,455"
1192,"67,221,301"
1193,"315,529,530"
1194,"340,349,418"
1195,"273,529,530"
1196,"528,529,530"
1197,"152,302,315"
1198,"128,422,529"
1199,"121,181,528"
1200,"95,205,524"
1201,"528,529,530"
1202,"340,529,530"
1203,"340,529,530"
1204,"187,241,528"
1205,"528,529,530"
1206,"8,206,235"
1207,"273,280,340"
1208,"10,24,220"
1209,"528,529,530"
1210,"528,529,530"
1211,"69,170,199"
1212,"64,323,524"
1213,"25,194,199"
1214,"355,456,514"
1215,"10,24,454"
1216,"528,529,530"
1217,"340,436,530"
1218,"182,405,455"
1219,"25,528,529"
1220,"528,529,530"
1221,"8,221,425"
1222,"100,194,200"
1223,"374,455,530"
1224,"40,92,368"
1225,"11,69,315"
1226,"182,241,248"
1227,"528,529,530"
1228,"455,529,530"
1229,"528,529,530"
1230,"528,529,530"
1231,"528,529,530"
1232,"380,455,497"
1233,"528,529,530"
1234,"64,323,524"
1235,"140,334,340"
1236,"10,220,242"
1237,"528,529,530"
1238,"328,455,530"
1239,"528,529,530"
1240,"269,355,530"
1241,"29,194,200"
1242,"128,241,455"
1243,"430,529,530"
1244,"11,69,241"
1245,"269,355,409"
1246,"199,529,530"
1247,"382,529,530"
1248,"405,529,530"
1249,"179,223,455"
1250,"340,359,530"
1251,"64,323,524"
1252,"301,529,530"
1253,"47,215,315"
1254,"315,529,530"
1255,"67,80,372"
1256,"4,182,528"
1257,"271,280,355"
1258,"444,529,530"
1259,"269,355,530"
1260,"340,364,530"
1261,"528,529,530"
1262,"455,529,530"
1263,"528,529,530"
1264,"313,529,530"
1265,"528,529,530"
1266,"528,529,530"
1267,"8,206,340"
1268,"160,182,196"
1269,"528,529,530"
1270,"102,139,153"
1271,"10,80,313"
1272,"528,529,530"
1273,"528,529,530"
1274,"170,528,529"
1275,"528,529,530"
1276,"194,199,200"
1277,"173,340,455"
1278,"135,528,529"
1279,"16,528,529"
1280,"528,529,530"
1281,"528,529,530"
1282,"10,405,518"
1283,"528,529,530"
1284,"179,200,311"
1285,"194,364,455"
1286,"314,456,484"
1287,"528,529,530"
1288,"179,313,346"
1289,"376,529,530"
1290,"25,220,242"
1291,"528,529,530"
1292,"480,529,530"
1293,"455,529,530"
1294,"176,528,529"
1295,"182,528,529"
1296,"301,529,530"
1297,"528,529,530"
1298,"340,529,530"
1299,"187,241,455"
1300,"528,529,530"
1301,"251,528,529"
1302,"528,529,530"
1303,"290,340,530"
1304,"528,529,530"
1305,"100,503,529"
1306,"528,529,530"
1307,"199,529,530"
1308,"337,529,530"
1309,"41,528,529"
1310,"401,529,530"
1311,"382,529,530"
1312,"269,355,530"
1313,"29,313,529"
1314,"92,528,529"
1315,"168,199,417"
1316,"528,529,530"
1317,"340,430,530"
1318,"199,223,313"
1319,"56,455,529"
1320,"528,529,530"
1321,"10,24,25"
1322,"340,529,530"
1323,"528,529,530"
1324,"301,529,530"
1325,"528,529,530"
1326,"55,455,529"
1327,"25,220,528"
1328,"173,455,529"
1329,"340,455,530"
1330,"64,323,524"
1331,"528,529,530"
1332,"200,278,483"
1333,"29,196,366"
1334,"8,213,455"
1335,"108,301,364"
1336,"122,343,436"
1337,"10,220,242"
1338,"100,194,200"
1339,"528,529,530"
1340,"182,241,401"
1341,"83,528,529"
1342,"128,179,405"
1343,"528,529,530"
1344,"245,328,529"
1345,"128,488,529"
1346,"128,179,425"
1347,"528,529,530"
1348,"528,529,530"
1349,"140,170,419"
1350,"528,529,530"
1351,"247,528,529"
1352,"528,529,530"
1353,"313,346,530"
1354,"528,529,530"
1355,"45,360,455"
1356,"528,529,530"
1357,"187,301,343"
1358,"528,529,530"
1359,"73,340,529"
1360,"528,529,530"
1361,"528,529,530"
1362,"528,529,530"
1363,"170,528,529"
1364,"194,200,273"
1365,"25,199,349"
1366,"528,529,530"
1367,"310,529,530"
1368,"528,529,530"
1369,"528,529,530"
1370,"409,498,530"
1371,"528,529,530"
1372,"44,95,524"
1373,"45,528,529"
1374,"67,280,425"
1375,"10,11,221"
1376,"455,529,530"
1377,"69,170,179"
1378,"456,482,530"
1379,"528,529,530"
1380,"313,529,530"
1381,"8,206,528"
1382,"301,529,530"
1383,"182,194,200"
1384,"194,200,301"
1385,"374,430,530"
1386,"1,528,529"
1387,"26,340,529"
1388,"528,529,530"
1389,"528,529,530"
1390,"528,529,530"
1391,"216,314,484"
1392,"127,170,182"
1393,"41,241,487"
1394,"196,528,529"
1395,"528,529,530"
1396,"45,313,529"
1397,"269,313,355"
1398,"528,529,530"
1399,"67,170,436"
1400,"135,528,529"
1401,"170,528,529"
1402,"528,529,530"
1403,"83,116,315"
1404,"366,444,455"
1405,"199,323,444"
1406,"3,18,200"
1407,"528,529,530"
1408,"364,376,425"
1409,"108,301,419"
1410,"528,529,530"
1411,"251,340,359"
1412,"187,241,528"
1413,"10,83,528"
1414,"220,242,528"
1415,"166,221,419"
1416,"528,529,530"
1417,"528,529,530"
1418,"3,200,455"
1419,"220,269,355"
1420,"430,529,530"
1421,"528,529,530"
1422,"215,315,494"
1423,"23,26,251"
1424,"528,529,530"
1425,"528,529,530"
1426,"273,529,530"
1427,"251,528,529"
1428,"12,160,528"
1429,"528,529,530"
1430,"10,45,221"
1431,"69,315,455"
1432,"313,529,530"
1433,"528,529,530"
1434,"214,323,524"
1435,"64,323,524"
1436,"99,170,528"
1437,"360,397,458"
1438,"528,529,530"
1439,"270,405,530"
1440,"200,340,455"
1441,"301,459,530"
1442,"337,513,530"
1443,"528,529,530"
1444,"301,455,530"
1445,"121,181,528"
1446,"67,528,529"
1447,"405,529,530"
1448,"405,430,524"
1449,"528,529,530"
1450,"269,280,355"
1451,"267,340,405"
1452,"69,419,430"
1453,"528,529,530"
1454,"25,382,529"
1455,"160,359,529"
1456,"4,67,340"
1457,"29,528,529"
1458,"187,241,528"
1459,"528,529,530"
1460,"16,196,204"
1461,"528,529,530"
1462,"128,129,528"
1463,"313,529,530"
1464,"528,529,530"
1465,"128,247,405"
1466,"179,280,488"
1467,"41,135,199"
1468,"8,206,455"
1469,"196,514,529"
1470,"528,529,530"
1471,"187,241,528"
1472,"340,372,482"
1473,"528,529,530"
1474,"108,301,529"
1475,"528,529,530"
1476,"168,216,370"
1477,"4,182,455"
1478,"160,269,355"
1479,"430,455,530"
1480,"528,529,530"
1481,"455,529,530"
1482,"528,529,530"
1483,"247,269,355"
1484,"49,528,529"
1485,"100,194,200"
1486,"340,480,530"
1487,"528,529,530"
1488,"528,529,530"
1489,"40,368,529"
1490,"528,529,530"
1491,"528,529,530"
1492,"67,528,529"
1493,"280,360,409"
1494,"528,529,530"
1495,"405,529,530"
1496,"528,529,530"
1497,"528,529,530"
1498,"528,529,530"
1499,"40,368,444"
1500,"25,528,529"
1501,"247,301,529"
1502,"528,529,530"
1503,"25,220,425"
1504,"187,241,528"
1505,"528,529,530"
1506,"179,405,529"
1507,"216,280,355"
1508,"528,529,530"
1509,"213,400,529"
1510,"278,529,530"
1511,"215,494,529"
1512,"528,529,530"
1513,"8,206,498"
1514,"187,241,528"
1515,"108,301,529"
1516,"73,128,301"
1517,"498,529,530"
1518,"528,529,530"
1519,"194,340,529"
1520,"204,215,315"
1521,"528,529,530"
1522,"45,528,529"
1523,"498,529,530"
1524,"528,529,530"
1525,"11,69,528"
1526,"49,528,529"
1527,"528,529,530"
1528,"405,480,497"
1529,"448,529,530"
1530,"518,529,530"
1531,"25,498,529"
1532,"45,430,455"
1533,"528,529,530"
1534,"12,456,488"
1535,"25,528,529"
1536,"170,179,405"
1537,"16,170,204"
1538,"179,528,529"
1539,"528,529,530"
1540,"29,528,529"
1541,"182,199,444"
1542,"364,529,530"
1543,"315,340,455"
1544,"121,181,528"
1545,"128,528,529"
1546,"528,529,530"
1547,"419,529,530"
1548,"67,438,455"
1549,"10,313,455"
1550,"528,529,530"
1551,"528,529,530"
1552,"204,215,315"
1553,"528,529,530"
1554,"528,529,530"
1555,"528,529,530"
1556,"199,387,455"
1557,"173,528,529"
1558,"25,528,529"
1559,"528,529,530"
1560,"296,340,405"
1561,"45,528,529"
1562,"528,529,530"
1563,"419,529,530"
1564,"83,528,529"
1565,"528,529,530"
1566,"313,529,530"
1567,"269,355,376"
1568,"528,529,530"
1569,"8,206,405"
1570,"313,485,524"
1571,"44,73,405"
1572,"187,528,529"
1573,"296,529,530"
1574,"83,528,529"
1575,"10,83,242"
1576,"498,529,530"
1577,"528,529,530"
1578,"128,129,528"
1579,"2,223,455"
1580,"528,529,530"
1581,"528,529,530"
1582,"528,529,530"
1583,"459,529,530"
1584,"337,340,530"
1585,"139,343,498"
1586,"199,529,530"
1587,"194,200,301"
1588,"528,529,530"
1589,"204,215,315"
1590,"179,187,241"
1591,"187,241,313"
1592,"170,199,529"
1593,"245,528,529"
1594,"528,529,530"
1595,"170,498,529"
1596,"179,528,529"
1597,"528,529,530"
1598,"301,529,530"
1599,"19,44,528"
1600,"528,529,530"
1601,"187,241,340"
1602,"444,529,530"
1603,"10,11,205"
1604,"528,529,530"
1605,"127,263,528"
1606,"41,247,487"
1607,"405,529,530"
1608,"170,301,529"
1609,"16,528,529"
1610,"49,455,529"
1611,"528,529,530"
1612,"528,529,530"
1613,"528,529,530"
1614,"528,529,530"
1615,"340,364,530"
1616,"271,361,372"
1617,"29,251,455"
1618,"340,529,530"
1619,"25,220,528"
1620,"194,199,200"
1621,"199,259,529"
1622,"199,281,530"
1623,"38,139,296"
1624,"455,513,520"
1625,"528,529,530"
1626,"280,425,530"
1627,"528,529,530"
1628,"215,334,455"
1629,"40,368,529"
1630,"340,529,530"
1631,"10,376,397"
1632,"10,405,484"
1633,"455,529,530"
1634,"64,323,524"
1635,"528,529,530"
1636,"99,528,529"
1637,"355,409,455"
1638,"459,529,530"
1639,"10,11,221"
1640,"199,480,530"
1641,"182,430,514"
1642,"528,529,530"
1643,"528,529,530"
1644,"528,529,530"
1645,"214,528,529"
1646,"528,529,530"
1647,"528,529,530"
1648,"528,529,530"
1649,"528,529,530"
1650,"528,529,530"
1651,"280,340,425"
1652,"528,529,530"
1653,"179,528,529"
1654,"194,301,459"
1655,"255,528,529"
1656,"49,194,528"
1657,"25,69,140"
1658,"100,194,200"
1659,"313,529,530"
1660,"25,528,529"
1661,"200,337,340"
1662,"160,528,529"
1663,"245,528,529"
1664,"4,182,528"
1665,"45,313,524"
1666,"140,301,529"
1667,"128,355,456"
1668,"113,528,529"
1669,"92,528,529"
1670,"179,340,359"
1671,"11,73,204"
1672,"528,529,530"
1673,"340,529,530"
1674,"528,529,530"
1675,"67,528,529"
1676,"179,271,498"
1677,"73,199,456"
1678,"313,346,530"
1679,"270,529,530"
1680,"528,529,530"
1681,"394,400,488"
1682,"8,206,430"
1683,"255,455,529"
1684,"255,528,529"
1685,"455,529,530"
1686,"108,301,340"
1687,"3,200,430"
1688,"100,503,529"
1689,"247,528,529"
1690,"528,529,530"
1691,"528,529,530"
1692,"199,529,530"
1693,"340,529,530"
1694,"458,480,484"
1695,"243,334,406"
1696,"220,376,425"
1697,"313,346,530"
1698,"73,182,340"
1699,"528,529,530"
1700,"11,12,528"
1701,"196,301,405"
1702,"459,529,530"
1703,"214,340,372"
1704,"10,221,419"
1705,"430,529,530"
1706,"301,529,530"
1707,"216,280,422"
1708,"528,529,530"
1709,"528,529,530"
1710,"12,364,529"
1711,"8,216,235"
1712,"328,529,530"
1713,"29,311,529"
1714,"41,56,513"
1715,"170,498,529"
1716,"430,529,530"
1717,"173,179,498"
1718,"170,405,529"
1719,"528,529,530"
1720,"40,245,405"
1721,"528,529,530"
1722,"528,529,530"
1723,"23,220,251"
1724,"528,529,530"
1725,"220,528,529"
1726,"67,179,514"
1727,"528,529,530"
1728,"187,241,528"
1729,"493,529,530"
1730,"187,241,340"
1731,"10,323,529"
1732,"170,528,529"
1733,"528,529,530"
1734,"187,241,528"
1735,"271,363,498"
1736,"528,529,530"
1737,"140,221,340"
1738,"528,529,530"
1739,"528,529,530"
1740,"48,528,529"
1741,"528,529,530"
1742,"216,528,529"
1743,"2,199,216"
1744,"29,528,529"
1745,"528,529,530"
1746,"273,529,530"
1747,"108,301,456"
1748,"280,438,455"
1749,"80,172,448"
1750,"187,241,430"
1751,"290,529,530"
1752,"179,528,529"
1753,"455,456,498"
1754,"528,529,530"
1755,"199,529,530"
1756,"455,529,530"
1757,"528,529,530"
1758,"313,346,530"
1759,"67,196,514"
1760,"528,529,530"
1761,"528,529,530"
1762,"313,529,530"
1763,"25,340,529"
1764,"25,220,221"
1765,"528,529,530"
1766,"152,301,459"
1767,"360,456,482"
1768,"51,528,529"
1769,"223,528,529"
1770,"340,529,530"
1771,"8,235,528"
1772,"182,313,485"
1773,"76,528,529"
1774,"528,529,530"
1775,"41,199,529"
1776,"64,323,524"
1777,"340,529,530"
1778,"528,529,530"
1779,"108,301,459"
1780,"196,199,343"
1781,"160,223,528"
1782,"179,271,280"
1783,"528,529,530"
1784,"128,528,529"
1785,"170,528,529"
1786,"528,529,530"
1787,"10,24,313"
1788,"528,529,530"
1789,"528,529,530"
1790,"160,528,529"
1791,"220,242,364"
1792,"67,196,401"
1793,"528,529,530"
1794,"528,529,530"
1795,"128,199,254"
1796,"23,26,251"
1797,"25,528,529"
1798,"528,529,530"
1799,"528,529,530"
1800,"528,529,530"
1801,"113,179,528"
1802,"187,241,528"
1803,"73,455,529"
1804,"114,182,528"
1805,"235,528,529"
1806,"196,200,273"
1807,"405,529,530"
1808,"194,340,506"
1809,"528,529,530"
1810,"405,454,530"
1811,"108,301,529"
1812,"528,529,530"
1813,"10,220,221"
1814,"452,529,530"
1815,"455,529,530"
1816,"187,340,529"
1817,"419,529,530"
1818,"528,529,530"
1819,"528,529,530"
1820,"69,128,129"
1821,"528,529,530"
1822,"100,194,200"
1823,"128,129,251"
1824,"528,529,530"
1825,"528,529,530"
1826,"67,498,529"
1827,"220,323,524"
1828,"194,455,459"
1829,"528,529,530"
1830,"528,529,530"
1831,"199,254,455"
1832,"314,529,530"
1833,"340,513,530"
1834,"170,229,452"
1835,"313,346,530"
1836,"187,241,528"
1837,"528,529,530"
1838,"528,529,530"
1839,"528,529,530"
1840,"528,529,530"
1841,"528,529,530"
1842,"270,529,530"
1843,"194,200,405"
1844,"357,360,455"
1845,"44,83,220"
1846,"528,529,530"
1847,"528,529,530"
1848,"355,405,456"
1849,"528,529,530"
1850,"16,364,529"
1851,"455,529,530"
1852,"528,529,530"
1853,"122,140,215"
1854,"204,215,315"
1855,"528,529,530"
1856,"8,206,280"
1857,"128,182,528"
1858,"41,201,317"
1859,"270,529,530"
1860,"455,529,530"
1861,"315,343,374"
1862,"313,355,456"
1863,"436,455,530"
1864,"200,340,518"
1865,"135,247,528"
1866,"8,235,458"
1867,"29,528,529"
1868,"528,529,530"
1869,"8,206,528"
1870,"528,529,530"
1871,"313,366,397"
1872,"199,514,530"
1873,"216,340,349"
1874,"528,529,530"
1875,"313,529,530"
1876,"128,179,328"
1877,"45,528,529"
1878,"528,529,530"
1879,"355,455,456"
1880,"216,355,456"
1881,"199,529,530"
1882,"10,11,221"
1883,"528,529,530"
1884,"187,199,529"
1885,"528,529,530"
1886,"528,529,530"
1887,"528,529,530"
1888,"204,215,334"
1889,"340,529,530"
1890,"514,529,530"
1891,"16,204,528"
1892,"313,359,455"
1893,"220,498,529"
1894,"64,323,524"
1895,"8,206,360"
1896,"528,529,530"
1897,"23,26,251"
1898,"528,529,530"
1899,"247,269,355"
1900,"374,529,530"
1901,"3,200,340"
1902,"515,529,530"
1903,"51,301,455"
1904,"10,11,221"
1905,"528,529,530"
1906,"456,482,530"
1907,"340,529,530"
1908,"200,340,405"
1909,"4,311,364"
1910,"405,529,530"
1911,"220,221,528"
1912,"315,366,455"
1913,"436,529,530"
1914,"204,215,315"
1915,"271,280,455"
1916,"364,529,530"
1917,"313,355,498"
1918,"359,497,530"
1919,"45,199,259"
1920,"528,529,530"
1921,"64,323,524"
1922,"67,514,518"
1923,"113,528,529"
1924,"100,194,200"
1925,"4,182,528"
1926,"4,182,334"
1927,"280,355,455"
1928,"170,337,529"
1929,"301,529,530"
1930,"528,529,530"
1931,"128,129,528"
1932,"271,314,340"
1933,"69,528,529"
1934,"220,242,528"
1935,"528,529,530"
1936,"199,529,530"
1937,"127,263,528"
1938,"301,340,530"
1939,"128,359,405"
1940,"528,529,530"
1941,"220,328,529"
1942,"269,355,456"
1943,"357,498,530"
1944,"328,514,530"
1945,"405,529,530"
1946,"528,529,530"
1947,"165,528,529"
1948,"220,498,529"
1949,"11,69,528"
1950,"528,529,530"
1951,"528,529,530"
1952,"182,187,241"
1953,"160,528,529"
1954,"220,221,241"
1955,"100,194,200"
1956,"528,529,530"
1957,"528,529,530"
1958,"528,529,530"
1959,"340,359,409"
1960,"179,528,529"
1961,"528,529,530"
1962,"25,528,529"
1963,"301,529,530"
1964,"528,529,530"
1965,"291,444,530"
1966,"12,528,529"
1967,"528,529,530"
1968,"528,529,530"
1969,"376,397,409"
1970,"69,528,529"
1971,"10,24,454"
1972,"10,220,221"
1973,"168,382,529"
1974,"220,221,455"
1975,"280,458,498"
1976,"271,355,455"
1977,"278,483,530"
1978,"409,425,488"
1979,"8,206,498"
1980,"528,529,530"
1981,"528,529,530"
1982,"25,528,529"
1983,"528,529,530"
1984,"8,235,528"
1985,"204,215,315"
1986,"413,529,530"
1987,"247,355,456"
1988,"40,368,529"
1989,"25,220,528"
1990,"330,452,530"
1991,"313,376,530"
1992,"405,529,530"
1993,"528,529,530"
1994,"315,529,530"
1995,"528,529,530"
1996,"73,528,529"
1997,"199,529,530"
1998,"67,444,529"
1999,"128,528,529"
2000,"8,235,360"
2001,"528,529,530"
2002,"100,194,200"
2003,"67,528,529"
2004,"187,241,263"
2005,"199,223,529"
2006,"67,182,196"
2007,"528,529,530"
2008,"245,528,529"
2009,"419,529,530"
2010,"528,529,530"
2011,"128,199,216"
2012,"64,323,524"
2013,"269,280,355"
2014,"340,360,455"
2015,"8,206,498"
2016,"83,199,340"
2017,"135,182,419"
2018,"528,529,530"
2019,"25,220,221"
2020,"528,529,530"
2021,"528,529,530"
2022,"301,340,530"
2023,"357,529,530"
2024,"40,194,200"
2025,"160,187,241"
2026,"301,529,530"
2027,"23,26,251"
2028,"179,528,529"
2029,"12,455,529"
2030,"40,359,368"
2031,"528,529,530"
2032,"199,223,498"
2033,"528,529,530"
2034,"194,200,315"
2035,"343,436,530"
2036,"528,529,530"
2037,"3,5,200"
2038,"187,241,459"
2039,"528,529,530"
2040,"179,528,529"
2041,"187,241,301"
2042,"528,529,530"
2043,"179,340,359"
2044,"179,212,497"
2045,"528,529,530"
2046,"247,455,518"
2047,"459,529,530"
2048,"95,205,524"
2049,"528,529,530"
2050,"313,529,530"
2051,"199,529,530"
2052,"417,529,530"
2053,"83,135,528"
2054,"528,529,530"
2055,"187,241,430"
2056,"170,528,529"
2057,"179,409,455"
2058,"83,247,528"
2059,"340,366,455"
2060,"528,529,530"
2061,"140,340,455"
2062,"528,529,530"
2063,"44,45,528"
2064,"528,529,530"
2065,"455,529,530"
2066,"25,436,529"
2067,"528,529,530"
2068,"528,529,530"
2069,"49,528,529"
2070,"25,528,529"
2071,"3,69,200"
2072,"518,529,530"
2073,"168,528,529"
2074,"100,194,200"
2075,"364,468,530"
2076,"528,529,530"
2077,"528,529,530"
2078,"170,528,529"
2079,"528,529,530"
2080,"199,313,366"
2081,"160,528,529"
2082,"67,444,455"
2083,"2,480,529"
2084,"182,300,311"
2085,"199,529,530"
2086,"259,528,529"
2087,"340,513,530"
2088,"528,529,530"
2089,"269,355,425"
2090,"528,529,530"
2091,"179,366,515"
2092,"301,340,530"
2093,"223,366,480"
2094,"459,529,530"
2095,"8,235,444"
2096,"313,314,530"
2097,"340,529,530"
2098,"528,529,530"
2099,"528,529,530"
2100,"8,206,455"
2101,"170,194,200"
2102,"340,529,530"
2103,"135,518,529"
2104,"64,323,524"
2105,"128,179,405"
2106,"528,529,530"
2107,"170,528,529"
2108,"528,529,530"
2109,"528,529,530"
2110,"528,529,530"
2111,"100,194,200"
2112,"214,455,482"
2113,"187,204,241"
2114,"528,529,530"
2115,"269,355,425"
2116,"528,529,530"
2117,"187,241,488"
2118,"44,73,528"
2119,"455,529,530"
2120,"220,313,357"
2121,"350,355,456"
2122,"40,368,529"
2123,"528,529,530"
2124,"1,323,345"
2125,"49,528,529"
2126,"528,529,530"
2127,"108,204,301"
2128,"397,458,498"
2129,"182,199,529"
2130,"11,69,528"
2131,"528,529,530"
2132,"187,241,528"
2133,"29,528,529"
2134,"124,243,334"
2135,"528,529,530"
2136,"409,529,530"
2137,"10,24,454"
2138,"140,528,529"
2139,"528,529,530"
2140,"29,301,529"
2141,"40,368,529"
2142,"528,529,530"
2143,"528,529,530"
2144,"49,528,529"
2145,"528,529,530"
2146,"452,529,530"
2147,"8,528,529"
2148,"25,220,242"
2149,"349,418,530"
2150,"528,529,530"
2151,"528,529,530"
2152,"194,200,301"
2153,"376,397,530"
2154,"355,405,456"
2155,"301,340,530"
2156,"69,528,529"
2157,"1,221,323"
2158,"528,529,530"
2159,"39,67,528"
2160,"528,529,530"
2161,"113,528,529"
2162,"220,221,528"
2163,"182,340,405"
2164,"84,160,468"
2165,"528,529,530"
2166,"25,220,242"
2167,"528,529,530"
2168,"204,528,529"
2169,"323,419,530"
2170,"280,313,456"
2171,"430,529,530"
2172,"166,221,419"
2173,"528,529,530"
2174,"8,206,528"
2175,"528,529,530"
2176,"204,215,334"
2177,"528,529,530"
2178,"528,529,530"
2179,"45,200,340"
2180,"436,529,530"
2181,"92,168,194"
2182,"528,529,530"
2183,"355,405,456"
2184,"291,313,444"
2185,"108,173,301"
2186,"127,480,529"
2187,"315,529,530"
2188,"528,529,530"
2189,"69,278,483"
2190,"170,528,529"
2191,"83,405,529"
2192,"8,69,206"
2193,"16,200,204"
2194,"271,355,530"
2195,"179,223,340"
2196,"444,529,530"
2197,"241,315,401"
2198,"45,220,242"
2199,"194,199,200"
2200,"204,419,529"
2201,"280,355,456"
2202,"113,187,241"
2203,"170,528,529"
2204,"455,529,530"
2205,"528,529,530"
2206,"528,529,530"
2207,"271,425,482"
2208,"45,313,346"
2209,"528,529,530"
2210,"528,529,530"
2211,"179,455,498"
2212,"108,196,301"
2213,"528,529,530"
2214,"528,529,530"
2215,"179,430,498"
2216,"340,529,530"
2217,"405,529,530"
2218,"220,242,528"
2219,"493,529,530"
2220,"25,528,529"
2221,"40,368,529"
2222,"374,529,530"
2223,"313,366,397"
2224,"80,313,529"
2225,"4,182,418"
2226,"2,483,529"
2227,"25,220,242"
2228,"8,204,206"
2229,"2,360,455"
2230,"528,529,530"
2231,"220,242,498"
2232,"528,529,530"
2233,"29,55,456"
2234,"528,529,530"
2235,"128,220,528"
2236,"25,425,529"
2237,"355,405,456"
2238,"10,24,498"
2239,"8,235,340"
2240,"247,528,529"
2241,"405,529,530"
2242,"4,182,340"
2243,"528,529,530"
2244,"64,323,524"
2245,"45,444,529"
2246,"528,529,530"
2247,"25,29,376"
2248,"528,529,530"
2249,"448,529,530"
2250,"160,528,529"
2251,"73,528,529"
2252,"528,529,530"
2253,"25,220,221"
2254,"215,315,430"
2255,"11,69,528"
2256,"69,168,200"
2257,"8,235,452"
2258,"179,271,280"
2259,"10,220,221"
2260,"528,529,530"
2261,"16,204,528"
2262,"528,529,530"
2263,"528,529,530"
2264,"212,254,497"
2265,"419,529,530"
2266,"199,529,530"
2267,"528,529,530"
2268,"212,449,497"
2269,"528,529,530"
2270,"270,529,530"
2271,"69,179,405"
2272,"382,430,530"
2273,"359,364,459"
2274,"528,529,530"
2275,"405,529,530"
2276,"45,528,529"
2277,"528,529,530"
2278,"528,529,530"
2279,"256,405,444"
2280,"2,366,513"
2281,"528,529,530"
2282,"301,337,343"
2283,"528,529,530"
2284,"296,405,530"
2285,"340,529,530"
2286,"3,5,200"
2287,"173,301,529"
2288,"166,221,311"
2289,"220,242,528"
2290,"528,529,530"
2291,"528,529,530"
2292,"172,528,529"
2293,"430,529,530"
2294,"528,529,530"
2295,"10,221,528"
2296,"25,160,220"
2297,"194,200,455"
2298,"25,455,529"
2299,"528,529,530"
2300,"313,346,409"
2301,"204,215,334"
2302,"528,529,530"
2303,"374,401,455"
2304,"187,199,405"
2305,"528,529,530"
2306,"455,529,530"
2307,"204,215,334"
2308,"247,355,456"
2309,"528,529,530"
2310,"8,220,313"
2311,"8,235,278"
2312,"100,194,200"
2313,"199,529,530"
2314,"25,83,528"
2315,"25,128,528"
2316,"128,129,313"
2317,"92,199,349"
2318,"10,24,425"
2319,"269,355,409"
2320,"4,182,204"
2321,"69,170,199"
2322,"179,247,528"
2323,"480,484,497"
2324,"444,480,530"
2325,"179,528,529"
2326,"2,476,480"
2327,"29,528,529"
2328,"83,528,529"
2329,"301,334,436"
2330,"528,529,530"
2331,"455,529,530"
2332,"340,405,530"
2333,"45,528,529"
2334,"216,370,529"
2335,"29,528,529"
2336,"302,315,334"
2337,"220,430,498"
2338,"418,529,530"
2339,"4,182,301"
2340,"204,215,315"
2341,"313,529,530"
2342,"340,529,530"
2343,"25,455,529"
2344,"528,529,530"
2345,"113,243,334"
2346,"455,529,530"
2347,"10,24,454"
2348,"4,29,340"
2349,"160,374,529"
2350,"80,448,524"
2351,"45,221,419"
2352,"271,301,352"
2353,"10,24,220"
2354,"269,355,480"
2355,"11,69,455"
2356,"340,529,530"
2357,"29,170,214"
2358,"528,529,530"
2359,"25,528,529"
2360,"273,297,530"
2361,"220,313,455"
2362,"340,366,397"
2363,"29,41,339"
2364,"100,194,200"
2365,"528,529,530"
2366,"220,242,376"
2367,"67,528,529"
2368,"528,529,530"
2369,"528,529,530"
2370,"528,529,530"
2371,"528,529,530"
2372,"100,194,200"
2373,"220,221,242"
2374,"128,220,221"
2375,"67,528,529"
2376,"182,196,340"
2377,"340,376,397"
2378,"528,529,530"
2379,"313,366,397"
2380,"213,482,488"
2381,"1,340,418"
2382,"528,529,530"
2383,"182,312,529"
2384,"100,322,405"
2385,"51,194,200"
2386,"16,204,528"
2387,"182,196,199"
2388,"313,376,397"
2389,"170,199,251"
2390,"182,301,388"
2391,"160,221,419"
2392,"170,334,406"
2393,"182,301,455"
2394,"160,334,406"
2395,"528,529,530"
2396,"25,528,529"
2397,"448,529,530"
2398,"528,529,530"
2399,"29,340,374"
2400,"10,24,454"
2401,"49,455,529"
2402,"528,529,530"
2403,"2,425,449"
2404,"12,108,301"
2405,"528,529,530"
2406,"155,194,248"
2407,"10,11,221"
2408,"528,529,530"
2409,"44,45,73"
2410,"514,529,530"
2411,"128,528,529"
2412,"179,397,458"
2413,"296,529,530"
2414,"340,529,530"
2415,"16,382,513"
2416,"247,330,334"
2417,"528,529,530"
2418,"528,529,530"
2419,"323,419,530"
2420,"199,241,311"
2421,"528,529,530"
2422,"528,529,530"
2423,"100,194,200"
2424,"528,529,530"
2425,"64,323,524"
2426,"182,301,310"
2427,"23,26,251"
2428,"528,529,530"
2429,"506,529,530"
2430,"67,468,529"
2431,"128,129,247"
2432,"214,216,528"
2433,"340,430,530"
2434,"480,529,530"
2435,"41,224,339"
2436,"196,199,529"
2437,"528,529,530"
2438,"182,330,529"
2439,"196,528,529"
2440,"12,528,529"
2441,"8,206,455"
2442,"528,529,530"
2443,"528,529,530"
2444,"528,529,530"
2445,"528,529,530"
2446,"528,529,530"
2447,"528,529,530"
2448,"128,220,340"
2449,"25,67,220"
2450,"340,455,530"
2451,"355,405,456"
2452,"179,528,529"
2453,"170,179,528"
2454,"528,529,530"
2455,"0,340,484"
2456,"128,129,528"
2457,"528,529,530"
2458,"196,528,529"
2459,"11,69,221"
2460,"194,199,200"
2461,"45,357,448"
2462,"166,221,301"
2463,"455,529,530"
2464,"25,528,529"
2465,"179,337,340"
2466,"255,528,529"
2467,"170,528,529"
2468,"25,220,242"
2469,"528,529,530"
2470,"64,323,524"
2471,"220,242,528"
2472,"160,334,406"
2473,"3,18,200"
2474,"313,315,346"
2475,"296,428,452"
2476,"100,194,200"
2477,"528,529,530"
2478,"182,199,529"
2479,"405,529,530"
2480,"173,518,529"
2481,"528,529,530"
2482,"436,529,530"
2483,"528,529,530"
2484,"405,529,530"
2485,"25,199,458"
2486,"179,405,497"
2487,"340,393,425"
2488,"64,323,524"
2489,"528,529,530"
2490,"67,194,241"
2491,"247,355,455"
2492,"387,409,438"
2493,"8,206,405"
2494,"128,497,498"
2495,"216,221,241"
2496,"41,194,200"
2497,"67,182,528"
2498,"139,187,241"
2499,"480,529,530"
2500,"140,170,528"
2501,"207,301,364"
2502,"528,529,530"
2503,"16,313,340"
2504,"40,368,529"
2505,"128,355,456"
2506,"92,128,455"
2507,"301,340,530"
2508,"140,199,220"
2509,"2,449,497"
2510,"135,334,406"
2511,"182,409,529"
2512,"271,280,361"
2513,"128,129,405"
2514,"455,529,530"
2515,"69,187,241"
2516,"313,529,530"
2517,"528,529,530"
2518,"83,182,528"
2519,"528,529,530"
2520,"29,220,455"
2521,"455,529,530"
2522,"45,173,455"
2523,"528,529,530"
2524,"12,67,359"
2525,"355,456,458"
2526,"67,528,529"
2527,"25,528,529"
2528,"528,529,530"
2529,"8,206,528"
2530,"255,528,529"
2531,"220,328,529"
2532,"8,206,458"
2533,"199,529,530"
2534,"313,346,530"
2535,"139,528,529"
2536,"179,301,458"
2537,"1,528,529"
2538,"83,528,529"
2539,"528,529,530"
2540,"187,241,376"
2541,"528,529,530"
2542,"350,529,530"
2543,"168,528,529"
2544,"213,313,400"
2545,"40,368,529"
2546,"360,397,530"
2547,"83,187,401"
2548,"340,455,530"
2549,"528,529,530"
2550,"199,374,436"
2551,"528,529,530"
2552,"199,455,530"
2553,"528,529,530"
2554,"12,128,528"
2555,"267,301,467"
2556,"187,241,524"
2557,"528,529,530"
2558,"528,529,530"
2559,"340,430,455"
2560,"83,323,524"
2561,"528,529,530"
2562,"436,455,530"
2563,"179,311,488"
2564,"376,425,430"
2565,"10,323,529"
2566,"528,529,530"
2567,"25,405,529"
2568,"256,359,512"
2569,"220,221,425"
2570,"271,280,348"
2571,"45,528,529"
2572,"108,204,301"
2573,"270,366,530"
2574,"528,529,530"
2575,"528,529,530"
2576,"108,157,301"
2577,"297,405,530"
2578,"172,194,200"
2579,"100,181,503"
2580,"2,405,458"
2581,"220,242,528"
2582,"269,355,488"
2583,"73,160,528"
2584,"528,529,530"
2585,"300,529,530"
2586,"528,529,530"
2587,"45,455,529"
2588,"56,528,529"
2589,"25,528,529"
2590,"301,529,530"
2591,"528,529,530"
2592,"528,529,530"
2593,"528,529,530"
2594,"528,529,530"
2595,"199,529,530"
2596,"405,529,530"
2597,"328,529,530"
2598,"215,301,494"
2599,"8,206,220"
2600,"182,528,529"
2601,"1,366,476"
2602,"128,528,529"
2603,"528,529,530"
2604,"3,18,200"
2605,"269,355,456"
2606,"280,529,530"
2607,"528,529,530"
2608,"514,529,530"
2609,"528,529,530"
2610,"313,529,530"
2611,"179,196,409"
2612,"405,529,530"
2613,"44,73,528"
2614,"528,529,530"
2615,"528,529,530"
2616,"160,405,430"
2617,"313,529,530"
2618,"269,355,456"
2619,"528,529,530"
2620,"315,323,524"
2621,"26,172,409"
2622,"315,323,530"
2623,"16,45,528"
2624,"67,157,340"
2625,"223,340,360"
2626,"187,241,528"
2627,"528,529,530"
2628,"405,529,530"
2629,"528,529,530"
2630,"45,528,529"
2631,"213,313,346"
2632,"528,529,530"
2633,"528,529,530"
2634,"255,374,529"
2635,"160,528,529"
2636,"249,484,529"
2637,"364,529,530"
2638,"528,529,530"
2639,"455,529,530"
2640,"528,529,530"
2641,"40,368,529"
2642,"83,135,528"
2643,"528,529,530"
2644,"196,405,529"
2645,"528,529,530"
2646,"170,405,529"
2647,"108,301,388"
2648,"455,529,530"
2649,"269,355,530"
2650,"528,529,530"
2651,"528,529,530"
2652,"80,187,241"
2653,"528,529,530"
2654,"1,528,529"
2655,"528,529,530"
2656,"40,368,529"
2657,"114,182,528"
2658,"364,529,530"
2659,"220,242,528"
2660,"160,528,529"
2661,"10,528,529"
2662,"528,529,530"
2663,"528,529,530"
2664,"528,529,530"
2665,"128,129,455"
2666,"4,182,528"
2667,"108,204,301"
2668,"528,529,530"
2669,"528,529,530"
2670,"25,128,528"
2671,"528,529,530"
2672,"29,182,455"
2673,"220,458,520"
2674,"11,45,73"
2675,"528,529,530"
2676,"40,368,529"
2677,"69,135,200"
2678,"182,528,529"
2679,"45,200,405"
2680,"223,269,355"
2681,"179,213,444"
2682,"355,405,456"
2683,"108,301,529"
2684,"2,366,372"
2685,"528,529,530"
2686,"271,361,455"
2687,"160,170,199"
2688,"528,529,530"
2689,"528,529,530"
2690,"430,529,530"
2691,"223,528,529"
2692,"40,368,529"
2693,"241,406,494"
2694,"187,241,528"
2695,"528,529,530"
2696,"528,529,530"
2697,"64,323,524"
2698,"374,529,530"
2699,"241,406,494"
2700,"41,224,339"
2701,"8,301,340"
2702,"10,220,221"
2703,"4,182,528"
2704,"135,273,529"
2705,"528,529,530"
2706,"528,529,530"
2707,"273,529,530"
2708,"8,206,528"
2709,"215,313,494"
2710,"182,364,529"
2711,"528,529,530"
2712,"2,128,179"
2713,"44,214,221"
2714,"401,529,530"
2715,"311,529,530"
2716,"8,235,340"
2717,"528,529,530"
2718,"179,337,529"
2719,"41,199,201"
2720,"67,323,524"
2721,"29,128,528"
2722,"179,214,216"
2723,"127,179,263"
2724,"49,297,529"
2725,"280,340,409"
2726,"207,301,459"
2727,"528,529,530"
2728,"25,220,242"
2729,"179,528,529"
2730,"215,494,529"
2731,"438,529,530"
2732,"204,215,315"
2733,"83,200,405"
2734,"255,323,529"
2735,"59,95,524"
2736,"455,529,530"
2737,"374,459,530"
2738,"528,529,530"
2739,"25,220,528"
2740,"67,135,374"
2741,"220,444,529"
2742,"139,141,528"
2743,"528,529,530"
2744,"16,528,529"
2745,"420,529,530"
2746,"10,270,455"
2747,"528,529,530"
2748,"40,368,529"
2749,"173,528,529"
2750,"80,528,529"
2751,"45,528,529"
2752,"455,529,530"
2753,"99,528,529"
2754,"528,529,530"
2755,"25,436,455"
2756,"271,280,530"
2757,"364,529,530"
2758,"25,220,221"
2759,"10,25,514"
2760,"100,194,200"
2761,"8,206,249"
2762,"124,243,334"
2763,"220,221,528"
2764,"172,196,340"
2765,"280,529,530"
2766,"248,315,430"
2767,"108,301,529"
2768,"160,315,529"
2769,"160,528,529"
2770,"199,529,530"
2771,"204,221,419"
2772,"40,368,529"
2773,"323,419,530"
2774,"528,529,530"
2775,"204,205,405"
2776,"528,529,530"
2777,"528,529,530"
2778,"2,458,476"
2779,"216,370,529"
2780,"528,529,530"
2781,"8,235,528"
2782,"214,216,372"
2783,"44,45,270"
2784,"528,529,530"
2785,"25,220,221"
2786,"528,529,530"
2787,"528,529,530"
2788,"223,241,455"
2789,"528,529,530"
2790,"73,528,529"
2791,"40,368,529"
2792,"204,215,334"
2793,"528,529,530"
2794,"528,529,530"
2795,"40,368,444"
2796,"25,248,436"
2797,"214,271,482"
2798,"194,330,455"
2799,"128,187,241"
2800,"528,529,530"
2801,"199,529,530"
2802,"528,529,530"
2803,"528,529,530"
2804,"528,529,530"
2805,"49,528,529"
2806,"29,528,529"
2807,"100,194,200"
2808,"67,241,455"
2809,"64,323,524"
2810,"8,206,360"
2811,"528,529,530"
2812,"2,179,476"
2813,"528,529,530"
2814,"528,529,530"
2815,"455,529,530"
2816,"199,529,530"
2817,"187,241,406"
2818,"528,529,530"
2819,"278,483,530"
2820,"122,340,488"
2821,"270,301,334"
2822,"459,529,530"
2823,"296,405,455"
2824,"2,168,199"
2825,"455,529,530"
2826,"170,528,529"
2827,"194,200,498"
2828,"168,382,401"
2829,"216,241,313"
2830,"35,73,334"
2831,"128,313,346"
2832,"528,529,530"
2833,"128,374,529"
2834,"528,529,530"
2835,"340,529,530"
2836,"196,330,493"
2837,"45,73,241"
2838,"25,170,528"
2839,"170,290,529"
2840,"160,187,241"
2841,"40,368,529"
2842,"26,528,529"
2843,"223,273,482"
2844,"340,529,530"
2845,"340,529,530"
2846,"518,529,530"
2847,"528,529,530"
2848,"160,340,497"
2849,"220,221,524"
2850,"452,529,530"
2851,"528,529,530"
2852,"528,529,530"
2853,"343,455,530"
2854,"135,374,529"
2855,"8,206,418"
2856,"100,194,200"
2857,"108,124,157"
2858,"297,405,530"
2859,"357,360,455"
2860,"199,343,436"
2861,"179,360,455"
2862,"116,301,340"
2863,"100,194,200"
2864,"528,529,530"
2865,"220,270,430"
2866,"64,323,524"
2867,"528,529,530"
2868,"199,323,530"
2869,"88,106,528"
2870,"213,372,425"
2871,"40,368,529"
2872,"528,529,530"
2873,"313,485,497"
2874,"528,529,530"
2875,"45,313,346"
2876,"528,529,530"
2877,"528,529,530"
2878,"313,346,530"
2879,"528,529,530"
2880,"409,425,514"
2881,"45,528,529"
2882,"199,529,530"
2883,"528,529,530"
2884,"280,529,530"
2885,"25,220,528"
2886,"45,528,529"
2887,"313,355,409"
2888,"47,330,430"
2889,"313,529,530"
2890,"220,313,376"
2891,"135,528,529"
2892,"528,529,530"
2893,"182,196,334"
2894,"528,529,530"
2895,"215,334,430"
2896,"340,409,530"
2897,"528,529,530"
2898,"301,459,530"
2899,"409,529,530"
2900,"40,368,529"
2901,"16,45,67"
2902,"313,346,530"
2903,"247,340,529"
2904,"205,528,529"
2905,"45,73,528"
2906,"8,206,340"
2907,"340,529,530"
2908,"100,503,529"
2909,"69,364,455"
2910,"140,194,405"
2911,"172,455,529"
2912,"179,405,529"
2913,"128,129,528"
2914,"128,422,498"
2915,"528,529,530"
2916,"2,291,444"
2917,"11,67,220"
2918,"528,529,530"
2919,"313,366,397"
2920,"528,529,530"
2921,"430,529,530"
2922,"108,173,301"
2923,"528,529,530"
2924,"528,529,530"
2925,"223,528,529"
2926,"528,529,530"
2927,"528,529,530"
2928,"35,315,334"
2929,"528,529,530"
2930,"128,129,468"
2931,"528,529,530"
2932,"69,196,455"
2933,"528,529,530"
2934,"405,529,530"
2935,"207,528,529"
2936,"513,529,530"
2937,"45,108,301"
2938,"528,529,530"
2939,"528,529,530"
2940,"528,529,530"
2941,"340,425,459"
2942,"315,529,530"
2943,"364,529,530"
2944,"528,529,530"
2945,"528,529,530"
2946,"12,364,498"
2947,"528,529,530"
2948,"26,455,529"
2949,"528,529,530"
2950,"108,301,330"
2951,"170,194,200"
2952,"528,529,530"
2953,"528,529,530"
2954,"45,528,529"
2955,"528,529,530"
2956,"196,528,529"
2957,"10,221,376"
2958,"528,529,530"
2959,"269,355,455"
2960,"528,529,530"
2961,"528,529,530"
2962,"528,529,530"
2963,"418,529,530"
2964,"271,366,444"
2965,"455,529,530"
2966,"40,368,529"
2967,"455,529,530"
2968,"405,529,530"
2969,"49,374,529"
2970,"128,247,528"
2971,"528,529,530"
2972,"182,528,529"
2973,"8,206,528"
2974,"528,529,530"
2975,"528,529,530"
2976,"100,194,200"
2977,"430,518,530"
2978,"41,340,436"
2979,"468,529,530"
2980,"25,280,425"
2981,"220,498,529"
2982,"139,455,529"
2983,"187,241,524"
2984,"301,529,530"
2985,"128,458,529"
2986,"313,529,530"
2987,"135,215,315"
2988,"528,529,530"
2989,"313,529,530"
2990,"528,529,530"
2991,"528,529,530"
2992,"528,529,530"
2993,"313,529,530"
2994,"528,529,530"
2995,"220,221,498"
2996,"528,529,530"
2997,"528,529,530"
2998,"528,529,530"
2999,"528,529,530"
3000,"528,529,530"
3001,"16,170,528"
3002,"528,529,530"
3003,"8,235,528"
3004,"528,529,530"
3005,"455,529,530"
3006,"216,370,529"
3007,"247,528,529"
3008,"528,529,530"
3009,"108,124,528"
3010,"528,529,530"
3011,"11,26,168"
3012,"328,529,530"
3013,"187,241,455"
3014,"340,409,430"
3015,"401,529,530"
3016,"25,39,360"
3017,"128,129,455"
3018,"160,271,361"
3019,"10,528,529"
3020,"528,529,530"
3021,"127,528,529"
3022,"528,529,530"
3023,"10,67,448"
3024,"100,194,200"
3025,"313,346,530"
3026,"528,529,530"
3027,"128,129,528"
3028,"64,323,524"
3029,"455,506,530"
3030,"418,529,530"
3031,"69,179,199"
3032,"182,455,529"
3033,"271,409,498"
3034,"528,529,530"
3035,"8,235,498"
3036,"528,529,530"
3037,"157,215,455"
3038,"311,529,530"
3039,"220,328,405"
3040,"8,26,206"
3041,"401,529,530"
3042,"108,124,528"
3043,"170,271,355"
3044,"528,529,530"
3045,"73,182,528"
3046,"69,187,241"
3047,"528,529,530"
3048,"67,528,529"
3049,"364,529,530"
3050,"315,340,430"
3051,"92,528,529"
3052,"271,361,372"
3053,"528,529,530"
3054,"135,405,455"
3055,"128,366,405"
3056,"528,529,530"
3057,"10,355,456"
3058,"312,340,455"
3059,"45,417,529"
3060,"67,280,529"
3061,"297,529,530"
3062,"528,529,530"
3063,"455,529,530"
3064,"73,313,366"
3065,"528,529,530"
3066,"88,106,528"
3067,"528,529,530"
3068,"8,206,455"
3069,"528,529,530"
3070,"257,456,482"
3071,"187,241,313"
3072,"204,215,315"
3073,"220,245,420"
3074,"12,337,339"
3075,"3,18,200"
3076,"528,529,530"
3077,"182,199,529"
3078,"528,529,530"
3079,"528,529,530"
3080,"528,529,530"
3081,"528,529,530"
3082,"51,205,528"
3083,"528,529,530"
3084,"528,529,530"
3085,"173,528,529"
3086,"199,529,530"
3087,"51,455,529"
3088,"528,529,530"
3089,"330,529,530"
3090,"528,529,530"
3091,"528,529,530"
3092,"10,409,524"
3093,"528,529,530"
3094,"29,160,251"
3095,"528,529,530"
3096,"315,529,530"
3097,"355,455,456"
3098,"172,340,409"
3099,"330,455,530"
3100,"194,200,455"
3101,"182,194,200"
3102,"528,529,530"
3103,"160,315,334"
3104,"128,129,247"
3105,"364,529,530"
3106,"528,529,530"
3107,"310,315,444"
3108,"528,529,530"
3109,"199,529,530"
3110,"108,124,528"
3111,"216,220,425"
3112,"528,529,530"
3113,"113,301,340"
3114,"419,529,530"
3115,"528,529,530"
3116,"528,529,530"
3117,"528,529,530"
3118,"528,529,530"
3119,"315,529,530"
3120,"67,73,251"
3121,"528,529,530"
3122,"23,26,251"
3123,"199,459,530"
3124,"313,366,397"
3125,"204,215,315"
3126,"25,80,524"
3127,"528,529,530"
3128,"12,528,529"
3129,"455,529,530"
3130,"45,455,529"
3131,"528,529,530"
3132,"45,204,215"
3133,"100,194,200"
3134,"173,455,529"
3135,"108,204,301"
3136,"251,528,529"
3137,"29,196,313"
3138,"528,529,530"
3139,"187,241,528"
3140,"528,529,530"
3141,"35,334,529"
3142,"127,263,528"
3143,"83,528,529"
3144,"271,355,424"
3145,"182,528,529"
3146,"528,529,530"
3147,"340,529,530"
3148,"182,301,459"
3149,"528,529,530"
3150,"194,528,529"
3151,"528,529,530"
3152,"40,368,529"
3153,"528,529,530"
3154,"302,529,530"
3155,"454,529,530"
3156,"182,528,529"
3157,"220,221,528"
3158,"8,206,528"
3159,"528,529,530"
3160,"182,199,529"
3161,"528,529,530"
3162,"64,323,524"
3163,"187,241,247"
3164,"44,69,313"
3165,"69,170,179"
3166,"8,206,360"
3167,"223,444,529"
3168,"187,241,528"
3169,"10,170,498"
3170,"340,529,530"
3171,"528,529,530"
3172,"100,503,529"
3173,"40,368,529"
3174,"528,529,530"
3175,"241,269,355"
3176,"280,364,455"
3177,"29,528,529"
3178,"528,529,530"
3179,"247,355,456"
3180,"69,528,529"
3181,"376,529,530"
3182,"187,241,480"
3183,"160,528,529"
3184,"528,529,530"
3185,"528,529,530"
3186,"528,529,530"
3187,"220,242,498"
3188,"106,270,524"
3189,"12,528,529"
3190,"436,529,530"
3191,"199,529,530"
3192,"528,529,530"
3193,"528,529,530"
3194,"36,128,455"
3195,"108,204,301"
3196,"405,529,530"
3197,"8,216,235"
3198,"99,417,529"
3199,"73,179,528"
3200,"528,529,530"
3201,"39,84,179"
3202,"179,360,455"
3203,"514,529,530"
3204,"10,11,221"
3205,"528,529,530"
3206,"455,529,530"
3207,"199,529,530"
3208,"315,529,530"
3209,"135,528,529"
3210,"182,528,529"
3211,"25,67,205"
3212,"182,528,529"
3213,"528,529,530"
3214,"199,259,405"
3215,"179,182,199"
3216,"80,448,455"
3217,"528,529,530"
3218,"83,315,529"
3219,"528,529,530"
3220,"405,498,530"
3221,"67,241,248"
3222,"528,529,530"
3223,"216,455,498"
3224,"528,529,530"
3225,"528,529,530"
3226,"128,528,529"
3227,"196,440,455"
3228,"405,455,475"
3229,"359,455,480"
3230,"216,480,529"
3231,"528,529,530"
3232,"528,529,530"
3233,"10,11,221"
3234,"1,528,529"
3235,"528,529,530"
3236,"41,241,247"
3237,"64,323,524"
3238,"25,528,529"
3239,"528,529,530"
3240,"49,528,529"
3241,"194,200,518"
3242,"270,529,530"
3243,"69,170,179"
3244,"44,73,528"
3245,"67,301,455"
3246,"124,243,334"
3247,"11,73,455"
3248,"366,425,488"
3249,"160,340,529"
3250,"355,455,456"
3251,"100,194,200"
3252,"528,529,530"
3253,"405,529,530"
3254,"69,340,529"
3255,"213,252,482"
3256,"269,355,409"
3257,"313,314,397"
3258,"8,179,455"
3259,"528,529,530"
3260,"157,340,529"
3261,"25,528,529"
3262,"160,455,529"
3263,"187,241,528"
3264,"84,528,529"
3265,"528,529,530"
3266,"41,224,339"
3267,"357,398,498"
3268,"360,444,455"
3269,"67,340,425"
3270,"160,366,382"
3271,"359,529,530"
3272,"271,340,366"
3273,"270,529,530"
3274,"21,194,340"
3275,"430,529,530"
3276,"25,313,529"
3277,"168,173,528"
3278,"255,528,529"
3279,"100,194,200"
3280,"170,528,529"
3281,"108,124,430"
3282,"83,135,170"
3283,"528,529,530"
3284,"528,529,530"
3285,"135,528,529"
3286,"179,405,452"
3287,"497,529,530"
3288,"3,5,200"
3289,"67,241,528"
3290,"69,187,515"
3291,"241,345,425"
3292,"179,528,529"
3293,"528,529,530"
3294,"438,529,530"
3295,"160,436,529"
3296,"100,194,200"
3297,"25,220,455"
3298,"69,528,529"
3299,"100,194,200"
3300,"528,529,530"
3301,"528,529,530"
3302,"73,291,444"
3303,"528,529,530"
3304,"401,529,530"
3305,"313,366,397"
3306,"216,370,456"
3307,"25,528,529"
3308,"313,314,497"
3309,"528,529,530"
3310,"455,529,530"
3311,"357,382,402"
3312,"528,529,530"
3313,"528,529,530"
3314,"187,241,528"
3315,"49,528,529"
3316,"340,529,530"
3317,"357,409,498"
3318,"528,529,530"
3319,"297,418,444"
3320,"340,529,530"
3321,"528,529,530"
3322,"45,95,436"
3323,"196,528,529"
3324,"160,340,418"
3325,"3,5,200"
3326,"528,529,530"
3327,"528,529,530"
3328,"220,221,425"
3329,"2,4,340"
3330,"419,529,530"
3331,"528,529,530"
3332,"269,355,425"
3333,"528,529,530"
3334,"528,529,530"
3335,"128,528,529"
3336,"194,200,455"
3337,"127,194,301"
3338,"528,529,530"
3339,"271,340,366"
3340,"220,245,328"
3341,"49,455,529"
3342,"100,194,200"
3343,"170,528,529"
3344,"528,529,530"
3345,"10,24,454"
3346,"528,529,530"
3347,"194,200,498"
3348,"269,355,530"
3349,"528,529,530"
3350,"170,528,529"
3351,"355,456,498"
3352,"64,323,524"
3353,"528,529,530"
3354,"128,528,529"
3355,"528,529,530"
3356,"67,334,406"
3357,"3,200,221"
3358,"302,529,530"
3359,"23,26,251"
3360,"255,366,515"
3361,"216,297,340"
3362,"459,529,530"
3363,"83,313,405"
3364,"128,247,455"
3365,"187,241,528"
3366,"179,194,340"
3367,"40,368,529"
3368,"221,405,498"
3369,"314,455,482"
3370,"405,498,530"
3371,"528,529,530"
3372,"528,529,530"
3373,"313,366,397"
3374,"128,328,529"
3375,"528,529,530"
3376,"12,271,455"
3377,"528,529,530"
3378,"528,529,530"
3379,"160,187,241"
3380,"528,529,530"
3381,"269,355,530"
3382,"430,529,530"
3383,"528,529,530"
3384,"528,529,530"
3385,"182,247,528"
3386,"67,248,468"
3387,"528,529,530"
3388,"128,254,497"
3389,"92,438,529"
3390,"41,201,340"
3391,"528,529,530"
3392,"10,11,221"
3393,"528,529,530"
3394,"269,355,530"
3395,"16,194,204"
3396,"528,529,530"
3397,"528,529,530"
3398,"528,529,530"
3399,"1,251,340"
3400,"45,67,73"
3401,"108,182,364"
3402,"67,528,529"
3403,"29,313,346"
3404,"187,241,334"
3405,"83,528,529"
3406,"10,83,323"
3407,"528,529,530"
3408,"417,529,530"
3409,"80,528,529"
3410,"393,425,530"
3411,"83,199,220"
3412,"514,529,530"
3413,"455,529,530"
3414,"405,529,530"
3415,"67,528,529"
3416,"382,529,530"
3417,"270,529,530"
3418,"528,529,530"
3419,"182,528,529"
3420,"49,83,425"
3421,"64,323,524"
3422,"49,405,529"
3423,"528,529,530"
3424,"8,206,528"
3425,"528,529,530"
3426,"340,498,530"
3427,"271,280,530"
3428,"518,529,530"
3429,"67,455,529"
3430,"108,301,455"
3431,"199,259,405"
3432,"160,528,529"
3433,"40,187,241"
3434,"67,128,528"
3435,"204,215,315"
3436,"8,39,206"
3437,"528,529,530"
3438,"67,196,247"
3439,"40,368,529"
3440,"40,368,455"
3441,"45,73,528"
3442,"355,405,530"
3443,"199,223,488"
3444,"528,529,530"
3445,"528,529,530"
3446,"36,160,528"
3447,"528,529,530"
3448,"45,200,315"
3449,"340,529,530"
3450,"8,206,528"
3451,"83,179,199"
3452,"355,444,456"
3453,"528,529,530"
3454,"528,529,530"
3455,"355,409,425"
3456,"100,160,418"
3457,"340,529,530"
3458,"179,528,529"
3459,"49,528,529"
3460,"40,368,529"
3461,"98,455,456"
3462,"40,368,529"
3463,"271,280,530"
3464,"355,456,530"
3465,"213,255,482"
3466,"128,129,313"
3467,"207,528,529"
3468,"4,182,340"
3469,"25,80,528"
3470,"100,194,200"
3471,"214,216,354"
3472,"301,364,530"
3473,"10,405,409"
3474,"528,529,530"
3475,"11,69,528"
3476,"199,529,530"
3477,"340,529,530"
3478,"247,528,529"
3479,"11,204,528"
3480,"67,455,513"
3481,"455,493,502"
3482,"528,529,530"
3483,"127,187,241"
3484,"4,182,528"
3485,"8,173,206"
3486,"528,529,530"
3487,"25,73,241"
3488,"29,170,528"
3489,"364,455,530"
3490,"528,529,530"
3491,"528,529,530"
3492,"528,529,530"
3493,"128,528,529"
3494,"100,194,200"
3495,"23,26,251"
3496,"73,199,529"
3497,"187,241,528"
3498,"194,199,200"
3499,"8,160,206"
3500,"199,223,425"
3501,"194,200,301"
3502,"135,140,528"
3503,"313,529,530"
3504,"528,529,530"
3505,"187,401,529"
3506,"11,528,529"
3507,"528,529,530"
3508,"220,242,528"
3509,"8,206,528"
3510,"355,409,425"
3511,"382,529,530"
3512,"67,196,514"
3513,"405,529,530"
3514,"528,529,530"
3515,"45,187,528"
3516,"8,235,528"
3517,"374,529,530"
3518,"302,315,530"
3519,"313,425,513"
3520,"296,529,530"
3521,"528,529,530"
3522,"10,83,215"
3523,"528,529,530"
3524,"35,182,334"
3525,"241,345,425"
3526,"405,455,530"
3527,"528,529,530"
3528,"528,529,530"
3529,"135,247,315"
3530,"340,405,459"
3531,"25,220,444"
3532,"528,529,530"
3533,"100,480,503"
3534,"301,529,530"
3535,"528,529,530"
3536,"16,204,340"
3537,"528,529,530"
3538,"528,529,530"
3539,"301,340,455"
3540,"160,528,529"
3541,"49,528,529"
3542,"270,418,425"
3543,"528,529,530"
3544,"40,368,529"
3545,"67,528,529"
3546,"8,206,280"
3547,"528,529,530"
3548,"235,528,529"
3549,"271,352,530"
3550,"528,529,530"
3551,"409,529,530"
3552,"409,529,530"
3553,"141,300,529"
3554,"108,301,401"
3555,"207,409,529"
3556,"200,301,459"
3557,"155,182,247"
3558,"16,73,204"
3559,"528,529,530"
3560,"170,374,529"
3561,"8,200,206"
3562,"528,529,530"
3563,"194,200,315"
3564,"528,529,530"
3565,"528,529,530"
3566,"200,374,401"
3567,"179,528,529"
3568,"438,529,530"
3569,"179,194,200"
3570,"425,529,530"
3571,"528,529,530"
3572,"528,529,530"
3573,"67,528,529"
3574,"160,334,406"
3575,"271,361,372"
3576,"366,529,530"
3577,"220,221,528"
3578,"313,529,530"
3579,"29,528,529"
3580,"64,323,524"
3581,"271,313,409"
3582,"10,45,221"
3583,"56,340,529"
3584,"278,359,405"
3585,"528,529,530"
3586,"528,529,530"
3587,"108,301,529"
3588,"245,528,529"
3589,"29,179,480"
3590,"220,425,498"
3591,"8,235,360"
3592,"528,529,530"
3593,"160,528,529"
3594,"315,455,530"
3595,"528,529,530"
3596,"413,420,452"
3597,"528,529,530"
3598,"528,529,530"
3599,"215,226,494"
3600,"45,67,528"
3601,"215,340,405"
3602,"108,124,312"
3603,"455,529,530"
3604,"528,529,530"
3605,"67,205,280"
3606,"0,313,314"
3607,"141,528,529"
3608,"49,323,419"
3609,"194,200,455"
3610,"528,529,530"
3611,"340,529,530"
3612,"10,128,528"
3613,"528,529,530"
3614,"528,529,530"
3615,"280,498,516"
3616,"313,382,405"
3617,"83,92,528"
3618,"199,529,530"
3619,"215,301,409"
3620,"409,455,498"
3621,"170,528,529"
3622,"25,528,529"
3623,"310,529,530"
3624,"122,528,529"
3625,"25,528,529"
3626,"405,529,530"
3627,"187,241,376"
3628,"40,368,529"
3629,"41,201,340"
3630,"528,529,530"
3631,"528,529,530"
3632,"128,129,528"
3633,"528,529,530"
3634,"528,529,530"
3635,"194,455,529"
3636,"73,221,498"
3637,"128,196,221"
3638,"29,340,455"
3639,"528,529,530"
3640,"45,313,529"
3641,"528,529,530"
3642,"313,346,530"
3643,"40,368,529"
3644,"182,405,529"
3645,"108,204,301"
3646,"44,73,280"
3647,"528,529,530"
3648,"337,529,530"
3649,"528,529,530"
3650,"528,529,530"
3651,"4,73,182"
3652,"455,529,530"
3653,"425,529,530"
3654,"364,529,530"
3655,"528,529,530"
3656,"67,313,366"
3657,"313,529,530"
3658,"528,529,530"
3659,"216,340,372"
3660,"199,200,223"
3661,"44,73,128"
3662,"45,67,409"
3663,"160,301,334"
3664,"83,220,409"
3665,"528,529,530"
3666,"359,529,530"
3667,"11,518,529"
3668,"528,529,530"
3669,"83,135,405"
3670,"528,529,530"
3671,"364,459,530"
3672,"127,271,355"
3673,"359,529,530"
3674,"73,528,529"
3675,"528,529,530"
3676,"528,529,530"
3677,"528,529,530"
3678,"247,269,355"
3679,"67,280,409"
3680,"241,406,494"
3681,"29,301,518"
3682,"528,529,530"
3683,"16,513,529"
3684,"194,200,340"
3685,"340,529,530"
3686,"29,313,419"
3687,"355,456,514"
3688,"100,194,503"
3689,"40,368,529"
3690,"41,201,401"
3691,"25,170,528"
3692,"29,528,529"
3693,"247,528,529"
3694,"340,455,530"
3695,"11,334,406"
3696,"213,280,529"
3697,"430,529,530"
3698,"301,459,530"
3699,"182,187,241"
3700,"172,179,455"
3701,"135,200,301"
3702,"199,223,529"
3703,"111,267,405"
3704,"100,194,200"
3705,"528,529,530"
3706,"340,529,530"
3707,"160,528,529"
3708,"528,529,530"
3709,"436,529,530"
3710,"459,529,530"
3711,"220,221,528"
3712,"4,340,455"
3713,"204,215,315"
3714,"245,528,529"
3715,"128,220,242"
3716,"280,409,425"
3717,"220,221,528"
3718,"69,528,529"
3719,"187,241,313"
3720,"100,194,200"
3721,"8,206,455"
3722,"45,528,529"
3723,"528,529,530"
3724,"528,529,530"
3725,"301,340,530"
3726,"247,528,529"
3727,"528,529,530"
3728,"528,529,530"
3729,"69,528,529"
3730,"107,247,452"
3731,"182,187,241"
3732,"313,346,376"
3733,"45,313,529"
3734,"528,529,530"
3735,"10,24,454"
3736,"199,529,530"
3737,"528,529,530"
3738,"528,529,530"
3739,"273,529,530"
3740,"67,393,529"
3741,"8,235,360"
3742,"528,529,530"
3743,"297,529,530"
3744,"277,476,530"
3745,"397,444,462"
3746,"25,220,221"
3747,"528,529,530"
3748,"528,529,530"
3749,"83,196,418"
3750,"528,529,530"
3751,"255,322,529"
3752,"8,10,206"
3753,"528,529,530"
3754,"172,313,529"
3755,"528,529,530"
3756,"528,529,530"
3757,"29,137,493"
3758,"528,529,530"
3759,"29,405,455"
3760,"88,106,528"
3761,"29,73,455"
3762,"419,529,530"
3763,"49,459,529"
3764,"69,170,199"
3765,"182,528,529"
3766,"528,529,530"
3767,"25,220,498"
3768,"4,41,182"
3769,"25,528,529"
3770,"108,204,301"
3771,"100,194,200"
3772,"247,271,313"
3773,"247,528,529"
3774,"297,529,530"
3775,"241,280,340"
3776,"405,529,530"
3777,"528,529,530"
3778,"4,182,528"
3779,"528,529,530"
3780,"4,182,528"
3781,"528,529,530"
3782,"152,247,459"
3783,"455,529,530"
3784,"179,194,200"
3785,"64,323,524"
3786,"528,529,530"
3787,"179,528,529"
3788,"8,206,528"
3789,"157,528,529"
3790,"187,241,528"
3791,"213,252,482"
3792,"8,313,340"
3793,"528,529,530"
3794,"528,529,530"
3795,"528,529,530"
3796,"25,220,528"
3797,"73,528,529"
3798,"528,529,530"
3799,"23,73,251"
3800,"528,529,530"
3801,"528,529,530"
3802,"44,455,529"
3803,"25,29,340"
3804,"11,69,313"
3805,"29,405,455"
3806,"187,220,241"
3807,"69,528,529"
3808,"40,226,368"
3809,"108,340,455"
3810,"204,215,334"
3811,"67,528,529"
3812,"528,529,530"
3813,"528,529,530"
3814,"23,26,251"
3815,"340,529,530"
3816,"528,529,530"
3817,"220,313,529"
3818,"459,529,530"
3819,"16,520,529"
3820,"95,313,524"
3821,"179,271,280"
3822,"528,529,530"
3823,"160,334,529"
3824,"220,221,528"
3825,"16,528,529"
3826,"45,313,529"
3827,"528,529,530"
3828,"270,529,530"
3829,"455,529,530"
3830,"340,355,409"
3831,"216,528,529"
3832,"528,529,530"
3833,"128,247,366"
3834,"173,528,529"
3835,"25,220,221"
3836,"409,425,498"
3837,"528,529,530"
3838,"355,456,482"
3839,"220,221,425"
3840,"355,409,456"
3841,"128,245,328"
3842,"10,323,430"
3843,"3,18,200"
3844,"8,206,528"
3845,"29,528,529"
3846,"25,220,425"
3847,"528,529,530"
3848,"11,241,455"
3849,"187,241,528"
3850,"301,459,530"
3851,"2,513,529"
3852,"315,452,530"
3853,"160,528,529"
3854,"409,529,530"
3855,"405,529,530"
3856,"179,528,529"
3857,"45,528,529"
3858,"528,529,530"
3859,"528,529,530"
3860,"21,194,200"
3861,"528,529,530"
3862,"29,187,241"
3863,"243,334,374"
3864,"179,182,417"
3865,"221,355,456"
3866,"92,359,529"
3867,"89,528,529"
3868,"49,528,529"
3869,"214,216,458"
3870,"528,529,530"
3871,"528,529,530"
3872,"528,529,530"
3873,"196,405,529"
3874,"64,323,524"
3875,"249,484,529"
3876,"280,372,455"
3877,"214,372,529"
3878,"67,116,438"
3879,"8,235,528"
3880,"498,529,530"
3881,"187,241,334"
3882,"528,529,530"
3883,"67,73,340"
3884,"425,444,455"
3885,"382,529,530"
3886,"8,206,455"
3887,"528,529,530"
3888,"166,221,419"
3889,"10,199,323"
3890,"11,69,528"
3891,"98,357,529"
3892,"216,249,484"
3893,"4,182,364"
3894,"528,529,530"
3895,"455,529,530"
3896,"267,301,467"
3897,"16,528,529"
3898,"528,529,530"
3899,"528,529,530"
3900,"100,194,200"
3901,"179,528,529"
3902,"39,528,529"
3903,"179,214,528"
3904,"84,468,529"
3905,"528,529,530"
3906,"2,455,513"
3907,"8,235,528"
3908,"23,26,251"
3909,"170,528,529"
3910,"187,241,419"
3911,"139,155,312"
3912,"196,405,455"
3913,"405,430,518"
3914,"220,242,528"
3915,"165,528,529"
3916,"528,529,530"
3917,"187,200,241"
3918,"357,360,455"
3919,"528,529,530"
3920,"196,340,529"
3921,"528,529,530"
3922,"425,493,530"
3923,"182,215,315"
3924,"67,528,529"
3925,"49,528,529"
3926,"528,529,530"
3927,"528,529,530"
3928,"33,194,200"
3929,"528,529,530"
3930,"194,200,270"
3931,"528,529,530"
3932,"128,129,524"
3933,"220,221,498"
3934,"29,41,135"
3935,"2,179,513"
3936,"108,194,301"
3937,"528,529,530"
3938,"241,313,455"
3939,"374,529,530"
3940,"10,67,83"
3941,"528,529,530"
3942,"528,529,530"
3943,"382,529,530"
3944,"269,355,409"
3945,"528,529,530"
3946,"44,45,498"
3947,"64,323,524"
3948,"84,468,529"
3949,"12,528,529"
3950,"179,528,529"
3951,"459,529,530"
3952,"374,529,530"
3953,"528,529,530"
3954,"64,323,524"
3955,"313,529,530"
3956,"528,529,530"
3957,"8,418,498"
3958,"40,368,529"
3959,"187,241,528"
3960,"234,323,419"
3961,"528,529,530"
3962,"528,529,530"
3963,"340,359,530"
3964,"322,455,530"
3965,"401,529,530"
3966,"29,179,340"
3967,"25,220,221"
3968,"313,529,530"
3969,"8,206,456"
3970,"108,124,528"
3971,"49,182,405"
3972,"455,529,530"
3973,"528,529,530"
3974,"8,206,528"
3975,"355,409,456"
3976,"4,108,124"
3977,"528,529,530"
3978,"528,529,530"
3979,"2,223,456"
3980,"455,529,530"
3981,"528,529,530"
3982,"366,405,497"
3983,"8,235,376"
3984,"271,355,409"
3985,"301,337,339"
3986,"64,323,524"
3987,"528,529,530"
3988,"40,340,368"
3989,"315,419,530"
3990,"452,529,530"
3991,"528,529,530"
3992,"128,129,528"
3993,"214,372,425"
3994,"83,92,448"
3995,"220,528,529"
3996,"528,529,530"
3997,"528,529,530"
3998,"528,529,530"
3999,"339,343,436"
4000,"364,529,530"
4001,"280,438,455"
4002,"301,340,405"
4003,"528,529,530"
4004,"4,182,216"
4005,"528,529,530"
4006,"528,529,530"
4007,"340,529,530"
4008,"29,528,529"
4009,"64,323,524"
4010,"376,401,425"
4011,"182,241,301"
4012,"187,241,524"
4013,"528,529,530"
4014,"527,529,530"
4015,"301,382,455"
4016,"204,215,315"
4017,"8,84,206"
4018,"170,405,498"
4019,"528,529,530"
4020,"25,29,405"
4021,"8,206,528"
4022,"514,529,530"
4023,"528,529,530"
4024,"340,529,530"
4025,"528,529,530"
4026,"528,529,530"
4027,"170,196,200"
4028,"528,529,530"
4029,"182,196,528"
4030,"528,529,530"
4031,"100,503,529"
4032,"223,340,425"
4033,"49,194,455"
4034,"528,529,530"
4035,"528,529,530"
4036,"247,528,529"
4037,"528,529,530"
4038,"291,376,444"
4039,"29,108,301"
4040,"187,241,382"
4041,"173,301,459"
4042,"273,340,530"
4043,"528,529,530"
4044,"528,529,530"
4045,"528,529,530"
4046,"187,241,360"
4047,"528,529,530"
4048,"271,366,530"
4049,"214,216,220"
4050,"251,340,405"
4051,"55,220,528"
4052,"528,529,530"
4053,"170,199,529"
4054,"8,235,528"
4055,"67,83,241"
4056,"528,529,530"
4057,"528,529,530"
4058,"528,529,530"
4059,"214,216,497"
4060,"69,166,221"
4061,"179,528,529"
4062,"29,513,529"
4063,"67,323,405"
4064,"10,220,221"
4065,"340,529,530"
4066,"108,301,529"
4067,"528,529,530"
4068,"187,241,480"
4069,"455,529,530"
4070,"83,182,393"
4071,"69,255,340"
4072,"135,528,529"
4073,"468,529,530"
4074,"409,498,530"
4075,"302,529,530"
4076,"44,128,220"
4077,"397,458,482"
4078,"340,529,530"
4079,"213,444,482"
4080,"44,313,529"
4081,"204,221,419"
4082,"528,529,530"
4083,"182,199,281"
4084,"40,368,498"
4085,"187,196,241"
4086,"40,368,529"
4087,"135,340,529"
4088,"67,382,529"
4089,"182,196,199"
4090,"528,529,530"
4091,"458,529,530"
4092,"160,187,528"
4093,"100,194,200"
4094,"128,135,315"
4095,"528,529,530"
4096,"25,220,242"
4097,"313,346,530"
4098,"528,529,530"
4099,"528,529,530"
4100,"376,425,455"
4101,"340,529,530"
4102,"67,528,529"
4103,"528,529,530"
4104,"528,529,530"
4105,"528,529,530"
4106,"301,455,514"
4107,"92,528,529"
4108,"12,456,488"
4109,"455,529,530"
4110,"100,194,200"
4111,"340,529,530"
4112,"11,12,528"
4113,"313,529,530"
4114,"44,55,221"
4115,"528,529,530"
4116,"29,140,241"
4117,"528,529,530"
4118,"187,241,528"
4119,"40,368,529"
4120,"528,529,530"
4121,"25,220,528"
4122,"45,528,529"
4123,"213,280,482"
4124,"23,26,251"
4125,"528,529,530"
4126,"528,529,530"
4127,"40,359,368"
4128,"199,529,530"
4129,"360,444,498"
4130,"128,129,528"
4131,"528,529,530"
4132,"168,528,529"
4133,"29,128,315"
4134,"49,340,529"
4135,"528,529,530"
4136,"528,529,530"
4137,"3,5,200"
4138,"199,529,530"
4139,"269,355,456"
4140,"528,529,530"
4141,"67,468,529"
4142,"187,241,528"
4143,"40,368,449"
4144,"364,374,530"
4145,"313,366,397"
4146,"528,529,530"
4147,"204,215,315"
4148,"528,529,530"
4149,"199,281,444"
4150,"83,170,528"
4151,"29,301,330"
4152,"215,528,529"
4153,"528,529,530"
4154,"139,528,529"
4155,"313,346,530"
4156,"528,529,530"
4157,"405,529,530"
4158,"100,194,200"
4159,"204,215,315"
4160,"128,129,179"
4161,"213,397,515"
4162,"340,529,530"
4163,"127,179,223"
4164,"187,241,528"
4165,"3,200,301"
4166,"10,25,455"
4167,"23,26,251"
4168,"199,529,530"
4169,"528,529,530"
4170,"108,301,340"
4171,"41,56,247"
4172,"194,340,529"
4173,"528,529,530"
4174,"528,529,530"
4175,"3,18,200"
4176,"528,529,530"
4177,"528,529,530"
4178,"67,99,528"
4179,"313,340,484"
4180,"179,409,438"
4181,"187,241,315"
4182,"528,529,530"
4183,"528,529,530"
4184,"374,529,530"
4185,"10,24,454"
4186,"270,529,530"
4187,"141,160,310"
4188,"220,221,425"
4189,"528,529,530"
4190,"69,135,425"
4191,"418,498,530"
4192,"528,529,530"
4193,"8,235,455"
4194,"528,529,530"
4195,"528,529,530"
4196,"405,425,455"
4197,"528,529,530"
4198,"425,529,530"
4199,"168,514,529"
4200,"528,529,530"
4201,"456,482,530"
4202,"179,214,372"
4203,"405,529,530"
4204,"528,529,530"
4205,"220,221,425"
4206,"67,172,455"
4207,"528,529,530"
4208,"51,73,528"
4209,"528,529,530"
4210,"528,529,530"
4211,"528,529,530"
4212,"199,529,530"
4213,"528,529,530"
4214,"280,340,456"
4215,"25,220,528"
4216,"29,168,382"
4217,"397,409,456"
4218,"8,206,249"
4219,"170,528,529"
4220,"528,529,530"
4221,"334,405,406"
4222,"179,528,529"
4223,"179,425,529"
4224,"528,529,530"
4225,"73,267,340"
4226,"25,528,529"
4227,"528,529,530"
4228,"528,529,530"
4229,"528,529,530"
4230,"51,194,200"
4231,"355,529,530"
4232,"45,455,498"
4233,"220,328,529"
4234,"528,529,530"
4235,"340,529,530"
4236,"528,529,530"
4237,"405,529,530"
4238,"43,67,83"
4239,"196,355,456"
4240,"528,529,530"
4241,"455,514,530"
4242,"187,241,245"
4243,"323,529,530"
4244,"182,528,529"
4245,"514,529,530"
4246,"355,409,456"
4247,"528,529,530"
4248,"528,529,530"
4249,"528,529,530"
4250,"4,172,301"
4251,"528,529,530"
4252,"311,401,411"
4253,"301,323,524"
4254,"528,529,530"
4255,"301,529,530"
4256,"40,368,529"
4257,"422,529,530"
4258,"4,182,528"
4259,"37,528,529"
4260,"8,235,405"
4261,"528,529,530"
4262,"528,529,530"
4263,"528,529,530"
4264,"122,528,529"
4265,"247,355,456"
4266,"45,455,529"
4267,"128,245,313"
4268,"194,200,343"
4269,"528,529,530"
4270,"528,529,530"
4271,"528,529,530"
4272,"140,455,529"
4273,"25,425,455"
4274,"39,528,529"
4275,"430,529,530"
4276,"25,214,482"
4277,"2,199,223"
4278,"108,124,170"
4279,"436,529,530"
4280,"528,529,530"
4281,"528,529,530"
4282,"67,92,528"
4283,"170,528,529"
4284,"47,67,196"
4285,"49,382,529"
4286,"405,436,530"
4287,"528,529,530"
4288,"25,220,221"
4289,"220,221,528"
4290,"528,529,530"
4291,"528,529,530"
4292,"45,67,455"
4293,"313,529,530"
4294,"528,529,530"
4295,"160,334,406"
4296,"8,235,528"
4297,"8,235,528"
4298,"528,529,530"
4299,"59,95,524"
4300,"45,187,241"
4301,"170,179,364"
4302,"528,529,530"
4303,"121,181,528"
4304,"172,455,529"
4305,"8,235,360"
4306,"11,45,455"
4307,"313,346,530"
4308,"420,529,530"
4309,"528,529,530"
4310,"436,529,530"
4311,"199,529,530"
4312,"40,196,368"
4313,"160,528,529"
4314,"528,529,530"
4315,"528,529,530"
4316,"80,528,529"
4317,"67,89,128"
4318,"397,458,498"
4319,"528,529,530"
4320,"528,529,530"
4321,"528,529,530"
4322,"73,455,529"
4323,"67,414,430"
4324,"170,528,529"
4325,"67,528,529"
4326,"528,529,530"
4327,"67,455,529"
4328,"187,241,528"
4329,"139,374,455"
4330,"8,206,528"
4331,"528,529,530"
4332,"67,528,529"
4333,"33,182,528"
4334,"430,455,530"
4335,"382,529,530"
4336,"173,528,529"
4337,"528,529,530"
4338,"528,529,530"
4339,"528,529,530"
4340,"528,529,530"
4341,"366,493,502"
4342,"187,241,315"
4343,"340,529,530"
4344,"448,455,498"
4345,"340,529,530"
4346,"45,99,170"
4347,"11,455,529"
4348,"25,199,529"
4349,"48,528,529"
4350,"56,172,364"
4351,"455,529,530"
4352,"419,529,530"
4353,"528,529,530"
4354,"223,387,455"
4355,"528,529,530"
4356,"45,187,425"
4357,"528,529,530"
4358,"528,529,530"
4359,"374,529,530"
4360,"92,220,455"
4361,"170,528,529"
4362,"528,529,530"
4363,"528,529,530"
4364,"128,129,457"
4365,"199,223,281"
4366,"528,529,530"
4367,"528,529,530"
4368,"247,528,529"
4369,"2,372,513"
4370,"56,301,340"
4371,"528,529,530"
4372,"528,529,530"
4373,"280,529,530"
4374,"141,455,529"
4375,"194,200,340"
4376,"528,529,530"
4377,"130,455,468"
4378,"374,529,530"
4379,"518,529,530"
4380,"528,529,530"
4381,"220,528,529"
4382,"366,529,530"
4383,"40,368,529"
4384,"83,173,405"
4385,"528,529,530"
4386,"528,529,530"
4387,"340,430,459"
4388,"25,220,242"
4389,"95,313,524"
4390,"419,529,530"
4391,"67,220,498"
4392,"528,529,530"
4393,"528,529,530"
4394,"223,528,529"
4395,"323,529,530"
4396,"25,528,529"
4397,"528,529,530"
4398,"168,528,529"
4399,"528,529,530"
4400,"67,455,514"
4401,"528,529,530"
4402,"528,529,530"
4403,"220,221,421"
4404,"220,313,455"
4405,"108,200,301"
4406,"10,528,529"
4407,"334,406,430"
4408,"528,529,530"
4409,"204,528,529"
4410,"528,529,530"
4411,"528,529,530"
4412,"214,355,482"
4413,"528,529,530"
4414,"480,529,530"
4415,"45,528,529"
4416,"40,368,529"
4417,"280,409,456"
4418,"10,323,529"
4419,"199,529,530"
4420,"528,529,530"
4421,"374,529,530"
4422,"29,301,529"
4423,"1,10,271"
4424,"8,206,444"
4425,"516,529,530"
4426,"409,529,530"
4427,"49,290,444"
4428,"528,529,530"
4429,"269,355,409"
4430,"187,241,528"
4431,"199,529,530"
4432,"528,529,530"
4433,"69,173,199"
4434,"67,528,529"
4435,"528,529,530"
4436,"528,529,530"
4437,"528,529,530"
4438,"277,397,413"
4439,"405,529,530"
4440,"528,529,530"
4441,"8,73,206"
4442,"241,406,430"
4443,"160,271,340"
4444,"8,206,280"
4445,"528,529,530"
4446,"44,45,313"
4447,"419,529,530"
4448,"40,368,529"
4449,"528,529,530"
4450,"100,194,200"
4451,"67,135,401"
4452,"182,199,337"
4453,"67,528,529"
4454,"25,498,529"
4455,"528,529,530"
4456,"528,529,530"
4457,"25,220,221"
4458,"355,456,530"
4459,"47,67,528"
4460,"44,67,514"
4461,"313,455,530"
4462,"25,220,498"
4463,"45,528,529"
4464,"323,374,419"
4465,"199,529,530"
4466,"29,194,200"
4467,"528,529,530"
4468,"528,529,530"
4469,"182,196,528"
4470,"100,168,376"
4471,"8,206,249"
4472,"8,206,280"
4473,"11,69,528"
4474,"200,340,364"
4475,"199,529,530"
4476,"364,529,530"
4477,"160,241,515"
4478,"528,529,530"
4479,"166,221,419"
4480,"179,528,529"
4481,"40,131,241"
4482,"528,529,530"
4483,"528,529,530"
4484,"2,449,529"
4485,"528,529,530"
4486,"301,529,530"
4487,"182,196,528"
4488,"528,529,530"
4489,"152,302,315"
4490,"67,187,241"
4491,"170,528,529"
4492,"1,366,497"
4493,"271,361,372"
4494,"520,529,530"
4495,"364,529,530"
4496,"2,179,455"
4497,"83,173,315"
4498,"40,226,368"
4499,"528,529,530"
4500,"172,355,409"
4501,"40,368,529"
4502,"528,529,530"
4503,"92,315,529"
4504,"83,406,452"
4505,"247,355,514"
4506,"245,297,529"
4507,"25,220,221"
4508,"280,444,455"
4509,"528,529,530"
4510,"157,528,529"
4511,"124,243,334"
4512,"528,529,530"
4513,"8,206,280"
4514,"528,529,530"
4515,"245,270,529"
4516,"152,315,430"
4517,"280,355,456"
4518,"40,368,529"
4519,"528,529,530"
4520,"130,160,468"
4521,"528,529,530"
4522,"10,528,529"
4523,"528,529,530"
4524,"528,529,530"
4525,"199,529,530"
4526,"528,529,530"
4527,"40,200,368"
4528,"2,476,513"
4529,"528,529,530"
4530,"4,45,340"
4531,"528,529,530"
4532,"528,529,530"
4533,"8,206,249"
4534,"2,205,513"
4535,"528,529,530"
4536,"187,241,263"
4537,"528,529,530"
4538,"220,313,425"
4539,"35,135,334"
4540,"25,128,220"
4541,"127,263,528"
4542,"204,215,315"
4543,"69,170,179"
4544,"528,529,530"
4545,"301,529,530"
4546,"340,529,530"
4547,"135,152,315"
4548,"528,529,530"
4549,"139,155,312"
4550,"528,529,530"
4551,"313,529,530"
4552,"528,529,530"
4553,"243,334,444"
4554,"528,529,530"
4555,"67,528,529"
4556,"45,419,529"
4557,"194,364,529"
4558,"430,529,530"
4559,"528,529,530"
4560,"480,529,530"
4561,"248,455,529"
4562,"313,529,530"
4563,"340,374,530"
4564,"10,205,455"
4565,"160,315,334"
4566,"419,444,448"
4567,"179,498,529"
4568,"215,315,317"
4569,"301,449,455"
4570,"528,529,530"
4571,"204,221,419"
4572,"182,330,529"
4573,"528,529,530"
4574,"528,529,530"
4575,"130,468,529"
4576,"187,241,528"
4577,"405,430,530"
4578,"514,529,530"
4579,"45,187,241"
4580,"41,528,529"
4581,"23,26,251"
4582,"179,313,366"
4583,"528,529,530"
4584,"173,528,529"
4585,"528,529,530"
4586,"16,204,455"
4587,"44,73,419"
4588,"108,124,301"
4589,"2,456,480"
4590,"528,529,530"
4591,"29,528,529"
4592,"528,529,530"
4593,"528,529,530"
4594,"528,529,530"
4595,"280,301,459"
4596,"179,311,529"
4597,"528,529,530"
4598,"187,241,528"
4599,"528,529,530"
4600,"25,528,529"
4601,"405,455,530"
4602,"194,528,529"
4603,"528,529,530"
4604,"528,529,530"
4605,"528,529,530"
4606,"430,529,530"
4607,"271,280,444"
4608,"528,529,530"
4609,"25,67,498"
4610,"194,200,419"
4611,"170,241,366"
4612,"359,425,455"
4613,"528,529,530"
4614,"170,337,529"
4615,"528,529,530"
4616,"528,529,530"
4617,"40,368,529"
4618,"528,529,530"
4619,"187,241,528"
4620,"40,226,241"
4621,"121,181,528"
4622,"528,529,530"
4623,"483,529,530"
4624,"528,529,530"
4625,"168,194,528"
4626,"315,529,530"
4627,"528,529,530"
4628,"528,529,530"
4629,"528,529,530"
4630,"334,406,430"
4631,"528,529,530"
4632,"528,529,530"
4633,"323,459,524"
4634,"528,529,530"
4635,"170,528,529"
4636,"35,243,334"
4637,"247,528,529"
4638,"40,368,529"
4639,"528,529,530"
4640,"270,529,530"
4641,"528,529,530"
4642,"405,529,530"
4643,"92,528,529"
4644,"528,529,530"
4645,"528,529,530"
4646,"528,529,530"
4647,"12,337,339"
4648,"170,187,241"
4649,"528,529,530"
4650,"25,220,528"
4651,"128,455,468"
4652,"199,529,530"
4653,"67,528,529"
4654,"323,419,530"
4655,"528,529,530"
4656,"108,241,301"
4657,"11,69,221"
4658,"251,313,346"
4659,"1,216,366"
4660,"172,409,529"
4661,"528,529,530"
4662,"48,340,513"
4663,"182,315,455"
4664,"83,315,425"
4665,"10,221,419"
4666,"83,528,529"
4667,"310,340,455"
4668,"355,424,498"
4669,"26,128,129"
4670,"430,529,530"
4671,"255,528,529"
4672,"405,456,482"
4673,"204,215,315"
4674,"127,263,528"
4675,"128,528,529"
4676,"23,26,251"
4677,"528,529,530"
4678,"179,374,529"
4679,"343,436,530"
4680,"187,241,528"
4681,"528,529,530"
4682,"528,529,530"
4683,"199,529,530"
4684,"182,270,529"
4685,"459,529,530"
4686,"16,113,204"
4687,"528,529,530"
4688,"2,340,449"
4689,"302,452,530"
4690,"280,425,530"
4691,"256,280,359"
4692,"41,187,241"
4693,"73,182,405"
4694,"528,529,530"
4695,"67,528,529"
4696,"528,529,530"
4697,"480,529,530"
4698,"528,529,530"
4699,"528,529,530"
4700,"170,214,216"
4701,"405,529,530"
4702,"194,200,480"
4703,"220,242,528"
4704,"528,529,530"
4705,"528,529,530"
4706,"29,528,529"
4707,"40,368,529"
4708,"296,452,530"
4709,"528,529,530"
4710,"179,498,529"
4711,"25,220,498"
4712,"64,323,524"
4713,"88,106,528"
4714,"455,529,530"
4715,"270,444,530"
4716,"455,529,530"
4717,"397,409,498"
4718,"182,528,529"
4719,"128,129,315"
4720,"528,529,530"
4721,"528,529,530"
4722,"67,455,529"
4723,"139,221,280"
4724,"254,278,425"
4725,"129,247,313"
4726,"528,529,530"
4727,"247,528,529"
4728,"455,529,530"
4729,"108,271,301"
4730,"100,194,200"
4731,"108,204,301"
4732,"528,529,530"
4733,"45,69,221"
4734,"10,24,25"
4735,"323,529,530"
4736,"340,529,530"
4737,"194,200,301"
4738,"170,301,514"
4739,"528,529,530"
4740,"100,194,200"
4741,"528,529,530"
4742,"182,196,311"
4743,"160,278,483"
4744,"173,182,340"
4745,"528,529,530"
4746,"120,388,529"
4747,"215,494,529"
4748,"124,243,334"
4749,"67,355,456"
4750,"25,220,242"
4751,"271,280,530"
4752,"528,529,530"
4753,"199,529,530"
4754,"241,247,374"
4755,"8,216,235"
4756,"528,529,530"
4757,"235,528,529"
4758,"528,529,530"
4759,"67,187,241"
4760,"182,248,345"
4761,"12,340,455"
4762,"301,340,483"
4763,"528,529,530"
4764,"67,241,468"
4765,"270,529,530"
4766,"194,241,513"
4767,"205,360,397"
4768,"11,69,241"
4769,"498,529,530"
4770,"160,243,334"
4771,"528,529,530"
4772,"83,425,455"
4773,"187,241,340"
4774,"455,529,530"
4775,"100,194,200"
4776,"311,480,530"
4777,"419,529,530"
4778,"29,409,425"
4779,"25,67,221"
4780,"528,529,530"
4781,"44,67,313"
4782,"528,529,530"
4783,"29,241,455"
4784,"67,187,241"
4785,"528,529,530"
4786,"41,224,339"
4787,"3,5,200"
4788,"455,529,530"
4789,"80,514,529"
4790,"8,67,206"
4791,"528,529,530"
4792,"8,206,364"
4793,"528,529,530"
4794,"108,301,455"
4795,"301,459,530"
4796,"271,482,513"
4797,"51,194,200"
4798,"372,455,498"
4799,"170,528,529"
4800,"528,529,530"
4801,"528,529,530"
4802,"25,528,529"
4803,"528,529,530"
4804,"528,529,530"
4805,"301,360,511"
4806,"2,444,455"
4807,"528,529,530"
4808,"247,528,529"
4809,"1,45,417"
4810,"122,528,529"
4811,"528,529,530"
4812,"301,529,530"
4813,"528,529,530"
4814,"255,528,529"
4815,"64,323,524"
4816,"141,296,300"
4817,"39,340,359"
4818,"25,67,455"
4819,"182,313,480"
4820,"199,452,498"
4821,"8,206,360"
4822,"3,18,200"
4823,"528,529,530"
4824,"108,204,301"
4825,"374,529,530"
4826,"95,313,529"
4827,"455,529,530"
4828,"128,129,528"
4829,"187,528,529"
4830,"83,528,529"
4831,"128,129,179"
4832,"8,206,249"
4833,"40,368,529"
4834,"8,397,444"
4835,"56,83,405"
4836,"25,430,455"
4837,"67,83,528"
4838,"291,444,530"
4839,"200,296,405"
4840,"128,129,170"
4841,"199,529,530"
4842,"83,405,529"
4843,"313,430,530"
4844,"11,73,313"
4845,"301,529,530"
4846,"528,529,530"
4847,"25,220,242"
4848,"39,170,241"
4849,"10,528,529"
4850,"8,206,528"
4851,"128,129,315"
4852,"187,241,372"
4853,"135,152,514"
4854,"179,297,529"
4855,"528,529,530"
4856,"76,128,129"
4857,"220,242,528"
4858,"444,529,530"
4859,"220,242,444"
4860,"528,529,530"
4861,"528,529,530"
4862,"73,128,405"
4863,"528,529,530"
4864,"83,528,529"
4865,"128,130,468"
4866,"166,221,405"
4867,"100,194,200"
4868,"330,529,530"
4869,"271,363,530"
4870,"128,129,528"
4871,"249,455,484"
4872,"220,376,425"
4873,"528,529,530"
4874,"528,529,530"
4875,"528,529,530"
4876,"51,528,529"
4877,"0,216,249"
4878,"100,194,200"
4879,"247,313,366"
4880,"498,529,530"
4881,"528,529,530"
4882,"25,69,220"
4883,"340,529,530"
4884,"313,346,530"
4885,"182,528,529"
4886,"340,529,530"
4887,"301,425,530"
4888,"528,529,530"
4889,"259,528,529"
4890,"25,67,205"
4891,"444,514,530"
4892,"301,529,530"
4893,"196,199,480"
4894,"80,128,313"
4895,"8,206,528"
4896,"45,80,448"
4897,"204,215,334"
4898,"419,529,530"
4899,"194,200,419"
4900,"182,301,340"
4901,"11,128,205"
4902,"528,529,530"
4903,"170,528,529"
4904,"528,529,530"
4905,"199,269,355"
4906,"528,529,530"
4907,"179,278,455"
4908,"179,340,529"
4909,"200,357,398"
4910,"67,528,529"
4911,"528,529,530"
4912,"207,301,459"
4913,"135,160,528"
4914,"323,340,524"
4915,"182,187,241"
4916,"220,221,528"
4917,"438,456,465"
4918,"528,529,530"
4919,"528,529,530"
4920,"455,529,530"
4921,"528,529,530"
4922,"313,323,524"
4923,"199,269,355"
4924,"16,528,529"
4925,"215,241,315"
4926,"64,323,524"
4927,"401,529,530"
4928,"11,45,69"
4929,"528,529,530"
4930,"528,529,530"
4931,"340,529,530"
4932,"124,243,334"
4933,"64,323,524"
4934,"220,221,528"
4935,"528,529,530"
4936,"25,528,529"
4937,"25,83,199"
4938,"215,334,430"
4939,"340,359,530"
4940,"69,179,199"
4941,"340,449,497"
4942,"405,529,530"
4943,"168,182,514"
4944,"405,529,530"
4945,"220,425,498"
4946,"405,529,530"
4947,"25,220,454"
4948,"168,194,315"
4949,"528,529,530"
4950,"113,528,529"
4951,"249,484,529"
4952,"8,206,220"
4953,"455,529,530"
4954,"374,529,530"
4955,"29,45,241"
4956,"25,528,529"
4957,"91,528,529"
4958,"528,529,530"
4959,"45,313,455"
4960,"528,529,530"
4961,"528,529,530"
4962,"128,528,529"
4963,"16,80,204"
4964,"8,206,280"
4965,"528,529,530"
4966,"528,529,530"
4967,"160,528,529"
4968,"528,529,530"
4969,"10,24,454"
4970,"313,529,530"
4971,"10,24,220"
4972,"25,271,355"
4973,"528,529,530"
4974,"4,182,528"
4975,"128,129,242"
4976,"405,529,530"
4977,"100,194,200"
4978,"528,529,530"
4979,"108,216,364"
4980,"254,528,529"
4981,"360,430,455"
4982,"528,529,530"
4983,"528,529,530"
4984,"16,200,444"
4985,"194,200,401"
4986,"528,529,530"
4987,"528,529,530"
4988,"405,529,530"
4989,"215,313,346"
4990,"528,529,530"
4991,"67,528,529"
4992,"187,200,241"
4993,"528,529,530"
4994,"215,241,419"
4995,"64,323,524"
4996,"334,405,406"
4997,"29,455,484"
4998,"25,220,425"
4999,"518,529,530"
5000,"528,529,530"
5001,"69,170,255"
5002,"187,241,278"
5003,"247,374,529"
5004,"528,529,530"
5005,"16,25,528"
5006,"23,26,251"
5007,"199,436,530"
5008,"152,302,315"
5009,"10,24,405"
5010,"528,529,530"
5011,"271,361,372"
5012,"55,448,529"
5013,"340,529,530"
5014,"528,529,530"
5015,"518,529,530"
5016,"528,529,530"
5017,"528,529,530"
5018,"182,528,529"
5019,"182,528,529"
5020,"374,529,530"
5021,"528,529,530"
5022,"323,516,524"
5023,"199,529,530"
5024,"108,301,340"
5025,"216,241,405"
5026,"313,346,530"
5027,"40,368,529"
5028,"196,528,529"
5029,"196,528,529"
5030,"269,355,456"
5031,"528,529,530"
5032,"528,529,530"
5033,"182,196,199"
5034,"187,241,393"
5035,"313,482,514"
5036,"56,528,529"
5037,"405,529,530"
5038,"128,170,179"
5039,"40,340,368"
5040,"44,45,67"
5041,"187,241,455"
5042,"67,84,514"
5043,"528,529,530"
5044,"528,529,530"
5045,"374,405,530"
5046,"444,529,530"
5047,"528,529,530"
5048,"168,528,529"
5049,"267,301,364"
5050,"340,529,530"
5051,"528,529,530"
5052,"40,368,449"
5053,"364,529,530"
5054,"528,529,530"
5055,"528,529,530"
5056,"29,528,529"
5057,"182,196,340"
5058,"448,529,530"
5059,"199,311,530"
5060,"113,528,529"
5061,"340,529,530"
5062,"170,528,529"
5063,"179,194,200"
5064,"160,280,360"
5065,"430,529,530"
5066,"8,397,444"
5067,"56,196,340"
5068,"40,368,529"
5069,"340,529,530"
5070,"29,340,529"
5071,"528,529,530"
5072,"29,360,455"
5073,"528,529,530"
5074,"187,241,528"
5075,"528,529,530"
5076,"528,529,530"
5077,"41,194,200"
5078,"25,220,221"
5079,"73,528,529"
5080,"64,323,524"
5081,"25,220,242"
5082,"528,529,530"
5083,"405,529,530"
5084,"216,370,529"
5085,"182,393,529"
5086,"187,241,528"
5087,"528,529,530"
5088,"40,315,368"
5089,"135,182,278"
5090,"259,528,529"
5091,"220,528,529"
5092,"67,220,221"
5093,"10,24,454"
5094,"528,529,530"
5095,"528,529,530"
5096,"11,69,247"
5097,"80,323,419"
5098,"257,360,455"
5099,"11,44,73"
5100,"405,529,530"
5101,"128,328,364"
5102,"170,187,241"
5103,"248,468,480"
5104,"430,529,530"
5105,"259,405,444"
5106,"187,241,263"
5107,"528,529,530"
5108,"528,529,530"
5109,"166,221,419"
5110,"528,529,530"
5111,"49,297,315"
5112,"100,194,200"
5113,"67,194,455"
5114,"45,528,529"
5115,"182,187,241"
5116,"528,529,530"
5117,"179,216,498"
5118,"528,529,530"
5119,"194,528,529"
5120,"301,529,530"
5121,"67,498,529"
5122,"160,528,529"
5123,"455,529,530"
5124,"528,529,530"
5125,"44,73,455"
5126,"528,529,530"
5127,"182,196,199"
5128,"40,368,529"
5129,"128,247,528"
5130,"220,221,498"
5131,"84,468,529"
5132,"528,529,530"
5133,"10,24,454"
5134,"528,529,530"
5135,"8,206,360"
5136,"187,241,528"
5137,"528,529,530"
5138,"8,206,249"
5139,"2,340,359"
5140,"11,69,455"
5141,"528,529,530"
5142,"80,455,524"
5143,"170,528,529"
5144,"247,313,346"
5145,"340,529,530"
5146,"187,241,382"
5147,"220,455,484"
5148,"128,476,498"
5149,"340,529,530"
5150,"128,528,529"
5151,"528,529,530"
5152,"323,405,524"
5153,"135,139,170"
5154,"187,241,271"
5155,"10,69,80"
5156,"528,529,530"
5157,"2,513,529"
5158,"187,241,425"
5159,"88,106,528"
5160,"340,529,530"
5161,"199,529,530"
5162,"374,529,530"
5163,"25,220,242"
5164,"241,402,482"
5165,"179,256,359"
5166,"187,241,528"
5167,"173,528,529"
5168,"25,528,529"
5169,"100,194,200"
5170,"528,529,530"
5171,"0,8,528"
5172,"528,529,530"
5173,"528,529,530"
5174,"12,528,529"
5175,"182,528,529"
5176,"528,529,530"
5177,"196,528,529"
5178,"25,170,220"
5179,"45,67,221"
5180,"45,313,406"
5181,"173,366,529"
5182,"25,528,529"
5183,"182,196,528"
5184,"11,69,455"
5185,"160,528,529"
5186,"29,108,301"
5187,"528,529,530"
5188,"3,5,200"
5189,"528,529,530"
5190,"528,529,530"
5191,"187,241,524"
5192,"455,529,530"
5193,"168,528,529"
5194,"139,313,529"
5195,"49,187,241"
5196,"12,528,529"
5197,"528,529,530"
5198,"152,315,480"
5199,"528,529,530"
5200,"528,529,530"
5201,"179,401,529"
5202,"430,529,530"
5203,"128,129,528"
5204,"2,297,458"
5205,"1,182,528"
5206,"528,529,530"
5207,"301,401,459"
5208,"8,206,349"
5209,"153,179,528"
5210,"39,128,129"
5211,"44,55,313"
5212,"259,528,529"
5213,"41,372,487"
5214,"528,529,530"
5215,"528,529,530"
5216,"194,200,405"
5217,"153,374,529"
5218,"323,419,530"
5219,"301,529,530"
5220,"528,529,530"
5221,"528,529,530"
5222,"8,49,455"
5223,"528,529,530"
5224,"128,528,529"
5225,"528,529,530"
5226,"23,26,251"
5227,"528,529,530"
5228,"172,409,514"
5229,"528,529,530"
5230,"23,251,455"
5231,"444,475,480"
5232,"340,529,530"
5233,"425,529,530"
5234,"128,528,529"
5235,"44,45,313"
5236,"128,129,199"
5237,"45,182,528"
5238,"528,529,530"
5239,"199,529,530"
5240,"11,323,419"
5241,"113,528,529"
5242,"179,528,529"
5243,"220,221,430"
5244,"528,529,530"
5245,"187,241,245"
5246,"135,430,529"
5247,"173,528,529"
5248,"170,357,497"
5249,"40,368,529"
5250,"455,529,530"
5251,"124,243,334"
5252,"528,529,530"
5253,"528,529,530"
5254,"528,529,530"
5255,"179,313,346"
5256,"259,528,529"
5257,"83,315,405"
5258,"528,529,530"
5259,"8,206,249"
5260,"528,529,530"
5261,"528,529,530"
5262,"135,528,529"
5263,"528,529,530"
5264,"25,220,357"
5265,"25,220,221"
5266,"160,419,529"
5267,"67,213,280"
5268,"528,529,530"
5269,"100,194,200"
5270,"280,409,498"
5271,"179,255,497"
5272,"528,529,530"
5273,"528,529,530"
5274,"40,368,529"
5275,"328,529,530"
5276,"8,206,425"
5277,"67,313,529"
5278,"179,528,529"
5279,"100,194,200"
5280,"23,26,251"
5281,"1,25,528"
5282,"323,419,530"
5283,"528,529,530"
5284,"8,235,457"
5285,"528,529,530"
5286,"187,241,528"
5287,"199,455,530"
5288,"51,340,518"
5289,"36,160,405"
5290,"528,529,530"
5291,"182,196,528"
5292,"528,529,530"
5293,"366,399,455"
5294,"528,529,530"
5295,"69,179,199"
5296,"1,67,528"
5297,"382,529,530"
5298,"199,251,529"
5299,"220,242,498"
5300,"1,135,528"
5301,"29,528,529"
5302,"199,405,430"
5303,"528,529,530"
5304,"436,455,530"
5305,"280,529,530"
5306,"29,100,340"
5307,"528,529,530"
5308,"245,528,529"
5309,"516,529,530"
5310,"528,529,530"
5311,"10,11,221"
5312,"160,334,529"
5313,"182,196,528"
5314,"98,213,436"
5315,"73,528,529"
5316,"528,529,530"
5317,"4,182,528"
5318,"269,346,355"
5319,"528,529,530"
5320,"182,528,529"
5321,"40,368,529"
5322,"528,529,530"
5323,"23,29,251"
5324,"528,529,530"
5325,"528,529,530"
5326,"100,194,200"
5327,"2,223,513"
5328,"3,18,200"
5329,"430,529,530"
5330,"196,243,334"
5331,"40,67,368"
5332,"528,529,530"
5333,"108,270,301"
5334,"41,339,374"
5335,"528,529,530"
5336,"160,343,436"
5337,"168,455,529"
5338,"170,528,529"
5339,"40,128,368"
5340,"83,401,452"
5341,"179,199,529"
5342,"100,194,200"
5343,"528,529,530"
5344,"67,528,529"
5345,"528,529,530"
5346,"69,280,455"
5347,"528,529,530"
5348,"355,425,456"
5349,"172,528,529"
5350,"452,529,530"
5351,"528,529,530"
5352,"40,368,529"
5353,"528,529,530"
5354,"96,419,420"
5355,"40,135,368"
5356,"173,528,529"
5357,"528,529,530"
5358,"528,529,530"
5359,"49,455,529"
5360,"247,498,529"
5361,"528,529,530"
5362,"528,529,530"
5363,"301,382,530"
5364,"11,25,45"
5365,"127,263,364"
5366,"100,194,200"
5367,"170,179,405"
5368,"170,528,529"
5369,"108,301,340"
5370,"528,529,530"
5371,"455,529,530"
5372,"328,529,530"
5373,"528,529,530"
5374,"64,323,524"
5375,"40,368,529"
5376,"436,529,530"
5377,"528,529,530"
5378,"310,340,530"
5379,"83,182,405"
5380,"25,528,529"
5381,"315,376,425"
5382,"25,220,242"
5383,"409,455,498"
5384,"187,241,334"
5385,"269,355,409"
5386,"25,96,405"
5387,"455,529,530"
5388,"528,529,530"
5389,"366,529,530"
5390,"67,69,528"
5391,"528,529,530"
5392,"436,455,518"
5393,"100,194,200"
5394,"128,528,529"
5395,"25,83,179"
5396,"528,529,530"
5397,"355,405,456"
5398,"0,8,235"
5399,"179,528,529"
5400,"108,528,529"
5401,"199,529,530"
5402,"49,528,529"
5403,"528,529,530"
5404,"528,529,530"
5405,"135,187,241"
5406,"455,529,530"
5407,"355,456,530"
5408,"528,529,530"
5409,"100,194,200"
5410,"8,206,528"
5411,"182,405,452"
5412,"199,529,530"
5413,"528,529,530"
5414,"69,128,179"
5415,"270,529,530"
5416,"67,528,529"
5417,"528,529,530"
5418,"45,528,529"
5419,"448,529,530"
5420,"3,200,498"
5421,"187,241,355"
5422,"199,529,530"
5423,"29,187,241"
5424,"528,529,530"
5425,"170,182,360"
5426,"528,529,530"
5427,"49,528,529"
5428,"64,323,524"
5429,"2,220,438"
5430,"187,241,528"
5431,"340,529,530"
5432,"528,529,530"
5433,"122,220,340"
5434,"8,220,235"
5435,"64,323,524"
5436,"436,529,530"
5437,"8,235,488"
5438,"29,528,529"
5439,"83,135,528"
5440,"528,529,530"
5441,"528,529,530"
5442,"269,355,530"
5443,"8,206,249"
5444,"340,529,530"
5445,"528,529,530"
5446,"29,271,340"
5447,"83,241,405"
5448,"67,290,529"
5449,"528,529,530"
5450,"528,529,530"
5451,"199,480,530"
5452,"141,296,300"
5453,"100,194,200"
5454,"170,179,223"
5455,"139,182,315"
5456,"214,372,430"
5457,"179,223,374"
5458,"528,529,530"
5459,"139,166,221"
5460,"16,80,200"
5461,"45,528,529"
5462,"528,529,530"
5463,"528,529,530"
5464,"4,311,330"
5465,"83,355,456"
5466,"269,355,376"
5467,"366,529,530"
5468,"135,528,529"
5469,"355,456,498"
5470,"359,405,530"
5471,"139,155,312"
5472,"301,444,459"
5473,"269,355,409"
5474,"8,280,457"
5475,"528,529,530"
5476,"528,529,530"
5477,"44,128,129"
5478,"313,529,530"
5479,"528,529,530"
5480,"199,259,405"
5481,"528,529,530"
5482,"282,459,498"
5483,"8,206,280"
5484,"271,355,530"
5485,"196,436,444"
5486,"127,528,529"
5487,"528,529,530"
5488,"528,529,530"
5489,"405,518,530"
5490,"455,529,530"
5491,"38,323,524"
5492,"528,529,530"
5493,"10,11,221"
5494,"4,141,182"
5495,"0,355,424"
5496,"76,366,430"
5497,"269,355,456"
5498,"528,529,530"
5499,"528,529,530"
5500,"528,529,530"
5501,"313,529,530"
5502,"528,529,530"
5503,"64,323,524"
5504,"528,529,530"
5505,"226,528,529"
5506,"425,458,530"
5507,"179,497,529"
5508,"187,241,364"
5509,"213,280,524"
5510,"528,529,530"
5511,"187,241,528"
5512,"528,529,530"
5513,"528,529,530"
5514,"67,528,529"
5515,"45,313,346"
5516,"40,215,494"
5517,"187,241,455"
5518,"248,528,529"
5519,"214,372,529"
5520,"168,382,529"
5521,"4,310,514"
5522,"313,529,530"
5523,"194,200,455"
5524,"220,242,528"
5525,"100,108,301"
5526,"128,328,514"
5527,"405,529,530"
5528,"340,455,530"
5529,"12,528,529"
5530,"4,182,301"
5531,"213,280,313"
5532,"528,529,530"
5533,"128,179,405"
5534,"135,513,529"
5535,"458,520,530"
5536,"301,340,506"
5537,"187,241,480"
5538,"170,528,529"
5539,"528,529,530"
5540,"382,529,530"
5541,"528,529,530"
5542,"29,199,529"
5543,"179,199,223"
5544,"382,529,530"
5545,"29,267,413"
5546,"528,529,530"
5547,"458,482,530"
5548,"528,529,530"
5549,"528,529,530"
5550,"168,528,529"
5551,"160,199,301"
5552,"179,213,313"
5553,"170,528,529"
5554,"29,271,482"
5555,"313,529,530"
5556,"528,529,530"
5557,"80,91,359"
5558,"179,340,366"
5559,"458,482,530"
5560,"528,529,530"
5561,"528,529,530"
5562,"359,529,530"
5563,"221,280,498"
5564,"528,529,530"
5565,"360,444,455"
5566,"73,528,529"
5567,"528,529,530"
5568,"100,194,200"
5569,"194,200,315"
5570,"528,529,530"
5571,"528,529,530"
5572,"170,528,529"
5573,"139,528,529"
5574,"528,529,530"
5575,"360,418,520"
5576,"170,528,529"
5577,"359,529,530"
5578,"8,313,457"
5579,"498,529,530"
5580,"241,313,346"
5581,"80,528,529"
5582,"528,529,530"
5583,"401,529,530"
5584,"215,315,518"
5585,"12,455,529"
5586,"199,315,530"
5587,"528,529,530"
5588,"129,241,513"
5589,"528,529,530"
5590,"213,359,482"
5591,"107,452,459"
5592,"40,182,245"
5593,"67,172,528"
5594,"25,528,529"
5595,"23,26,251"
5596,"357,360,455"
5597,"128,405,455"
5598,"135,313,340"
5599,"179,409,529"
5600,"113,216,340"
5601,"80,187,241"
5602,"528,529,530"
5603,"514,529,530"
5604,"528,529,530"
5605,"73,528,529"
5606,"25,220,528"
5607,"273,455,530"
5608,"25,220,498"
5609,"270,529,530"
5610,"247,330,529"
5611,"271,280,330"
5612,"223,455,529"
5613,"182,360,397"
5614,"313,366,397"
5615,"455,529,530"
5616,"323,419,530"
5617,"187,241,409"
5618,"67,269,355"
5619,"376,425,449"
5620,"64,323,524"
5621,"220,221,528"
5622,"128,129,315"
5623,"273,360,455"
5624,"172,528,529"
5625,"349,480,488"
5626,"179,455,468"
5627,"199,529,530"
5628,"160,255,528"
5629,"528,529,530"
5630,"204,215,315"
5631,"503,529,530"
5632,"528,529,530"
5633,"528,529,530"
5634,"170,528,529"
5635,"528,529,530"
5636,"170,528,529"
5637,"67,528,529"
5638,"11,205,220"
5639,"194,200,337"
5640,"128,528,529"
5641,"355,409,456"
5642,"528,529,530"
5643,"221,382,430"
5644,"528,529,530"
5645,"355,455,456"
5646,"83,247,528"
5647,"64,323,524"
5648,"528,529,530"
5649,"528,529,530"
5650,"108,301,364"
5651,"452,529,530"
5652,"313,366,397"
5653,"528,529,530"
5654,"528,529,530"
5655,"269,313,355"
5656,"100,194,200"
5657,"528,529,530"
5658,"340,513,530"
5659,"405,529,530"
5660,"182,528,529"
5661,"528,529,530"
5662,"83,528,529"
5663,"182,196,528"
5664,"241,271,359"
5665,"214,366,372"
5666,"139,315,455"
5667,"140,528,529"
5668,"528,529,530"
5669,"528,529,530"
5670,"269,340,355"
5671,"113,187,241"
5672,"45,128,129"
5673,"182,241,406"
5674,"64,323,524"
5675,"301,455,530"
5676,"528,529,530"
5677,"214,528,529"
5678,"528,529,530"
5679,"100,194,200"
5680,"314,529,530"
5681,"83,95,524"
5682,"528,529,530"
5683,"187,241,528"
5684,"528,529,530"
5685,"108,301,518"
5686,"100,194,200"
5687,"11,69,528"
5688,"528,529,530"
5689,"528,529,530"
5690,"128,129,251"
5691,"468,529,530"
5692,"296,529,530"
5693,"528,529,530"
5694,"67,405,448"
5695,"67,196,514"
5696,"528,529,530"
5697,"4,182,340"
5698,"49,182,405"
5699,"528,529,530"
5700,"160,302,340"
5701,"296,405,530"
5702,"528,529,530"
5703,"242,313,376"
5704,"80,448,455"
5705,"2,182,513"
5706,"528,529,530"
5707,"528,529,530"
5708,"528,529,530"
5709,"528,529,530"
5710,"528,529,530"
5711,"405,514,530"
5712,"355,366,456"
5713,"220,242,528"
5714,"528,529,530"
5715,"69,179,199"
5716,"170,528,529"
5717,"528,529,530"
5718,"16,204,364"
5719,"92,129,401"
5720,"170,374,513"
5721,"187,200,241"
5722,"241,340,425"
5723,"528,529,530"
5724,"313,360,488"
5725,"518,529,530"
5726,"366,401,449"
5727,"528,529,530"
5728,"187,241,528"
5729,"67,430,529"
5730,"10,323,529"
5731,"179,313,409"
5732,"113,170,179"
5733,"528,529,530"
5734,"315,529,530"
5735,"528,529,530"
5736,"29,160,179"
5737,"328,405,530"
5738,"200,397,458"
5739,"528,529,530"
5740,"455,459,530"
5741,"179,528,529"
5742,"187,220,241"
5743,"160,340,529"
5744,"340,359,444"
5745,"301,529,530"
5746,"25,220,270"
5747,"8,11,245"
5748,"67,182,322"
5749,"25,44,524"
5750,"220,242,528"
5751,"135,241,248"
5752,"41,160,339"
5753,"25,128,220"
5754,"40,368,419"
5755,"1,313,405"
5756,"67,182,405"
5757,"376,425,530"
5758,"340,529,530"
5759,"179,498,529"
5760,"220,221,528"
5761,"40,368,529"
5762,"4,29,340"
5763,"64,323,524"
5764,"528,529,530"
5765,"182,270,340"
5766,"12,528,529"
5767,"528,529,530"
5768,"337,529,530"
5769,"528,529,530"
5770,"528,529,530"
5771,"23,26,251"
5772,"528,529,530"
5773,"528,529,530"
5774,"196,438,455"
5775,"45,59,95"
5776,"313,529,530"
5777,"182,528,529"
5778,"100,187,503"
5779,"1,215,364"
5780,"23,251,340"
5781,"301,459,530"
5782,"10,45,405"
5783,"139,312,364"
5784,"528,529,530"
5785,"204,215,334"
5786,"73,528,529"
5787,"25,220,340"
5788,"187,241,528"
5789,"528,529,530"
5790,"23,251,514"
5791,"528,529,530"
5792,"245,498,524"
5793,"436,529,530"
5794,"220,340,498"
5795,"215,334,405"
5796,"528,529,530"
5797,"95,514,524"
5798,"528,529,530"
5799,"84,468,529"
5800,"452,529,530"
5801,"528,529,530"
5802,"528,529,530"
5803,"241,406,494"
5804,"528,529,530"
5805,"458,520,530"
5806,"254,277,413"
5807,"179,313,485"
5808,"528,529,530"
5809,"528,529,530"
5810,"128,256,340"
5811,"144,364,529"
5812,"170,528,529"
5813,"16,199,480"
5814,"528,529,530"
5815,"444,455,530"
5816,"528,529,530"
5817,"528,529,530"
5818,"113,449,529"
5819,"528,529,530"
5820,"25,220,343"
5821,"8,128,206"
5822,"271,280,455"
5823,"80,528,529"
5824,"528,529,530"
5825,"187,214,241"
5826,"182,241,345"
5827,"418,529,530"
5828,"25,67,220"
5829,"270,529,530"
5830,"280,322,405"
5831,"528,529,530"
5832,"518,529,530"
5833,"528,529,530"
5834,"29,128,129"
5835,"128,313,346"
5836,"4,182,528"
5837,"220,221,528"
5838,"182,528,529"
5839,"25,528,529"
5840,"245,528,529"
5841,"160,455,488"
5842,"11,69,455"
5843,"196,199,529"
5844,"29,173,528"
5845,"313,346,530"
5846,"528,529,530"
5847,"296,529,530"
5848,"8,206,528"
5849,"405,498,530"
5850,"25,29,182"
5851,"528,529,530"
5852,"528,529,530"
5853,"340,529,530"
5854,"182,187,241"
5855,"40,368,529"
5856,"29,528,529"
5857,"528,529,530"
5858,"528,529,530"
5859,"2,480,484"
5860,"187,241,528"
5861,"313,349,418"
5862,"128,245,313"
5863,"528,529,530"
5864,"45,405,455"
5865,"340,529,530"
5866,"528,529,530"
5867,"220,242,528"
5868,"67,528,529"
5869,"3,182,200"
5870,"301,529,530"
5871,"2,199,223"
5872,"528,529,530"
5873,"12,528,529"
5874,"528,529,530"
5875,"40,368,529"
5876,"199,529,530"
5877,"528,529,530"
5878,"2,444,455"
5879,"100,194,200"
5880,"160,315,317"
5881,"29,334,436"
5882,"25,528,529"
5883,"141,300,436"
5884,"25,436,529"
5885,"313,314,413"
5886,"528,529,530"
5887,"73,528,529"
5888,"49,270,459"
5889,"67,241,468"
5890,"528,529,530"
5891,"301,459,530"
5892,"366,401,449"
5893,"187,241,455"
5894,"114,182,528"
5895,"340,349,418"
5896,"241,374,425"
5897,"108,301,529"
5898,"528,529,530"
5899,"528,529,530"
5900,"40,368,529"
5901,"199,281,530"
5902,"528,529,530"
5903,"45,69,425"
5904,"528,529,530"
5905,"340,459,530"
5906,"11,455,529"
5907,"455,529,530"
5908,"170,301,337"
5909,"323,374,518"
5910,"212,497,529"
5911,"135,374,529"
5912,"528,529,530"
5913,"315,529,530"
5914,"528,529,530"
5915,"357,360,455"
5916,"92,179,528"
5917,"40,368,529"
5918,"328,529,530"
5919,"173,301,405"
5920,"69,313,425"
5921,"528,529,530"
5922,"354,405,455"
5923,"528,529,530"
5924,"528,529,530"
5925,"8,179,206"
5926,"291,444,524"
5927,"528,529,530"
5928,"528,529,530"
5929,"528,529,530"
5930,"498,529,530"
5931,"69,455,529"
5932,"187,241,334"
5933,"296,340,455"
5934,"4,182,340"
5935,"528,529,530"
5936,"359,483,530"
5937,"528,529,530"
5938,"528,529,530"
5939,"430,529,530"
5940,"212,254,497"
5941,"64,323,524"
5942,"455,529,530"
5943,"220,221,528"
5944,"4,182,528"
5945,"141,200,518"
5946,"528,529,530"
5947,"8,235,528"
5948,"25,220,528"
5949,"344,376,530"
5950,"44,528,529"
5951,"213,252,482"
5952,"160,251,528"
5953,"528,529,530"
5954,"528,529,530"
5955,"528,529,530"
5956,"108,204,301"
5957,"528,529,530"
5958,"528,529,530"
5959,"49,170,419"
5960,"340,529,530"
5961,"48,301,430"
5962,"100,194,200"
5963,"313,529,530"
5964,"528,529,530"
5965,"179,256,280"
5966,"40,368,425"
5967,"128,241,405"
5968,"364,529,530"
5969,"528,529,530"
5970,"128,357,498"
5971,"528,529,530"
5972,"528,529,530"
5973,"8,206,528"
5974,"187,200,241"
5975,"94,528,529"
5976,"100,194,200"
5977,"25,528,529"
5978,"528,529,530"
5979,"64,323,524"
5980,"405,529,530"
5981,"340,444,530"
5982,"405,438,530"
5983,"11,69,528"
5984,"199,529,530"
5985,"311,529,530"
5986,"528,529,530"
5987,"179,405,455"
5988,"528,529,530"
5989,"182,200,483"
5990,"160,255,528"
5991,"179,280,313"
5992,"497,529,530"
5993,"10,220,221"
5994,"220,528,529"
5995,"67,323,524"
5996,"271,340,361"
5997,"220,221,242"
5998,"331,529,530"
5999,"528,529,530"
6000,"528,529,530"
6001,"157,528,529"
6002,"528,529,530"
6003,"214,216,458"
6004,"528,529,530"
6005,"528,529,530"
6006,"215,480,494"
6007,"29,187,241"
6008,"100,194,200"
6009,"100,194,200"
6010,"67,418,529"
6011,"528,529,530"
6012,"204,456,482"
6013,"67,366,397"
6014,"455,529,530"
6015,"528,529,530"
6016,"301,529,530"
6017,"323,455,524"
6018,"280,529,530"
6019,"92,340,455"
6020,"45,323,364"
6021,"355,409,425"
6022,"8,206,528"
6023,"100,194,200"
6024,"8,376,425"
6025,"12,528,529"
6026,"100,194,200"
6027,"235,357,529"
6028,"108,204,301"
6029,"40,368,529"
6030,"100,194,200"
6031,"528,529,530"
6032,"271,280,355"
6033,"448,529,530"
6034,"528,529,530"
6035,"152,459,529"
6036,"45,528,529"
6037,"528,529,530"
6038,"187,528,529"
6039,"340,529,530"
6040,"152,315,340"
6041,"29,47,528"
6042,"405,529,530"
6043,"528,529,530"
6044,"1,216,366"
6045,"40,368,529"
6046,"25,220,242"
6047,"45,417,529"
6048,"313,419,455"
6049,"323,340,524"
6050,"73,528,529"
6051,"168,528,529"
6052,"528,529,530"
6053,"139,315,409"
6054,"241,406,494"
6055,"10,11,221"
6056,"187,241,340"
6057,"455,529,530"
6058,"528,529,530"
6059,"160,251,417"
6060,"179,334,430"
6061,"455,529,530"
6062,"226,528,529"
6063,"100,194,200"
6064,"141,528,529"
6065,"528,529,530"
6066,"199,529,530"
6067,"452,529,530"
6068,"67,528,529"
6069,"528,529,530"
6070,"528,529,530"
6071,"3,200,449"
6072,"360,425,455"
6073,"405,529,530"
6074,"528,529,530"
6075,"528,529,530"
6076,"12,313,382"
6077,"271,361,372"
6078,"92,528,529"
6079,"67,160,323"
6080,"528,529,530"
6081,"8,173,206"
6082,"2,458,480"
6083,"179,280,455"
6084,"26,528,529"
6085,"528,529,530"
6086,"215,374,430"
6087,"311,529,530"
6088,"49,328,405"
6089,"313,529,530"
6090,"10,528,529"
6091,"243,313,334"
6092,"199,282,419"
6093,"128,528,529"
6094,"322,529,530"
6095,"514,529,530"
6096,"528,529,530"
6097,"313,366,397"
6098,"528,529,530"
6099,"528,529,530"
6100,"2,8,425"
6101,"67,241,468"
6102,"79,323,524"
6103,"340,409,498"
6104,"528,529,530"
6105,"328,405,530"
6106,"2,449,529"
6107,"241,406,494"
6108,"405,529,530"
6109,"4,182,301"
6110,"12,528,529"
6111,"88,106,528"
6112,"430,529,530"
6113,"67,199,529"
6114,"160,405,455"
6115,"170,199,414"
6116,"2,179,216"
6117,"340,359,530"
6118,"528,529,530"
6119,"10,528,529"
6120,"8,206,528"
6121,"44,220,280"
6122,"108,301,529"
6123,"204,215,315"
6124,"16,170,311"
6125,"214,216,425"
6126,"528,529,530"
6127,"340,529,530"
6128,"29,528,529"
6129,"187,241,313"
6130,"29,69,528"
6131,"528,529,530"
6132,"187,241,528"
6133,"179,271,352"
6134,"528,529,530"
6135,"498,529,530"
6136,"11,45,73"
6137,"29,518,529"
6138,"364,529,530"
6139,"528,529,530"
6140,"528,529,530"
6141,"45,241,313"
6142,"528,529,530"
6143,"528,529,530"
6144,"128,129,528"
6145,"296,529,530"
6146,"313,529,530"
6147,"67,280,455"
6148,"29,168,194"
6149,"528,529,530"
6150,"200,340,364"
6151,"528,529,530"
6152,"199,529,530"
6153,"528,529,530"
6154,"419,529,530"
6155,"220,528,529"
6156,"480,493,530"
6157,"128,182,310"
6158,"92,323,419"
6159,"40,368,529"
6160,"313,346,374"
6161,"528,529,530"
6162,"528,529,530"
6163,"170,310,529"
6164,"166,221,311"
6165,"80,313,529"
6166,"170,528,529"
6167,"220,221,528"
6168,"220,405,529"
6169,"100,194,200"
6170,"528,529,530"
6171,"296,529,530"
6172,"41,528,529"
6173,"528,529,530"
6174,"173,528,529"
6175,"528,529,530"
6176,"430,529,530"
6177,"128,528,529"
6178,"4,182,518"
6179,"25,444,524"
6180,"152,234,419"
6181,"220,221,528"
6182,"528,529,530"
6183,"128,129,364"
6184,"409,456,482"
6185,"114,182,270"
6186,"3,18,200"
6187,"49,528,529"
6188,"528,529,530"
6189,"528,529,530"
6190,"173,404,456"
6191,"247,528,529"
6192,"26,179,251"
6193,"39,455,529"
6194,"372,529,530"
6195,"88,106,455"
6196,"108,301,518"
6197,"528,529,530"
6198,"528,529,530"
6199,"405,436,530"
6200,"528,529,530"
6201,"124,243,334"
6202,"223,498,529"
6203,"528,529,530"
6204,"152,315,340"
6205,"67,528,529"
6206,"8,206,448"
6207,"140,528,529"
6208,"528,529,530"
6209,"301,529,530"
6210,"8,235,528"
6211,"528,529,530"
6212,"40,340,368"
6213,"528,529,530"
6214,"528,529,530"
6215,"12,528,529"
6216,"528,529,530"
6217,"528,529,530"
6218,"528,529,530"
6219,"160,334,529"
6220,"25,220,221"
6221,"271,425,488"
6222,"4,182,528"
6223,"40,368,529"
6224,"121,181,528"
6225,"25,220,242"
6226,"128,220,242"
6227,"25,221,357"
6228,"213,313,346"
6229,"100,194,200"
6230,"458,529,530"
6231,"269,355,409"
6232,"528,529,530"
6233,"214,216,528"
6234,"296,405,530"
6235,"127,170,263"
6236,"4,108,301"
6237,"313,346,513"
6238,"23,251,313"
6239,"45,313,529"
6240,"170,247,528"
6241,"40,368,529"
6242,"528,529,530"
6243,"438,529,530"
6244,"528,529,530"
6245,"301,323,524"
6246,"199,529,530"
6247,"528,529,530"
6248,"170,528,529"
6249,"8,25,67"
6250,"40,194,430"
6251,"280,438,455"
6252,"528,529,530"
6253,"528,529,530"
6254,"25,528,529"
6255,"405,529,530"
6256,"241,269,355"
6257,"100,503,529"
6258,"64,323,524"
6259,"313,346,530"
6260,"100,194,200"
6261,"343,529,530"
6262,"249,484,498"
6263,"528,529,530"
6264,"25,160,199"
6265,"29,528,529"
6266,"528,529,530"
6267,"187,200,241"
6268,"4,182,528"
6269,"108,301,340"
6270,"247,528,529"
6271,"108,124,140"
6272,"528,529,530"
6273,"100,194,200"
6274,"498,529,530"
6275,"4,108,301"
6276,"280,456,482"
6277,"11,69,73"
6278,"528,529,530"
6279,"528,529,530"
6280,"223,340,458"
6281,"528,529,530"
6282,"4,182,528"
6283,"45,340,419"
6284,"330,340,455"
6285,"528,529,530"
6286,"271,280,355"
6287,"528,529,530"
6288,"92,170,528"
6289,"528,529,530"
6290,"498,529,530"
6291,"528,529,530"
6292,"49,528,529"
6293,"528,529,530"
6294,"194,200,436"
6295,"44,528,529"
6296,"2,337,455"
6297,"8,206,425"
6298,"528,529,530"
6299,"528,529,530"
6300,"340,529,530"
6301,"528,529,530"
6302,"8,206,357"
6303,"25,128,455"
6304,"355,360,455"
6305,"69,313,529"
6306,"528,529,530"
6307,"528,529,530"
6308,"10,45,221"
6309,"528,529,530"
6310,"528,529,530"
6311,"12,128,488"
6312,"49,83,528"
6313,"528,529,530"
6314,"44,45,528"
6315,"528,529,530"
6316,"173,301,459"
6317,"528,529,530"
6318,"64,323,524"
6319,"67,73,160"
6320,"528,529,530"
6321,"528,529,530"
6322,"25,528,529"
6323,"67,528,529"
6324,"140,199,455"
6325,"128,160,313"
6326,"528,529,530"
6327,"528,529,530"
6328,"73,182,405"
6329,"25,220,242"
6330,"528,529,530"
6331,"4,340,364"
6332,"528,529,530"
6333,"49,187,241"
6334,"25,69,128"
6335,"67,528,529"
6336,"340,529,530"
6337,"187,301,376"
6338,"16,528,529"
6339,"528,529,530"
6340,"108,301,340"
6341,"528,529,530"
6342,"44,69,73"
6343,"10,45,67"
6344,"128,355,456"
6345,"8,206,425"
6346,"128,129,313"
6347,"220,528,529"
6348,"2,476,529"
6349,"340,455,530"
6350,"187,199,241"
6351,"152,302,315"
6352,"340,359,530"
6353,"216,255,313"
6354,"340,529,530"
6355,"83,241,405"
6356,"187,194,241"
6357,"182,271,455"
6358,"528,529,530"
6359,"334,374,405"
6360,"528,529,530"
6361,"196,405,455"
6362,"528,529,530"
6363,"296,529,530"
6364,"528,529,530"
6365,"204,215,315"
6366,"247,313,346"
6367,"528,529,530"
6368,"220,528,529"
6369,"168,340,529"
6370,"160,334,406"
6371,"528,529,530"
6372,"355,456,497"
6373,"172,182,301"
6374,"25,220,242"
6375,"40,241,368"
6376,"187,241,528"
6377,"92,528,529"
6378,"528,529,530"
6379,"100,455,503"
6380,"340,359,530"
6381,"405,409,444"
6382,"280,425,530"
6383,"128,220,290"
6384,"194,200,337"
6385,"528,529,530"
6386,"280,529,530"
6387,"528,529,530"
6388,"8,206,455"
6389,"528,529,530"
6390,"528,529,530"
6391,"242,528,529"
6392,"528,529,530"
6393,"278,456,482"
6394,"528,529,530"
6395,"528,529,530"
6396,"528,529,530"
6397,"199,529,530"
6398,"271,340,425"
6399,"25,220,242"
6400,"11,313,455"
6401,"256,271,401"
6402,"291,444,530"
6403,"108,204,301"
6404,"10,323,514"
6405,"128,528,529"
6406,"8,206,344"
6407,"25,528,529"
6408,"528,529,530"
6409,"269,355,405"
6410,"528,529,530"
6411,"528,529,530"
6412,"528,529,530"
6413,"45,528,529"
6414,"187,241,527"
6415,"4,182,528"
6416,"187,263,418"
6417,"204,215,315"
6418,"455,529,530"
6419,"40,368,529"
6420,"374,529,530"
6421,"528,529,530"
6422,"155,194,315"
6423,"41,323,405"
6424,"64,323,524"
6425,"204,215,315"
6426,"8,235,528"
6427,"83,241,322"
6428,"528,529,530"
6429,"40,368,529"
6430,"528,529,530"
6431,"39,199,529"
6432,"67,205,280"
6433,"323,419,530"
6434,"313,359,530"
6435,"187,241,528"
6436,"452,529,530"
6437,"528,529,530"
6438,"182,455,529"
6439,"3,18,200"
6440,"528,529,530"
6441,"456,482,530"
6442,"160,528,529"
6443,"452,455,530"
6444,"528,529,530"
6445,"4,182,528"
6446,"528,529,530"
6447,"528,529,530"
6448,"10,221,419"
6449,"100,194,200"
6450,"340,397,436"
6451,"528,529,530"
6452,"39,528,529"
6453,"8,206,313"
6454,"95,313,524"
6455,"11,45,128"
6456,"128,129,528"
6457,"16,528,529"
6458,"11,49,360"
6459,"140,170,528"
6460,"64,323,524"
6461,"355,456,516"
6462,"25,220,242"
6463,"113,528,529"
6464,"528,529,530"
6465,"100,194,200"
6466,"528,529,530"
6467,"199,313,340"
6468,"10,69,323"
6469,"155,194,248"
6470,"498,529,530"
6471,"160,267,301"
6472,"45,528,529"
6473,"528,529,530"
6474,"204,528,529"
6475,"29,40,368"
6476,"172,182,528"
6477,"182,328,340"
6478,"179,199,529"
6479,"100,194,200"
6480,"213,346,482"
6481,"67,528,529"
6482,"296,340,530"
6483,"315,529,530"
6484,"328,417,530"
6485,"360,397,530"
6486,"425,488,516"
6487,"113,340,529"
6488,"528,529,530"
6489,"187,215,241"
6490,"113,301,425"
6491,"280,313,514"
6492,"128,179,196"
6493,"179,364,529"
6494,"528,529,530"
6495,"528,529,530"
6496,"528,529,530"
6497,"366,529,530"
6498,"8,206,456"
6499,"83,199,529"
6500,"95,313,524"
6501,"301,529,530"
6502,"8,206,528"
6503,"322,444,530"
6504,"220,221,528"
6505,"245,297,405"
6506,"313,314,340"
6507,"135,374,529"
6508,"11,69,405"
6509,"128,129,313"
6510,"187,241,313"
6511,"182,528,529"
6512,"528,529,530"
6513,"278,301,455"
6514,"11,528,529"
6515,"25,67,220"
6516,"11,26,73"
6517,"382,529,530"
6518,"11,205,528"
6519,"311,529,530"
6520,"220,498,529"
6521,"137,220,493"
6522,"528,529,530"
6523,"67,194,528"
6524,"452,529,530"
6525,"170,528,529"
6526,"170,199,529"
6527,"528,529,530"
6528,"108,194,301"
6529,"528,529,530"
6530,"21,124,194"
6531,"67,128,401"
6532,"528,529,530"
6533,"73,340,401"
6534,"528,529,530"
6535,"88,106,528"
6536,"528,529,530"
6537,"100,194,200"
6538,"528,529,530"
6539,"128,313,346"
6540,"67,405,455"
6541,"528,529,530"
6542,"357,360,455"
6543,"220,355,357"
6544,"271,340,455"
6545,"64,323,524"
6546,"128,528,529"
6547,"35,334,529"
6548,"430,455,530"
6549,"328,430,455"
6550,"40,368,529"
6551,"247,528,529"
6552,"67,128,528"
6553,"528,529,530"
6554,"220,221,444"
6555,"312,340,343"
6556,"10,11,205"
6557,"170,528,529"
6558,"528,529,530"
6559,"405,456,482"
6560,"528,529,530"
6561,"10,221,405"
6562,"405,529,530"
6563,"528,529,530"
6564,"168,528,529"
6565,"187,241,382"
6566,"528,529,530"
6567,"301,393,425"
6568,"267,301,467"
6569,"199,529,530"
6570,"2,425,455"
6571,"8,235,455"
6572,"528,529,530"
6573,"528,529,530"
6574,"528,529,530"
6575,"340,452,498"
6576,"179,337,529"
6577,"343,405,530"
6578,"179,249,528"
6579,"528,529,530"
6580,"67,80,313"
6581,"49,349,418"
6582,"40,368,529"
6583,"528,529,530"
6584,"528,529,530"
6585,"528,529,530"
6586,"528,529,530"
6587,"528,529,530"
6588,"220,528,529"
6589,"2,200,359"
6590,"528,529,530"
6591,"179,528,529"
6592,"455,529,530"
6593,"25,376,498"
6594,"69,83,405"
6595,"528,529,530"
6596,"528,529,530"
6597,"196,528,529"
6598,"528,529,530"
6599,"83,528,529"
6600,"25,528,529"
6601,"528,529,530"
6602,"296,455,530"
6603,"64,323,524"
6604,"29,528,529"
6605,"528,529,530"
6606,"196,528,529"
6607,"528,529,530"
6608,"67,528,529"
6609,"528,529,530"
6610,"528,529,530"
6611,"0,340,484"
6612,"64,323,524"
6613,"11,26,205"
6614,"170,528,529"
6615,"528,529,530"
6616,"340,529,530"
6617,"401,529,530"
6618,"67,128,182"
6619,"128,187,241"
6620,"528,529,530"
6621,"438,456,465"
6622,"179,354,529"
6623,"8,206,480"
6624,"173,182,196"
6625,"528,529,530"
6626,"528,529,530"
6627,"108,301,459"
6628,"25,220,221"
6629,"3,5,200"
6630,"8,425,456"
6631,"480,529,530"
6632,"187,196,263"
6633,"2,480,529"
6634,"444,480,530"
6635,"452,529,530"
6636,"182,196,528"
6637,"528,529,530"
6638,"528,529,530"
6639,"64,323,524"
6640,"528,529,530"
6641,"2,449,476"
6642,"528,529,530"
6643,"528,529,530"
6644,"215,494,529"
6645,"196,251,514"
6646,"67,187,241"
6647,"528,529,530"
6648,"199,334,405"
6649,"528,529,530"
6650,"528,529,530"
6651,"220,313,455"
6652,"296,529,530"
6653,"25,179,528"
6654,"528,529,530"
6655,"100,194,200"
6656,"315,529,530"
6657,"528,529,530"
6658,"199,529,530"
6659,"69,187,241"
6660,"220,221,359"
6661,"255,528,529"
6662,"10,24,113"
6663,"168,194,468"
6664,"220,221,425"
6665,"528,529,530"
6666,"313,366,397"
6667,"528,529,530"
6668,"40,368,514"
6669,"528,529,530"
6670,"12,135,323"
6671,"67,179,528"
6672,"391,405,514"
6673,"49,323,524"
6674,"422,529,530"
6675,"8,235,405"
6676,"29,528,529"
6677,"528,529,530"
6678,"179,340,529"
6679,"8,206,528"
6680,"1,366,529"
6681,"64,323,524"
6682,"83,528,529"
6683,"64,323,524"
6684,"301,340,455"
6685,"152,301,459"
6686,"160,334,359"
6687,"1,296,529"
6688,"44,45,425"
6689,"271,361,372"
6690,"194,200,405"
6691,"528,529,530"
6692,"528,529,530"
6693,"455,483,530"
6694,"271,280,455"
6695,"528,529,530"
6696,"528,529,530"
6697,"528,529,530"
6698,"204,215,334"
6699,"194,200,301"
6700,"182,200,455"
6701,"12,528,529"
6702,"528,529,530"
6703,"220,242,528"
6704,"155,194,248"
6705,"455,529,530"
6706,"204,364,529"
6707,"88,106,455"
6708,"528,529,530"
6709,"528,529,530"
6710,"355,455,456"
6711,"323,529,530"
6712,"340,529,530"
6713,"160,528,529"
6714,"528,529,530"
6715,"199,215,315"
6716,"220,221,528"
6717,"135,160,172"
6718,"355,405,456"
6719,"297,340,359"
6720,"94,251,518"
6721,"29,45,55"
6722,"528,529,530"
6723,"528,529,530"
6724,"25,220,425"
6725,"528,529,530"
6726,"498,529,530"
6727,"271,355,360"
6728,"67,176,513"
6729,"40,368,529"
6730,"214,216,372"
6731,"247,498,529"
6732,"528,529,530"
6733,"528,529,530"
6734,"528,529,530"
6735,"405,458,464"
6736,"528,529,530"
6737,"10,221,448"
6738,"220,221,528"
6739,"301,364,530"
6740,"8,206,528"
6741,"419,529,530"
6742,"205,528,529"
6743,"220,221,528"
6744,"8,206,425"
6745,"100,194,200"
6746,"528,529,530"
6747,"10,310,323"
6748,"45,187,241"
6749,"172,455,529"
6750,"301,340,455"
6751,"528,529,530"
6752,"528,529,530"
6753,"135,528,529"
6754,"140,528,529"
6755,"528,529,530"
6756,"25,220,528"
6757,"204,215,334"
6758,"340,529,530"
6759,"108,204,301"
6760,"23,26,251"
6761,"528,529,530"
6762,"528,529,530"
6763,"455,529,530"
6764,"528,529,530"
6765,"216,271,340"
6766,"29,340,409"
6767,"44,45,455"
6768,"10,24,454"
6769,"199,455,530"
6770,"271,355,374"
6771,"2,413,449"
6772,"160,528,529"
6773,"301,364,530"
6774,"100,194,200"
6775,"100,194,200"
6776,"3,18,200"
6777,"405,529,530"
6778,"405,455,530"
6779,"182,196,409"
6780,"83,168,513"
6781,"528,529,530"
6782,"67,528,529"
6783,"319,529,530"
6784,"45,528,529"
6785,"313,314,480"
6786,"25,67,528"
6787,"40,368,529"
6788,"417,529,530"
6789,"196,528,529"
6790,"8,206,425"
6791,"221,405,518"
6792,"8,235,360"
6793,"220,235,425"
6794,"49,528,529"
6795,"350,355,456"
6796,"340,529,530"
6797,"528,529,530"
6798,"528,529,530"
6799,"528,529,530"
6800,"4,108,301"
6801,"382,529,530"
6802,"108,301,340"
6803,"360,409,458"
6804,"128,129,313"
6805,"528,529,530"
6806,"528,529,530"
6807,"170,179,337"
6808,"182,528,529"
6809,"340,480,530"
6810,"11,223,498"
6811,"419,529,530"
6812,"100,194,200"
6813,"270,529,530"
6814,"528,529,530"
6815,"528,529,530"
6816,"51,528,529"
6817,"194,199,529"
6818,"67,528,529"
6819,"528,529,530"
6820,"271,280,355"
6821,"270,280,482"
6822,"364,493,530"
6823,"528,529,530"
6824,"271,363,498"
6825,"45,448,498"
6826,"199,529,530"
6827,"40,368,529"
6828,"214,216,366"
6829,"528,529,530"
6830,"459,529,530"
6831,"323,529,530"
6832,"25,528,529"
6833,"506,529,530"
6834,"16,187,340"
6835,"135,528,529"
6836,"528,529,530"
6837,"10,313,323"
6838,"124,243,334"
6839,"114,182,513"
6840,"25,528,529"
6841,"405,529,530"
6842,"528,529,530"
6843,"29,179,514"
6844,"127,200,263"
6845,"355,409,456"
6846,"349,418,498"
6847,"187,241,528"
6848,"528,529,530"
6849,"135,160,528"
6850,"340,529,530"
6851,"67,528,529"
6852,"83,323,524"
6853,"8,206,493"
6854,"67,179,241"
6855,"155,194,248"
6856,"67,528,529"
6857,"16,528,529"
6858,"8,206,280"
6859,"528,529,530"
6860,"187,241,343"
6861,"187,241,430"
6862,"108,204,301"
6863,"44,45,160"
6864,"10,12,455"
6865,"45,67,528"
6866,"199,405,498"
6867,"323,419,530"
6868,"213,482,498"
6869,"187,241,528"
6870,"83,113,301"
6871,"528,529,530"
6872,"40,368,529"
6873,"73,182,455"
6874,"213,247,405"
6875,"196,355,456"
6876,"199,529,530"
6877,"23,179,251"
6878,"528,529,530"
6879,"187,194,200"
6880,"8,206,216"
6881,"528,529,530"
6882,"199,529,530"
6883,"1,528,529"
6884,"247,355,456"
6885,"296,529,530"
6886,"528,529,530"
6887,"528,529,530"
6888,"152,302,315"
6889,"26,44,419"
6890,"2,528,529"
6891,"88,106,405"
6892,"350,355,456"
6893,"9,444,482"
6894,"29,528,529"
6895,"528,529,530"
6896,"528,529,530"
6897,"340,359,360"
6898,"241,406,494"
6899,"128,528,529"
6900,"459,529,530"
6901,"11,205,528"
6902,"528,529,530"
6903,"67,220,498"
6904,"25,528,529"
6905,"23,251,514"
6906,"241,270,311"
6907,"108,301,529"
6908,"528,529,530"
6909,"313,366,397"
6910,"355,405,456"
6911,"270,529,530"
6912,"528,529,530"
6913,"40,368,529"
6914,"8,206,498"
6915,"8,206,528"
6916,"215,315,317"
6917,"528,529,530"
6918,"128,328,430"
6919,"528,529,530"
6920,"528,529,530"
6921,"10,220,221"
6922,"528,529,530"
6923,"330,529,530"
6924,"67,187,241"
6925,"528,529,530"
6926,"528,529,530"
6927,"25,220,528"
6928,"213,214,482"
6929,"135,323,529"
6930,"301,529,530"
6931,"64,323,524"
6932,"152,302,315"
6933,"199,529,530"
6934,"242,528,529"
6935,"173,301,334"
6936,"528,529,530"
6937,"83,254,514"
6938,"528,529,530"
6939,"45,528,529"
6940,"168,187,241"
6941,"269,280,355"
6942,"83,506,524"
6943,"170,528,529"
6944,"51,528,529"
6945,"88,106,528"
6946,"170,179,405"
6947,"8,206,528"
6948,"528,529,530"
6949,"3,5,200"
6950,"528,529,530"
6951,"10,528,529"
6952,"405,529,530"
6953,"29,337,405"
6954,"220,280,529"
6955,"64,323,524"
6956,"10,220,221"
6957,"528,529,530"
6958,"10,24,220"
6959,"179,455,529"
6960,"108,127,301"
6961,"127,296,455"
6962,"80,444,448"
6963,"528,529,530"
6964,"135,187,241"
6965,"196,223,455"
6966,"528,529,530"
6967,"528,529,530"
6968,"270,271,366"
6969,"49,92,374"
6970,"340,343,401"
6971,"108,187,301"
6972,"199,498,530"
6973,"73,313,455"
6974,"528,529,530"
6975,"170,498,529"
6976,"25,528,529"
6977,"223,425,529"
6978,"69,340,430"
6979,"8,206,488"
6980,"182,374,452"
6981,"25,220,221"
6982,"528,529,530"
6983,"430,529,530"
6984,"528,529,530"
6985,"315,529,530"
6986,"528,529,530"
6987,"455,529,530"
6988,"160,196,405"
6989,"45,170,528"
6990,"25,29,140"
6991,"170,172,199"
6992,"296,529,530"
6993,"528,529,530"
6994,"39,73,528"
6995,"16,204,364"
6996,"199,529,530"
6997,"92,405,522"
6998,"528,529,530"
6999,"528,529,530"
7000,"528,529,530"
7001,"29,247,455"
7002,"498,529,530"
7003,"528,529,530"
7004,"69,528,529"
7005,"130,468,529"
7006,"80,296,529"
7007,"29,168,528"
7008,"528,529,530"
7009,"182,528,529"
7010,"528,529,530"
7011,"40,196,368"
7012,"455,529,530"
7013,"73,168,194"
7014,"271,363,530"
7015,"514,529,530"
7016,"45,73,322"
7017,"254,271,363"
7018,"340,364,530"
7019,"528,529,530"
7020,"528,529,530"
7021,"528,529,530"
7022,"215,315,334"
7023,"528,529,530"
7024,"405,529,530"
7025,"430,529,530"
7026,"296,529,530"
7027,"128,313,468"
7028,"397,444,530"
7029,"528,529,530"
7030,"16,204,296"
7031,"528,529,530"
7032,"528,529,530"
7033,"23,26,251"
7034,"271,361,372"
7035,"25,528,529"
7036,"44,73,528"
7037,"187,301,340"
7038,"376,425,530"
7039,"528,529,530"
7040,"374,529,530"
7041,"328,382,405"
7042,"215,334,405"
7043,"69,528,529"
7044,"528,529,530"
7045,"528,529,530"
7046,"45,448,529"
7047,"528,529,530"
7048,"528,529,530"
7049,"528,529,530"
7050,"160,223,528"
7051,"405,529,530"
7052,"498,529,530"
7053,"25,498,529"
7054,"4,215,315"
7055,"311,529,530"
7056,"44,45,242"
7057,"8,206,528"
7058,"528,529,530"
7059,"528,529,530"
7060,"340,405,530"
7061,"528,529,530"
7062,"245,528,529"
7063,"199,529,530"
7064,"528,529,530"
7065,"405,529,530"
7066,"355,360,424"
7067,"25,220,242"
7068,"187,241,528"
7069,"8,206,425"
7070,"528,529,530"
7071,"296,529,530"
7072,"528,529,530"
7073,"528,529,530"
7074,"323,340,419"
7075,"528,529,530"
7076,"271,280,425"
7077,"160,220,455"
7078,"187,241,528"
7079,"69,170,179"
7080,"528,529,530"
7081,"44,280,444"
7082,"137,240,493"
7083,"528,529,530"
7084,"8,216,235"
7085,"528,529,530"
7086,"528,529,530"
7087,"313,455,530"
7088,"313,330,530"
7089,"528,529,530"
7090,"459,529,530"
7091,"160,334,406"
7092,"67,528,529"
7093,"4,200,455"
7094,"247,528,529"
7095,"67,528,529"
7096,"528,529,530"
7097,"220,242,528"
7098,"528,529,530"
7099,"182,234,482"
7100,"247,313,340"
7101,"168,173,459"
7102,"313,529,530"
7103,"405,529,530"
7104,"241,372,436"
7105,"315,340,455"
7106,"67,310,313"
7107,"528,529,530"
7108,"528,529,530"
7109,"64,323,524"
7110,"393,529,530"
7111,"528,529,530"
7112,"170,405,529"
7113,"128,245,328"
7114,"64,323,524"
7115,"355,456,530"
7116,"405,455,530"
7117,"45,528,529"
7118,"67,528,529"
7119,"40,368,529"
7120,"313,346,530"
7121,"220,405,455"
7122,"8,235,340"
7123,"374,529,530"
7124,"2,187,483"
7125,"96,528,529"
7126,"170,528,529"
7127,"29,364,425"
7128,"220,221,528"
7129,"187,241,405"
7130,"114,182,528"
7131,"199,223,425"
7132,"45,366,529"
7133,"0,313,314"
7134,"12,528,529"
7135,"355,456,530"
7136,"170,179,223"
7137,"297,529,530"
7138,"182,349,425"
7139,"182,301,405"
7140,"315,529,530"
7141,"204,405,529"
7142,"99,528,529"
7143,"25,220,221"
7144,"199,313,366"
7145,"128,129,528"
7146,"528,529,530"
7147,"340,409,425"
7148,"528,529,530"
7149,"83,194,200"
7150,"16,187,199"
7151,"313,366,397"
7152,"160,334,406"
7153,"199,273,301"
7154,"8,206,340"
7155,"45,313,419"
7156,"41,152,459"
7157,"4,182,528"
7158,"187,199,241"
7159,"359,493,530"
7160,"127,241,263"
7161,"255,528,529"
7162,"170,528,529"
7163,"528,529,530"
7164,"25,401,529"
7165,"170,528,529"
7166,"29,100,199"
7167,"204,215,315"
7168,"301,340,455"
7169,"528,529,530"
7170,"455,498,530"
7171,"315,529,530"
7172,"528,529,530"
7173,"340,529,530"
7174,"8,235,528"
7175,"16,528,529"
7176,"214,216,528"
7177,"528,529,530"
7178,"397,515,516"
7179,"223,340,455"
7180,"528,529,530"
7181,"92,528,529"
7182,"528,529,530"
7183,"8,206,280"
7184,"296,343,436"
7185,"179,409,529"
7186,"137,409,455"
7187,"528,529,530"
7188,"528,529,530"
7189,"25,73,310"
7190,"108,124,405"
7191,"518,529,530"
7192,"323,529,530"
7193,"40,241,368"
7194,"129,455,468"
7195,"359,409,514"
7196,"315,529,530"
7197,"340,529,530"
7198,"528,529,530"
7199,"313,366,397"
7200,"269,355,482"
7201,"528,529,530"
7202,"334,340,406"
7203,"216,366,476"
7204,"160,199,529"
7205,"528,529,530"
7206,"313,346,530"
7207,"247,480,497"
7208,"528,529,530"
7209,"313,529,530"
7210,"4,182,330"
7211,"67,528,529"
7212,"4,182,340"
7213,"128,129,247"
7214,"528,529,530"
7215,"64,323,524"
7216,"528,529,530"
7217,"528,529,530"
7218,"135,430,529"
7219,"182,528,529"
7220,"25,67,220"
7221,"528,529,530"
7222,"448,529,530"
7223,"160,528,529"
7224,"10,24,220"
7225,"182,196,301"
7226,"528,529,530"
7227,"340,529,530"
7228,"166,221,301"
7229,"528,529,530"
7230,"301,340,530"
7231,"528,529,530"
7232,"179,528,529"
7233,"357,455,530"
7234,"187,528,529"
7235,"270,529,530"
7236,"10,25,220"
7237,"44,313,468"
7238,"182,528,529"
7239,"187,241,455"
7240,"528,529,530"
7241,"278,483,530"
7242,"16,204,528"
7243,"528,529,530"
7244,"528,529,530"
7245,"4,170,340"
7246,"160,221,334"
7247,"357,398,518"
7248,"83,135,528"
7249,"452,529,530"
7250,"100,194,200"
7251,"108,204,301"
7252,"200,357,497"
7253,"220,420,455"
7254,"313,334,346"
7255,"73,313,529"
7256,"528,529,530"
7257,"528,529,530"
7258,"187,528,529"
7259,"340,376,485"
7260,"67,528,529"
7261,"528,529,530"
7262,"55,456,482"
7263,"168,194,468"
7264,"216,271,366"
7265,"179,528,529"
7266,"160,528,529"
7267,"98,280,409"
7268,"340,401,530"
7269,"160,204,430"
7270,"498,529,530"
7271,"528,529,530"
7272,"127,170,263"
7273,"528,529,530"
7274,"340,529,530"
7275,"409,529,530"
7276,"360,456,482"
7277,"528,529,530"
7278,"160,334,406"
7279,"67,315,444"
7280,"200,270,455"
7281,"4,182,528"
7282,"49,315,457"
7283,"44,528,529"
7284,"360,455,498"
7285,"340,529,530"
7286,"247,340,425"
7287,"337,529,530"
7288,"187,200,241"
7289,"179,455,529"
7290,"528,529,530"
7291,"83,528,529"
7292,"528,529,530"
7293,"152,302,315"
7294,"92,528,529"
7295,"271,361,372"
7296,"8,206,220"
7297,"49,528,529"
7298,"340,359,498"
7299,"23,26,251"
7300,"11,73,528"
7301,"528,529,530"
7302,"528,529,530"
7303,"271,361,376"
7304,"69,337,529"
7305,"528,529,530"
7306,"139,140,301"
7307,"528,529,530"
7308,"323,529,530"
7309,"194,436,529"
7310,"270,340,530"
7311,"455,529,530"
7312,"528,529,530"
7313,"528,529,530"
7314,"271,280,355"
7315,"216,340,458"
7316,"92,401,405"
7317,"528,529,530"
7318,"528,529,530"
7319,"179,528,529"
7320,"528,529,530"
7321,"199,315,530"
7322,"528,529,530"
7323,"187,241,528"
7324,"528,529,530"
7325,"528,529,530"
7326,"528,529,530"
7327,"393,425,530"
7328,"528,529,530"
7329,"355,376,409"
7330,"528,529,530"
7331,"376,425,514"
7332,"296,529,530"
7333,"128,129,528"
7334,"355,444,455"
7335,"113,172,199"
7336,"199,405,406"
7337,"528,529,530"
7338,"121,181,419"
7339,"129,313,346"
7340,"528,529,530"
7341,"23,26,251"
7342,"135,430,455"
7343,"271,374,409"
7344,"436,529,530"
7345,"528,529,530"
7346,"45,172,405"
7347,"4,29,69"
7348,"67,179,405"
7349,"187,200,241"
7350,"374,529,530"
7351,"528,529,530"
7352,"67,401,529"
7353,"40,368,529"
7354,"340,529,530"
7355,"528,529,530"
7356,"528,529,530"
7357,"528,529,530"
7358,"528,529,530"
7359,"124,243,334"
7360,"313,346,357"
7361,"340,529,530"
7362,"40,368,529"
7363,"528,529,530"
7364,"374,529,530"
7365,"374,405,524"
7366,"311,343,436"
7367,"528,529,530"
7368,"528,529,530"
7369,"528,529,530"
7370,"10,24,454"
7371,"497,529,530"
7372,"16,194,200"
7373,"528,529,530"
7374,"108,301,529"
7375,"182,330,455"
7376,"73,382,529"
7377,"45,205,528"
7378,"128,455,529"
7379,"340,455,530"
7380,"113,199,529"
7381,"194,200,313"
7382,"25,528,529"
7383,"528,529,530"
7384,"273,425,457"
7385,"69,497,520"
7386,"528,529,530"
7387,"528,529,530"
7388,"49,135,405"
7389,"56,196,340"
7390,"182,301,529"
7391,"128,313,346"
7392,"270,402,506"
7393,"528,529,530"
7394,"430,529,530"
7395,"340,529,530"
7396,"67,280,366"
7397,"4,340,364"
7398,"10,24,454"
7399,"89,528,529"
7400,"59,95,524"
7401,"173,291,444"
7402,"64,323,524"
7403,"349,418,530"
7404,"528,529,530"
7405,"10,247,323"
7406,"455,529,530"
7407,"0,179,216"
7408,"199,529,530"
7409,"45,528,529"
7410,"100,194,200"
7411,"468,529,530"
7412,"315,529,530"
7413,"528,529,530"
7414,"56,340,430"
7415,"59,95,524"
7416,"83,438,456"
7417,"259,528,529"
7418,"40,220,368"
7419,"528,529,530"
7420,"359,529,530"
7421,"45,187,241"
7422,"199,340,359"
7423,"455,529,530"
7424,"39,528,529"
7425,"340,529,530"
7426,"528,529,530"
7427,"269,340,355"
7428,"301,529,530"
7429,"528,529,530"
7430,"173,528,529"
7431,"182,196,528"
7432,"199,529,530"
7433,"340,455,530"
7434,"100,194,200"
7435,"315,529,530"
7436,"221,270,455"
7437,"280,366,455"
7438,"179,409,514"
7439,"528,529,530"
7440,"405,456,498"
7441,"12,528,529"
7442,"25,199,529"
7443,"528,529,530"
7444,"430,529,530"
7445,"166,221,419"
7446,"528,529,530"
7447,"96,405,529"
7448,"100,194,200"
7449,"498,529,530"
7450,"108,528,529"
7451,"214,372,529"
7452,"528,529,530"
7453,"528,529,530"
7454,"179,280,455"
7455,"4,80,182"
7456,"179,301,405"
7457,"73,313,455"
7458,"64,323,524"
7459,"12,67,196"
7460,"247,455,456"
7461,"11,205,221"
7462,"528,529,530"
7463,"187,263,528"
7464,"528,529,530"
7465,"100,194,200"
7466,"528,529,530"
7467,"8,206,528"
7468,"528,529,530"
7469,"455,529,530"
7470,"92,528,529"
7471,"528,529,530"
7472,"528,529,530"
7473,"160,528,529"
7474,"480,498,530"
7475,"45,528,529"
7476,"270,529,530"
7477,"528,529,530"
7478,"528,529,530"
7479,"271,340,363"
7480,"29,340,529"
7481,"528,529,530"
7482,"170,528,529"
7483,"160,182,311"
7484,"280,425,444"
7485,"355,456,530"
7486,"319,529,530"
7487,"528,529,530"
7488,"455,497,530"
7489,"47,455,529"
7490,"518,529,530"
7491,"528,529,530"
7492,"528,529,530"
7493,"25,220,528"
7494,"49,425,455"
7495,"323,511,524"
7496,"29,419,529"
7497,"220,528,529"
7498,"213,247,340"
7499,"528,529,530"
7500,"4,182,455"
7501,"355,397,498"
7502,"29,69,455"
7503,"340,359,409"
7504,"528,529,530"
7505,"444,529,530"
7506,"528,529,530"
7507,"301,529,530"
7508,"170,282,405"
7509,"382,529,530"
7510,"528,529,530"
7511,"182,528,529"
7512,"2,179,455"
7513,"430,529,530"
7514,"528,529,530"
7515,"113,528,529"
7516,"340,364,530"
7517,"528,529,530"
7518,"528,529,530"
7519,"160,187,241"
7520,"220,221,528"
7521,"128,129,528"
7522,"10,29,455"
7523,"127,170,179"
7524,"528,529,530"
7525,"528,529,530"
7526,"340,529,530"
7527,"401,455,530"
7528,"73,301,340"
7529,"170,528,529"
7530,"528,529,530"
7531,"11,488,516"
7532,"528,529,530"
7533,"528,529,530"
7534,"16,528,529"
7535,"360,405,455"
7536,"528,529,530"
7537,"33,67,340"
7538,"3,18,200"
7539,"8,206,528"
7540,"160,247,528"
7541,"528,529,530"
7542,"100,194,200"
7543,"528,529,530"
7544,"271,314,366"
7545,"187,241,528"
7546,"455,529,530"
7547,"49,528,529"
7548,"484,529,530"
7549,"313,328,436"
7550,"340,529,530"
7551,"359,360,372"
7552,"100,194,200"
7553,"16,459,529"
7554,"280,376,455"
7555,"25,220,241"
7556,"290,374,530"
7557,"4,182,528"
7558,"528,529,530"
7559,"528,529,530"
7560,"114,182,528"
7561,"204,330,529"
7562,"199,529,530"
7563,"528,529,530"
7564,"45,67,194"
7565,"419,529,530"
7566,"25,220,528"
7567,"8,206,528"
7568,"10,25,220"
7569,"528,529,530"
7570,"528,529,530"
7571,"528,529,530"
7572,"187,241,528"
7573,"220,242,528"
7574,"187,241,528"
7575,"23,251,455"
7576,"8,29,405"
7577,"215,226,494"
7578,"170,313,485"
7579,"528,529,530"
7580,"220,528,529"
7581,"313,529,530"
7582,"216,455,480"
7583,"301,529,530"
7584,"372,529,530"
7585,"199,529,530"
7586,"194,200,340"
7587,"1,528,529"
7588,"528,529,530"
7589,"10,44,221"
7590,"311,529,530"
7591,"135,139,528"
7592,"56,528,529"
7593,"455,529,530"
7594,"16,194,204"
7595,"376,529,530"
7596,"45,160,430"
7597,"10,25,340"
7598,"92,270,529"
7599,"128,528,529"
7600,"528,529,530"
7601,"430,529,530"
7602,"382,529,530"
7603,"96,247,405"
7604,"67,528,529"
7605,"271,363,530"
7606,"350,529,530"
7607,"2,513,529"
7608,"10,24,220"
7609,"49,425,448"
7610,"452,455,518"
7611,"194,200,455"
7612,"73,214,528"
7613,"179,280,455"
7614,"528,529,530"
7615,"340,355,409"
7616,"25,528,529"
7617,"80,313,516"
7618,"69,100,173"
7619,"291,422,444"
7620,"528,529,530"
7621,"528,529,530"
7622,"323,419,530"
7623,"16,301,529"
7624,"528,529,530"
7625,"128,528,529"
7626,"455,529,530"
7627,"3,18,200"
7628,"182,528,529"
7629,"152,315,340"
7630,"359,405,530"
7631,"194,200,340"
7632,"528,529,530"
7633,"220,221,528"
7634,"357,360,455"
7635,"528,529,530"
7636,"212,290,529"
7637,"128,455,498"
7638,"182,528,529"
7639,"73,127,263"
7640,"49,357,529"
7641,"528,529,530"
7642,"2,476,529"
7643,"528,529,530"
7644,"170,194,200"
7645,"124,243,334"
7646,"3,200,455"
7647,"313,340,462"
7648,"528,529,530"
7649,"280,488,516"
7650,"296,518,530"
7651,"10,220,221"
7652,"160,334,529"
7653,"296,359,530"
7654,"528,529,530"
7655,"89,179,405"
7656,"45,528,529"
7657,"16,270,355"
7658,"528,529,530"
7659,"2,483,529"
7660,"100,194,200"
7661,"528,529,530"
7662,"10,24,25"
7663,"528,529,530"
7664,"170,528,529"
7665,"528,529,530"
7666,"187,241,528"
7667,"11,29,205"
7668,"436,529,530"
7669,"3,5,200"
7670,"271,280,449"
7671,"170,528,529"
7672,"220,528,529"
7673,"25,220,528"
7674,"528,529,530"
7675,"528,529,530"
7676,"179,528,529"
7677,"25,128,420"
7678,"528,529,530"
7679,"182,528,529"
7680,"187,241,528"
7681,"528,529,530"
7682,"40,368,529"
7683,"214,216,360"
7684,"528,529,530"
7685,"93,493,529"
7686,"313,366,397"
7687,"528,529,530"
7688,"269,340,355"
7689,"528,529,530"
7690,"2,483,529"
7691,"340,455,530"
7692,"528,529,530"
7693,"528,529,530"
7694,"3,18,200"
7695,"313,366,397"
7696,"214,216,425"
7697,"528,529,530"
7698,"135,528,529"
7699,"49,340,529"
7700,"135,494,529"
7701,"220,402,498"
7702,"128,179,405"
7703,"430,529,530"
7704,"29,528,529"
7705,"179,270,498"
7706,"528,529,530"
7707,"108,301,455"
7708,"8,206,405"
7709,"528,529,530"
7710,"414,430,530"
7711,"528,529,530"
7712,"359,405,422"
7713,"168,528,529"
7714,"355,425,456"
7715,"528,529,530"
7716,"498,529,530"
7717,"405,430,530"
7718,"45,245,528"
7719,"528,529,530"
7720,"528,529,530"
7721,"357,376,455"
7722,"215,245,315"
7723,"528,529,530"
7724,"528,529,530"
7725,"83,220,498"
7726,"29,194,200"
7727,"64,323,524"
7728,"83,135,528"
7729,"152,315,374"
7730,"528,529,530"
7731,"170,528,529"
7732,"397,458,530"
7733,"29,89,484"
7734,"79,323,524"
7735,"247,528,529"
7736,"194,528,529"
7737,"108,301,455"
7738,"315,374,430"
7739,"45,67,455"
7740,"182,488,529"
7741,"290,529,530"
7742,"182,430,459"
7743,"528,529,530"
7744,"116,340,529"
7745,"100,194,200"
7746,"296,529,530"
7747,"528,529,530"
7748,"528,529,530"
7749,"340,529,530"
7750,"182,528,529"
7751,"247,364,529"
7752,"397,529,530"
7753,"528,529,530"
7754,"297,529,530"
7755,"10,528,529"
7756,"241,296,425"
7757,"528,529,530"
7758,"194,200,459"
7759,"220,405,454"
7760,"528,529,530"
7761,"271,280,376"
7762,"213,280,455"
7763,"357,497,530"
7764,"182,196,359"
7765,"16,528,529"
7766,"204,528,529"
7767,"69,241,498"
7768,"528,529,530"
7769,"135,528,529"
7770,"141,528,529"
7771,"108,204,301"
7772,"194,200,334"
7773,"83,455,514"
7774,"2,458,464"
7775,"528,529,530"
7776,"528,529,530"
7777,"29,528,529"
7778,"45,436,529"
7779,"216,370,405"
7780,"11,45,69"
7781,"100,194,200"
7782,"114,168,182"
7783,"2,199,223"
7784,"528,529,530"
7785,"25,220,221"
7786,"340,405,530"
7787,"528,529,530"
7788,"313,346,530"
7789,"528,529,530"
7790,"528,529,530"
7791,"69,528,529"
7792,"100,194,200"
7793,"187,241,340"
7794,"25,220,242"
7795,"340,529,530"
7796,"10,24,25"
7797,"64,323,524"
7798,"452,529,530"
7799,"39,528,529"
7800,"241,406,494"
7801,"12,313,455"
7802,"452,529,530"
7803,"528,529,530"
7804,"528,529,530"
7805,"340,529,530"
7806,"528,529,530"
7807,"100,194,200"
7808,"444,498,503"
7809,"10,528,529"
7810,"528,529,530"
7811,"108,301,529"
7812,"12,128,313"
7813,"2,179,513"
7814,"528,529,530"
7815,"41,215,334"
7816,"528,529,530"
7817,"455,529,530"
7818,"187,241,528"
7819,"108,124,528"
7820,"528,529,530"
7821,"313,382,455"
7822,"0,425,484"
7823,"419,529,530"
7824,"16,528,529"
7825,"528,529,530"
7826,"281,529,530"
7827,"340,425,530"
7828,"23,67,251"
7829,"280,455,530"
7830,"528,529,530"
7831,"179,528,529"
7832,"528,529,530"
7833,"45,359,529"
7834,"4,29,182"
7835,"64,323,524"
7836,"170,528,529"
7837,"170,528,529"
7838,"160,528,529"
7839,"313,518,530"
7840,"182,528,529"
7841,"12,187,241"
7842,"366,397,468"
7843,"108,301,455"
7844,"269,355,409"
7845,"1,528,529"
7846,"40,368,529"
7847,"135,152,315"
7848,"528,529,530"
7849,"3,18,200"
7850,"127,263,528"
7851,"364,529,530"
7852,"29,359,468"
7853,"8,206,456"
7854,"528,529,530"
7855,"170,528,529"
7856,"44,73,528"
7857,"128,405,524"
7858,"215,334,430"
7859,"271,340,498"
7860,"8,235,528"
7861,"528,529,530"
7862,"528,529,530"
7863,"83,315,405"
7864,"187,200,241"
7865,"528,529,530"
7866,"455,529,530"
7867,"49,297,448"
7868,"199,313,314"
7869,"364,529,530"
7870,"528,529,530"
7871,"204,215,334"
7872,"4,182,221"
7873,"528,529,530"
7874,"23,26,251"
7875,"96,419,420"
7876,"182,330,529"
7877,"528,529,530"
7878,"315,529,530"
7879,"179,199,247"
7880,"315,455,530"
7881,"340,515,530"
7882,"160,334,406"
7883,"121,181,270"
7884,"528,529,530"
7885,"223,337,498"
7886,"528,529,530"
7887,"528,529,530"
7888,"280,418,425"
7889,"528,529,530"
7890,"528,529,530"
7891,"2,212,513"
7892,"419,529,530"
7893,"8,235,376"
7894,"187,528,529"
7895,"528,529,530"
7896,"374,529,530"
7897,"528,529,530"
7898,"340,480,530"
7899,"425,527,530"
7900,"280,529,530"
7901,"528,529,530"
7902,"271,363,530"
7903,"128,129,313"
7904,"29,334,374"
7905,"182,200,444"
7906,"170,359,436"
7907,"160,528,529"
7908,"199,247,259"
7909,"528,529,530"
7910,"528,529,530"
7911,"455,529,530"
7912,"528,529,530"
7913,"444,455,498"
7914,"528,529,530"
7915,"4,29,182"
7916,"340,529,530"
7917,"528,529,530"
7918,"528,529,530"
7919,"170,528,529"
7920,"199,529,530"
7921,"493,529,530"
7922,"323,405,524"
7923,"64,323,524"
7924,"170,313,314"
7925,"94,528,529"
7926,"528,529,530"
7927,"88,106,455"
7928,"452,529,530"
7929,"40,368,529"
7930,"172,340,409"
7931,"122,194,340"
7932,"280,340,488"
7933,"173,301,529"
7934,"301,529,530"
7935,"182,216,278"
7936,"340,529,530"
7937,"8,206,528"
7938,"44,430,529"
7939,"528,529,530"
7940,"135,139,528"
7941,"528,529,530"
7942,"128,528,529"
7943,"199,529,530"
7944,"247,528,529"
7945,"160,220,328"
7946,"405,436,530"
7947,"182,216,370"
7948,"152,459,529"
7949,"313,529,530"
7950,"528,529,530"
7951,"301,425,455"
7952,"528,529,530"
7953,"40,131,368"
7954,"528,529,530"
7955,"488,529,530"
7956,"436,529,530"
7957,"448,529,530"
7958,"528,529,530"
7959,"349,418,457"
7960,"160,528,529"
7961,"2,170,340"
7962,"45,196,376"
7963,"4,182,528"
7964,"113,135,518"
7965,"215,340,494"
7966,"513,529,530"
7967,"108,301,529"
7968,"69,405,529"
7969,"528,529,530"
7970,"528,529,530"
7971,"160,528,529"
7972,"128,187,241"
7973,"100,194,200"
7974,"172,213,409"
7975,"23,251,405"
7976,"29,44,484"
7977,"528,529,530"
7978,"366,422,425"
7979,"455,529,530"
7980,"528,529,530"
7981,"528,529,530"
7982,"187,241,405"
7983,"273,529,530"
7984,"528,529,530"
7985,"528,529,530"
7986,"25,528,529"
7987,"92,128,528"
7988,"498,529,530"
7989,"528,529,530"
7990,"23,26,251"
7991,"43,528,529"
7992,"29,528,529"
7993,"67,205,280"
7994,"528,529,530"
7995,"528,529,530"
7996,"271,361,372"
7997,"4,182,340"
7998,"528,529,530"
7999,"67,528,529"
8000,"366,405,515"
8001,"528,529,530"
8002,"40,368,438"
8003,"182,340,405"
8004,"45,528,529"
8005,"528,529,530"
8006,"528,529,530"
8007,"67,528,529"
8008,"301,459,530"
8009,"528,529,530"
8010,"113,514,529"
8011,"528,529,530"
8012,"8,206,455"
8013,"405,529,530"
8014,"313,314,484"
8015,"128,355,456"
8016,"182,187,241"
8017,"528,529,530"
8018,"528,529,530"
8019,"141,313,529"
8020,"234,419,529"
8021,"100,194,200"
8022,"528,529,530"
8023,"155,194,248"
8024,"12,340,529"
8025,"45,182,405"
8026,"196,528,529"
8027,"528,529,530"
8028,"205,271,366"
8029,"179,207,270"
8030,"528,529,530"
8031,"29,179,182"
8032,"528,529,530"
8033,"166,221,419"
8034,"528,529,530"
8035,"200,301,340"
8036,"248,528,529"
8037,"83,278,405"
8038,"528,529,530"
8039,"25,301,456"
8040,"160,194,200"
8041,"113,340,529"
8042,"139,155,312"
8043,"280,425,530"
8044,"528,529,530"
8045,"25,220,242"
8046,"528,529,530"
8047,"108,122,301"
8048,"528,529,530"
8049,"528,529,530"
8050,"3,18,200"
8051,"67,405,514"
8052,"8,206,482"
8053,"528,529,530"
8054,"187,241,528"
8055,"528,529,530"
8056,"245,528,529"
8057,"528,529,530"
8058,"528,529,530"
8059,"128,528,529"
8060,"10,220,221"
8061,"25,220,528"
8062,"182,528,529"
8063,"128,528,529"
8064,"10,323,529"
8065,"170,179,528"
8066,"301,529,530"
8067,"301,459,530"
8068,"311,529,530"
8069,"528,529,530"
8070,"528,529,530"
8071,"528,529,530"
8072,"12,528,529"
8073,"215,315,455"
8074,"297,359,455"
8075,"528,529,530"
8076,"528,529,530"
8077,"215,494,529"
8078,"83,182,405"
8079,"108,528,529"
8080,"155,194,340"
8081,"16,204,528"
8082,"340,455,530"
8083,"40,368,514"
8084,"528,529,530"
8085,"130,160,468"
8086,"187,241,528"
8087,"1,366,476"
8088,"280,340,491"
8089,"216,457,484"
8090,"528,529,530"
8091,"528,529,530"
8092,"45,528,529"
8093,"25,220,242"
8094,"199,529,530"
8095,"187,528,529"
8096,"40,340,368"
8097,"301,340,518"
8098,"220,280,498"
8099,"10,24,220"
8100,"251,364,405"
8101,"170,214,372"
8102,"84,528,529"
8103,"528,529,530"
8104,"459,529,530"
8105,"301,459,530"
8106,"128,220,241"
8107,"172,528,529"
8108,"144,200,313"
8109,"355,409,458"
8110,"100,194,200"
8111,"528,529,530"
8112,"25,128,405"
8113,"528,529,530"
8114,"187,241,455"
8115,"359,529,530"
8116,"528,529,530"
8117,"25,220,528"
8118,"45,357,529"
8119,"1,349,418"
8120,"448,529,530"
8121,"528,529,530"
8122,"16,204,528"
8123,"528,529,530"
8124,"498,529,530"
8125,"29,170,528"
8126,"10,11,221"
8127,"25,528,529"
8128,"323,419,530"
8129,"528,529,530"
8130,"67,364,452"
8131,"273,529,530"
8132,"528,529,530"
8133,"16,200,364"
8134,"25,220,528"
8135,"528,529,530"
8136,"513,529,530"
8137,"41,301,513"
8138,"528,529,530"
8139,"220,245,498"
8140,"528,529,530"
8141,"108,241,301"
8142,"528,529,530"
8143,"528,529,530"
8144,"528,529,530"
8145,"315,529,530"
8146,"45,67,241"
8147,"67,340,438"
8148,"528,529,530"
8149,"528,529,530"
8150,"296,405,498"
8151,"8,235,528"
8152,"160,302,529"
8153,"179,528,529"
8154,"498,522,530"
8155,"528,529,530"
8156,"73,205,513"
8157,"182,255,528"
8158,"340,349,530"
8159,"528,529,530"
8160,"528,529,530"
8161,"160,528,529"
8162,"480,529,530"
8163,"108,204,301"
8164,"528,529,530"
8165,"270,340,530"
8166,"45,528,529"
8167,"29,187,528"
8168,"340,425,455"
8169,"187,528,529"
8170,"214,241,482"
8171,"45,528,529"
8172,"199,343,436"
8173,"89,128,455"
8174,"528,529,530"
8175,"355,452,456"
8176,"92,129,315"
8177,"528,529,530"
8178,"340,349,418"
8179,"340,480,530"
8180,"170,528,529"
8181,"40,368,529"
8182,"528,529,530"
8183,"108,204,301"
8184,"528,529,530"
8185,"220,313,366"
8186,"199,529,530"
8187,"100,182,199"
8188,"528,529,530"
8189,"10,24,454"
8190,"25,128,405"
8191,"215,430,455"
8192,"528,529,530"
8193,"528,529,530"
8194,"108,124,528"
8195,"323,419,530"
8196,"8,405,455"
8197,"301,459,530"
8198,"67,528,529"
8199,"528,529,530"
8200,"220,242,493"
8201,"458,464,497"
8202,"8,206,528"
8203,"127,200,263"
8204,"216,254,405"
8205,"8,206,528"
8206,"10,84,528"
8207,"340,359,409"
8208,"78,241,406"
8209,"64,323,524"
8210,"355,359,456"
8211,"205,455,456"
8212,"103,248,528"
8213,"8,216,235"
8214,"187,241,425"
8215,"409,455,456"
8216,"25,220,242"
8217,"3,200,205"
8218,"4,19,182"
8219,"49,436,529"
8220,"194,200,340"
8221,"49,498,529"
8222,"67,128,528"
8223,"108,267,301"
8224,"199,402,530"
8225,"170,528,529"
8226,"528,529,530"
8227,"528,529,530"
8228,"29,455,529"
8229,"245,405,455"
8230,"528,529,530"
8231,"128,172,409"
8232,"372,529,530"
8233,"528,529,530"
8234,"100,503,529"
8235,"29,528,529"
8236,"528,529,530"
8237,"528,529,530"
8238,"340,430,530"
8239,"249,357,484"
8240,"216,271,397"
8241,"45,528,529"
8242,"4,182,528"
8243,"92,444,529"
8244,"135,152,315"
8245,"67,313,529"
8246,"204,247,419"
8247,"179,313,529"
8248,"340,529,530"
8249,"444,497,530"
8250,"528,529,530"
8251,"528,529,530"
8252,"528,529,530"
8253,"8,206,444"
8254,"528,529,530"
8255,"528,529,530"
8256,"528,529,530"
8257,"340,398,498"
8258,"49,528,529"
8259,"25,40,368"
8260,"528,529,530"
8261,"323,529,530"
8262,"220,528,529"
8263,"194,200,527"
8264,"355,360,456"
8265,"374,430,514"
8266,"528,529,530"
8267,"121,181,528"
8268,"199,259,281"
8269,"301,374,401"
8270,"2,340,449"
8271,"12,153,170"
8272,"199,366,405"
8273,"355,455,456"
8274,"528,529,530"
8275,"528,529,530"
8276,"127,263,528"
8277,"528,529,530"
8278,"528,529,530"
8279,"528,529,530"
8280,"25,220,221"
8281,"40,199,215"
8282,"100,194,200"
8283,"528,529,530"
8284,"498,529,530"
8285,"40,173,368"
8286,"160,452,529"
8287,"172,340,529"
8288,"528,529,530"
8289,"528,529,530"
8290,"67,528,529"
8291,"241,328,405"
8292,"25,405,455"
8293,"135,182,528"
8294,"528,529,530"
8295,"8,206,482"
8296,"374,529,530"
8297,"340,529,530"
8298,"40,135,368"
8299,"459,529,530"
8300,"128,179,455"
8301,"528,529,530"
8302,"513,518,530"
8303,"45,215,315"
8304,"23,26,251"
8305,"528,529,530"
8306,"3,18,200"
8307,"8,206,313"
8308,"3,5,200"
8309,"128,182,409"
8310,"340,529,530"
8311,"528,529,530"
8312,"108,124,340"
8313,"67,528,529"
8314,"528,529,530"
8315,"182,301,455"
8316,"280,458,482"
8317,"21,194,301"
8318,"528,529,530"
8319,"297,405,455"
8320,"401,529,530"
8321,"41,340,374"
8322,"528,529,530"
8323,"528,529,530"
8324,"64,323,524"
8325,"528,529,530"
8326,"67,199,529"
8327,"128,528,529"
8328,"317,529,530"
8329,"25,528,529"
8330,"10,220,242"
8331,"194,340,506"
8332,"241,313,405"
8333,"12,528,529"
8334,"528,529,530"
8335,"194,455,459"
8336,"187,241,528"
8337,"528,529,530"
8338,"296,425,530"
8339,"73,160,334"
8340,"528,529,530"
8341,"528,529,530"
8342,"45,330,340"
8343,"8,235,528"
8344,"430,529,530"
8345,"45,278,529"
8346,"301,529,530"
8347,"100,194,200"
8348,"204,245,528"
8349,"528,529,530"
8350,"187,241,528"
8351,"10,11,221"
8352,"67,280,313"
8353,"216,254,528"
8354,"10,221,455"
8355,"270,529,530"
8356,"528,529,530"
8357,"340,455,530"
8358,"187,241,247"
8359,"67,220,221"
8360,"88,106,528"
8361,"152,459,529"
8362,"170,528,529"
8363,"313,346,355"
8364,"528,529,530"
8365,"271,361,372"
8366,"340,529,530"
8367,"528,529,530"
8368,"11,69,528"
8369,"194,200,340"
8370,"528,529,530"
8371,"528,529,530"
8372,"528,529,530"
8373,"528,529,530"
8374,"455,529,530"
8375,"69,425,529"
8376,"11,205,528"
8377,"313,425,456"
8378,"16,67,340"
8379,"11,455,529"
8380,"168,528,529"
8381,"528,529,530"
8382,"528,529,530"
8383,"182,241,247"
8384,"313,529,530"
8385,"452,529,530"
8386,"69,215,494"
8387,"313,529,530"
8388,"273,529,530"
8389,"10,220,242"
8390,"340,529,530"
8391,"315,430,530"
8392,"67,187,241"
8393,"45,528,529"
8394,"117,173,433"
8395,"182,199,200"
8396,"205,313,340"
8397,"10,221,313"
8398,"67,528,529"
8399,"528,529,530"
8400,"11,69,528"
8401,"357,529,530"
8402,"315,513,514"
8403,"340,529,530"
8404,"528,529,530"
8405,"528,529,530"
8406,"444,529,530"
8407,"25,45,528"
8408,"100,430,503"
8409,"108,301,401"
8410,"528,529,530"
8411,"23,247,251"
8412,"25,128,528"
8413,"528,529,530"
8414,"187,241,528"
8415,"10,73,221"
8416,"83,528,529"
8417,"187,241,528"
8418,"528,529,530"
8419,"382,529,530"
8420,"172,409,425"
8421,"528,529,530"
8422,"179,528,529"
8423,"170,528,529"
8424,"382,529,530"
8425,"528,529,530"
8426,"182,196,455"
8427,"528,529,530"
8428,"528,529,530"
8429,"45,100,503"
8430,"139,155,312"
8431,"528,529,530"
8432,"528,529,530"
8433,"64,323,524"
8434,"11,69,528"
8435,"296,529,530"
8436,"528,529,530"
8437,"340,529,530"
8438,"182,337,430"
8439,"528,529,530"
8440,"80,528,529"
8441,"69,187,241"
8442,"8,206,280"
8443,"187,194,200"
8444,"528,529,530"
8445,"64,323,524"
8446,"528,529,530"
8447,"45,300,313"
8448,"355,409,456"
8449,"4,200,340"
8450,"128,280,455"
8451,"215,334,524"
8452,"340,529,530"
8453,"216,254,528"
8454,"313,315,346"
8455,"64,323,524"
8456,"528,529,530"
8457,"83,528,529"
8458,"69,170,199"
8459,"273,280,425"
8460,"528,529,530"
8461,"313,346,530"
8462,"528,529,530"
8463,"29,73,444"
8464,"204,528,529"
8465,"128,168,414"
8466,"528,529,530"
8467,"296,310,530"
8468,"444,529,530"
8469,"12,83,340"
8470,"3,18,200"
8471,"2,476,520"
8472,"528,529,530"
8473,"528,529,530"
8474,"170,528,529"
8475,"8,206,280"
8476,"160,313,529"
8477,"528,529,530"
8478,"25,220,221"
8479,"152,405,459"
8480,"247,313,346"
8481,"25,220,221"
8482,"528,529,530"
8483,"25,67,220"
8484,"199,223,417"
8485,"220,221,528"
8486,"528,529,530"
8487,"187,194,241"
8488,"301,529,530"
8489,"528,529,530"
8490,"528,529,530"
8491,"528,529,530"
8492,"405,529,530"
8493,"528,529,530"
8494,"51,187,241"
8495,"215,334,405"
8496,"271,361,372"
8497,"528,529,530"
8498,"528,529,530"
8499,"528,529,530"
8500,"168,528,529"
8501,"108,173,301"
8502,"8,206,528"
8503,"220,245,328"
8504,"278,483,530"
8505,"80,323,419"
8506,"141,528,529"
8507,"528,529,530"
8508,"528,529,530"
8509,"168,270,374"
8510,"99,528,529"
8511,"444,529,530"
8512,"155,194,248"
8513,"528,529,530"
8514,"343,436,530"
8515,"528,529,530"
8516,"278,311,483"
8517,"199,529,530"
8518,"213,252,482"
8519,"44,528,529"
8520,"528,529,530"
8521,"528,529,530"
8522,"528,529,530"
8523,"528,529,530"
8524,"215,334,455"
8525,"243,334,419"
8526,"528,529,530"
8527,"12,528,529"
8528,"340,455,530"
8529,"528,529,530"
8530,"179,223,482"
8531,"194,200,405"
8532,"528,529,530"
8533,"108,301,311"
8534,"220,221,425"
8535,"2,3,200"
8536,"44,73,528"
8537,"67,455,529"
8538,"69,528,529"
8539,"457,529,530"
8540,"182,528,529"
8541,"170,199,529"
8542,"528,529,530"
8543,"187,241,528"
8544,"10,24,454"
8545,"340,455,530"
8546,"269,355,387"
8547,"187,241,528"
8548,"83,135,528"
8549,"405,529,530"
8550,"152,315,459"
8551,"425,497,513"
8552,"26,528,529"
8553,"528,529,530"
8554,"528,529,530"
8555,"528,529,530"
8556,"455,529,530"
8557,"179,337,455"
8558,"67,528,529"
8559,"10,220,221"
8560,"79,528,529"
8561,"11,205,528"
8562,"12,528,529"
8563,"249,484,529"
8564,"29,187,241"
8565,"313,346,405"
8566,"67,92,328"
8567,"170,528,529"
8568,"170,528,529"
8569,"40,368,513"
8570,"528,529,530"
8571,"528,529,530"
8572,"220,221,498"
8573,"170,182,196"
8574,"270,359,376"
8575,"405,529,530"
8576,"220,221,425"
8577,"173,374,529"
8578,"199,529,530"
8579,"45,220,528"
8580,"528,529,530"
8581,"528,529,530"
8582,"528,529,530"
8583,"182,194,200"
8584,"67,301,456"
8585,"128,129,340"
8586,"528,529,530"
8587,"215,334,405"
8588,"528,529,530"
8589,"67,444,529"
8590,"528,529,530"
8591,"29,128,518"
8592,"528,529,530"
8593,"179,366,515"
8594,"137,240,493"
8595,"29,528,529"
8596,"528,529,530"
8597,"313,340,482"
8598,"199,259,455"
8599,"187,263,528"
8600,"179,498,529"
8601,"64,323,524"
8602,"187,241,455"
8603,"140,194,200"
8604,"323,334,419"
8605,"528,529,530"
8606,"196,340,529"
8607,"11,69,406"
8608,"405,498,530"
8609,"528,529,530"
8610,"194,200,374"
8611,"528,529,530"
8612,"44,67,528"
8613,"69,187,241"
8614,"271,366,488"
8615,"528,529,530"
8616,"271,355,498"
8617,"323,357,419"
8618,"364,529,530"
8619,"1,323,413"
8620,"194,200,436"
8621,"100,194,200"
8622,"528,529,530"
8623,"45,199,259"
8624,"528,529,530"
8625,"40,368,529"
8626,"10,24,454"
8627,"528,529,530"
8628,"135,528,529"
8629,"241,406,494"
8630,"401,529,530"
8631,"187,199,529"
8632,"405,529,530"
8633,"179,528,529"
8634,"528,529,530"
8635,"301,459,530"
8636,"528,529,530"
8637,"301,529,530"
8638,"182,528,529"
8639,"108,124,173"
8640,"528,529,530"
8641,"45,528,529"
8642,"179,528,529"
8643,"182,444,514"
8644,"528,529,530"
8645,"330,340,430"
8646,"100,194,200"
8647,"255,528,529"
8648,"513,529,530"
8649,"528,529,530"
8650,"455,529,530"
8651,"340,359,530"
8652,"2,497,513"
8653,"528,529,530"
8654,"170,528,529"
8655,"25,405,425"
8656,"528,529,530"
8657,"187,528,529"
8658,"405,529,530"
8659,"528,529,530"
8660,"128,528,529"
8661,"179,409,498"
8662,"12,528,529"
8663,"40,368,529"
8664,"44,45,528"
8665,"40,368,425"
8666,"313,366,397"
8667,"179,278,483"
8668,"528,529,530"
8669,"355,456,530"
8670,"16,194,200"
8671,"340,529,530"
8672,"25,340,425"
8673,"528,529,530"
8674,"528,529,530"
8675,"340,529,530"
8676,"444,455,530"
8677,"100,194,200"
8678,"199,529,530"
8679,"49,528,529"
8680,"25,498,529"
8681,"8,206,346"
8682,"182,194,200"
8683,"340,529,530"
8684,"199,529,530"
8685,"2,513,529"
8686,"199,247,259"
8687,"528,529,530"
8688,"528,529,530"
8689,"8,206,346"
8690,"223,528,529"
8691,"45,187,241"
8692,"194,528,529"
8693,"194,200,301"
8694,"80,448,529"
8695,"528,529,530"
8696,"64,323,524"
8697,"323,529,530"
8698,"10,220,242"
8699,"8,235,528"
8700,"2,179,527"
8701,"8,206,528"
8702,"56,108,301"
8703,"528,529,530"
8704,"199,223,455"
8705,"528,529,530"
8706,"528,529,530"
8707,"366,529,530"
8708,"128,129,528"
8709,"528,529,530"
8710,"25,168,518"
8711,"128,241,405"
8712,"355,456,514"
8713,"374,529,530"
8714,"220,376,425"
8715,"170,397,444"
8716,"187,241,409"
8717,"194,200,340"
8718,"528,529,530"
8719,"397,458,530"
8720,"271,361,372"
8721,"528,529,530"
8722,"166,221,419"
8723,"498,529,530"
8724,"135,528,529"
8725,"205,220,280"
8726,"528,529,530"
8727,"49,528,529"
8728,"528,529,530"
8729,"3,18,200"
8730,"220,528,529"
8731,"271,352,355"
8732,"69,73,528"
8733,"173,528,529"
8734,"405,529,530"
8735,"455,529,530"
8736,"100,204,455"
8737,"1,313,529"
8738,"128,129,528"
8739,"39,444,452"
8740,"49,528,529"
8741,"29,251,455"
8742,"100,194,200"
8743,"528,529,530"
8744,"10,220,242"
8745,"213,313,482"
8746,"130,313,468"
8747,"51,528,529"
8748,"128,129,179"
8749,"355,456,530"
8750,"397,444,458"
8751,"409,425,515"
8752,"83,135,528"
8753,"179,214,216"
8754,"12,528,529"
8755,"528,529,530"
8756,"340,529,530"
8757,"10,220,221"
8758,"269,340,355"
8759,"528,529,530"
8760,"215,315,405"
8761,"187,493,502"
8762,"223,455,529"
8763,"182,528,529"
8764,"528,529,530"
8765,"0,340,359"
8766,"168,528,529"
8767,"168,196,528"
8768,"10,11,221"
8769,"430,498,530"
8770,"409,529,530"
8771,"10,24,25"
8772,"67,357,529"
8773,"313,529,530"
8774,"92,513,529"
8775,"458,529,530"
8776,"41,201,317"
8777,"128,313,340"
8778,"528,529,530"
8779,"45,419,529"
8780,"135,528,529"
8781,"269,355,498"
8782,"83,315,405"
8783,"528,529,530"
8784,"84,528,529"
8785,"64,323,524"
8786,"128,528,529"
8787,"528,529,530"
8788,"455,529,530"
8789,"382,529,530"
8790,"69,220,425"
8791,"220,242,528"
8792,"528,529,530"
8793,"528,529,530"
8794,"199,529,530"
8795,"194,364,529"
8796,"235,355,456"
8797,"528,529,530"
8798,"64,323,524"
8799,"127,263,528"
8800,"45,140,528"
8801,"8,206,528"
8802,"459,529,530"
8803,"25,220,493"
8804,"528,529,530"
8805,"528,529,530"
8806,"12,528,529"
8807,"49,455,529"
8808,"267,405,530"
8809,"41,359,529"
8810,"313,346,405"
8811,"455,529,530"
8812,"528,529,530"
8813,"2,8,476"
8814,"204,247,330"
8815,"100,194,200"
8816,"528,529,530"
8817,"108,301,529"
8818,"172,179,455"
8819,"528,529,530"
8820,"528,529,530"
8821,"355,424,456"
8822,"25,140,170"
8823,"220,360,455"
8824,"528,529,530"
8825,"182,528,529"
8826,"401,529,530"
8827,"436,529,530"
8828,"194,200,340"
8829,"308,529,530"
8830,"340,359,425"
8831,"67,528,529"
8832,"29,172,468"
8833,"528,529,530"
8834,"108,204,301"
8835,"8,182,366"
8836,"59,95,524"
8837,"168,382,529"
8838,"528,529,530"
8839,"247,269,355"
8840,"108,301,529"
8841,"128,129,480"
8842,"23,84,251"
8843,"108,172,301"
8844,"165,179,405"
8845,"528,529,530"
8846,"170,364,419"
8847,"528,529,530"
8848,"187,241,405"
8849,"83,135,315"
8850,"25,528,529"
8851,"528,529,530"
8852,"67,220,242"
8853,"199,529,530"
8854,"528,529,530"
8855,"40,368,529"
8856,"95,220,524"
8857,"8,206,313"
8858,"25,528,529"
8859,"313,455,530"
8860,"128,129,528"
8861,"25,199,529"
8862,"528,529,530"
8863,"455,529,530"
8864,"528,529,530"
8865,"528,529,530"
8866,"153,199,529"
8867,"528,529,530"
8868,"374,529,530"
8869,"444,529,530"
8870,"204,215,315"
8871,"10,199,323"
8872,"528,529,530"
8873,"4,19,182"
8874,"45,67,498"
8875,"245,528,529"
8876,"528,529,530"
8877,"360,397,498"
8878,"8,206,528"
8879,"168,170,459"
8880,"430,527,530"
8881,"67,205,280"
8882,"2,170,223"
8883,"455,518,524"
8884,"528,529,530"
8885,"155,194,248"
8886,"51,340,529"
8887,"25,128,425"
8888,"45,528,529"
8889,"160,528,529"
8890,"10,216,370"
8891,"528,529,530"
8892,"29,128,179"
8893,"528,529,530"
8894,"187,205,241"
8895,"108,204,301"
8896,"271,372,455"
8897,"528,529,530"
8898,"220,242,425"
8899,"340,529,530"
8900,"8,206,425"
8901,"528,529,530"
8902,"139,271,355"
8903,"528,529,530"
8904,"45,528,529"
8905,"518,529,530"
8906,"528,529,530"
8907,"40,368,529"
8908,"528,529,530"
8909,"528,529,530"
8910,"528,529,530"
8911,"168,271,355"
8912,"340,529,530"
8913,"528,529,530"
8914,"301,529,530"
8915,"67,425,468"
8916,"172,528,529"
8917,"40,368,529"
8918,"313,366,397"
8919,"16,204,528"
8920,"528,529,530"
8921,"187,196,241"
8922,"528,529,530"
8923,"3,5,200"
8924,"8,235,528"
8925,"323,420,524"
8926,"313,346,468"
8927,"528,529,530"
8928,"528,529,530"
8929,"16,528,529"
8930,"12,179,497"
8931,"296,405,452"
8932,"12,313,366"
8933,"45,67,313"
8934,"8,235,459"
8935,"528,529,530"
8936,"330,529,530"
8937,"405,529,530"
8938,"0,216,249"
8939,"103,199,529"
8940,"405,529,530"
8941,"425,529,530"
8942,"528,529,530"
8943,"25,220,242"
8944,"444,529,530"
8945,"128,179,199"
8946,"8,235,528"
8947,"128,528,529"
8948,"528,529,530"
8949,"220,498,529"
8950,"528,529,530"
8951,"528,529,530"
8952,"139,187,241"
8953,"25,69,455"
8954,"135,528,529"
8955,"152,170,459"
8956,"179,220,313"
8957,"528,529,530"
8958,"528,529,530"
8959,"528,529,530"
8960,"10,24,454"
8961,"528,529,530"
8962,"29,528,529"
8963,"88,106,528"
8964,"73,322,529"
8965,"528,529,530"
8966,"200,270,340"
8967,"73,194,200"
8968,"160,528,529"
8969,"29,108,301"
8970,"116,528,529"
8971,"64,323,524"
8972,"69,430,529"
8973,"280,372,444"
8974,"160,196,430"
8975,"100,194,200"
8976,"313,366,397"
8977,"40,368,529"
8978,"44,45,73"
8979,"528,529,530"
8980,"25,220,221"
8981,"160,528,529"
8982,"313,366,397"
8983,"340,529,530"
8984,"179,528,529"
8985,"313,366,397"
8986,"355,456,530"
8987,"23,26,251"
8988,"455,529,530"
8989,"214,372,529"
8990,"528,529,530"
8991,"56,135,340"
8992,"45,313,529"
8993,"204,215,334"
8994,"528,529,530"
8995,"187,241,528"
8996,"528,529,530"
8997,"45,135,455"
8998,"528,529,530"
8999,"4,182,340"
9000,"340,364,530"
9001,"23,251,455"
9002,"10,25,220"
9003,"291,444,530"
9004,"25,528,529"
9005,"135,359,455"
9006,"45,528,529"
9007,"4,182,528"
9008,"528,529,530"
9009,"301,343,455"
9010,"280,376,516"
9011,"528,529,530"
9012,"11,455,529"
9013,"220,221,340"
9014,"25,220,498"
9015,"528,529,530"
9016,"194,200,340"
9017,"528,529,530"
9018,"271,361,372"
9019,"205,455,529"
9020,"382,529,530"
9021,"187,241,334"
9022,"528,529,530"
9023,"199,529,530"
9024,"2,83,498"
9025,"271,280,444"
9026,"528,529,530"
9027,"83,194,200"
9028,"528,529,530"
9029,"12,67,528"
9030,"528,529,530"
9031,"64,323,524"
9032,"528,529,530"
9033,"220,221,528"
9034,"16,528,529"
9035,"452,455,530"
9036,"127,263,528"
9037,"436,529,530"
9038,"170,405,529"
9039,"528,529,530"
9040,"425,455,488"
9041,"49,528,529"
9042,"160,302,315"
9043,"23,26,251"
9044,"528,529,530"
9045,"355,424,456"
9046,"187,241,528"
9047,"124,243,334"
9048,"25,528,529"
9049,"455,459,530"
9050,"2,220,449"
9051,"271,366,455"
9052,"207,301,455"
9053,"528,529,530"
9054,"25,220,221"
9055,"528,529,530"
9056,"528,529,530"
9057,"528,529,530"
9058,"498,529,530"
9059,"528,529,530"
9060,"8,313,425"
9061,"45,69,498"
9062,"455,529,530"
9063,"528,529,530"
9064,"207,364,529"
9065,"436,468,520"
9066,"25,322,529"
9067,"528,529,530"
9068,"528,529,530"
9069,"204,528,529"
9070,"10,25,220"
9071,"528,529,530"
9072,"313,529,530"
9073,"41,528,529"
9074,"179,455,529"
9075,"269,355,409"
9076,"528,529,530"
9077,"455,529,530"
9078,"340,529,530"
9079,"364,529,530"
9080,"297,349,457"
9081,"528,529,530"
9082,"64,323,524"
9083,"29,528,529"
9084,"528,529,530"
9085,"455,529,530"
9086,"223,417,529"
9087,"8,206,249"
9088,"455,457,530"
9089,"100,194,200"
9090,"128,528,529"
9091,"528,529,530"
9092,"528,529,530"
9093,"8,206,482"
9094,"140,528,529"
9095,"16,204,528"
9096,"528,529,530"
9097,"128,528,529"
9098,"187,528,529"
9099,"29,271,340"
9100,"49,528,529"
9101,"10,215,334"
9102,"528,529,530"
9103,"168,340,430"
9104,"528,529,530"
9105,"528,529,530"
9106,"25,67,220"
9107,"160,334,419"
9108,"187,205,241"
9109,"44,402,529"
9110,"139,155,312"
9111,"194,200,357"
9112,"528,529,530"
9113,"25,221,405"
9114,"199,529,530"
9115,"313,455,530"
9116,"113,200,207"
9117,"128,187,241"
9118,"165,409,529"
9119,"528,529,530"
9120,"528,529,530"
9121,"528,529,530"
9122,"340,529,530"
9123,"1,366,529"
9124,"67,83,455"
9125,"199,529,530"
9126,"528,529,530"
9127,"528,529,530"
9128,"179,498,529"
9129,"528,529,530"
9130,"340,529,530"
9131,"528,529,530"
9132,"340,529,530"
9133,"88,106,182"
9134,"528,529,530"
9135,"45,528,529"
9136,"528,529,530"
9137,"528,529,530"
9138,"528,529,530"
9139,"204,221,419"
9140,"69,73,405"
9141,"313,346,530"
9142,"220,221,528"
9143,"4,182,528"
9144,"278,483,530"
9145,"480,529,530"
9146,"528,529,530"
9147,"405,529,530"
9148,"528,529,530"
9149,"528,529,530"
9150,"128,129,528"
9151,"323,529,530"
9152,"160,528,529"
9153,"220,221,313"
9154,"73,196,452"
9155,"29,215,494"
9156,"528,529,530"
9157,"528,529,530"
9158,"25,220,528"
9159,"256,280,340"
9160,"296,529,530"
9161,"528,529,530"
9162,"128,129,455"
9163,"170,528,529"
9164,"528,529,530"
9165,"64,323,524"
9166,"213,216,482"
9167,"100,194,200"
9168,"140,528,529"
9169,"528,529,530"
9170,"254,444,458"
9171,"67,528,529"
9172,"528,529,530"
9173,"29,182,196"
9174,"528,529,530"
9175,"528,529,530"
9176,"8,206,528"
9177,"528,529,530"
9178,"528,529,530"
9179,"528,529,530"
9180,"25,80,514"
9181,"364,529,530"
9182,"67,220,221"
9183,"528,529,530"
9184,"528,529,530"
9185,"528,529,530"
9186,"128,313,346"
9187,"8,206,528"
9188,"45,205,528"
9189,"8,235,459"
9190,"323,529,530"
9191,"44,355,456"
9192,"83,402,405"
9193,"213,247,313"
9194,"135,528,529"
9195,"80,480,529"
9196,"182,199,340"
9197,"199,223,529"
9198,"128,129,179"
9199,"366,405,515"
9200,"528,529,530"
9201,"25,220,528"
9202,"528,529,530"
9203,"528,529,530"
9204,"100,503,529"
9205,"364,529,530"
9206,"528,529,530"
9207,"40,368,529"
9208,"172,340,409"
9209,"128,323,419"
9210,"374,430,530"
9211,"23,26,251"
9212,"187,241,524"
9213,"100,194,200"
9214,"340,529,530"
9215,"528,529,530"
9216,"528,529,530"
9217,"179,528,529"
9218,"340,529,530"
9219,"25,528,529"
9220,"313,366,397"
9221,"528,529,530"
9222,"301,455,518"
9223,"528,529,530"
9224,"528,529,530"
9225,"528,529,530"
9226,"64,323,524"
9227,"179,357,455"
9228,"528,529,530"
9229,"200,214,372"
9230,"301,459,530"
9231,"80,382,529"
9232,"528,529,530"
9233,"313,360,397"
9234,"334,340,374"
9235,"135,315,513"
9236,"438,456,498"
9237,"2,182,513"
9238,"8,39,206"
9239,"41,411,529"
9240,"528,529,530"
9241,"528,529,530"
9242,"528,529,530"
9243,"26,455,498"
9244,"182,438,529"
9245,"135,528,529"
9246,"160,455,529"
9247,"249,366,484"
9248,"247,528,529"
9249,"8,235,360"
9250,"79,128,528"
9251,"310,360,488"
9252,"64,323,524"
9253,"48,340,529"
9254,"216,270,366"
9255,"199,529,530"
9256,"67,528,529"
9257,"313,355,456"
9258,"301,374,530"
9259,"199,529,530"
9260,"528,529,530"
9261,"514,529,530"
9262,"528,529,530"
9263,"44,73,220"
9264,"187,200,241"
9265,"528,529,530"
9266,"127,263,528"
9267,"214,355,456"
9268,"108,301,529"
9269,"170,528,529"
9270,"213,214,482"
9271,"128,129,313"
9272,"11,205,528"
9273,"528,529,530"
9274,"100,196,503"
9275,"528,529,530"
9276,"204,215,315"
9277,"528,529,530"
9278,"12,173,301"
9279,"196,528,529"
9280,"430,529,530"
9281,"153,436,483"
9282,"340,455,530"
9283,"45,69,528"
9284,"170,270,459"
9285,"25,220,221"
9286,"84,468,529"
9287,"455,529,530"
9288,"179,187,223"
9289,"528,529,530"
9290,"23,26,251"
9291,"25,220,242"
9292,"528,529,530"
9293,"29,200,498"
9294,"205,360,397"
9295,"271,280,444"
9296,"301,529,530"
9297,"430,455,530"
9298,"277,413,497"
9299,"170,528,529"
9300,"41,528,529"
9301,"528,529,530"
9302,"45,313,529"
9303,"205,313,340"
9304,"182,528,529"
9305,"199,529,530"
9306,"67,248,468"
9307,"92,528,529"
9308,"205,271,361"
9309,"455,529,530"
9310,"528,529,530"
9311,"343,529,530"
9312,"69,528,529"
9313,"455,529,530"
9314,"128,528,529"
9315,"124,243,334"
9316,"528,529,530"
9317,"528,529,530"
9318,"528,529,530"
9319,"528,529,530"
9320,"301,455,530"
9321,"45,108,311"
9322,"405,529,530"
9323,"323,529,530"
9324,"108,124,528"
9325,"271,361,372"
9326,"199,529,530"
9327,"152,248,459"
9328,"10,220,221"
9329,"216,254,456"
9330,"170,194,200"
9331,"528,529,530"
9332,"139,528,529"
9333,"45,401,529"
9334,"528,529,530"
9335,"405,529,530"
9336,"340,529,530"
9337,"343,529,530"
9338,"315,529,530"
9339,"528,529,530"
9340,"199,323,419"
9341,"528,529,530"
9342,"128,129,516"
9343,"247,528,529"
9344,"124,243,334"
9345,"108,301,455"
9346,"528,529,530"
9347,"179,409,498"
9348,"187,241,528"
9349,"214,216,498"
9350,"29,340,529"
9351,"170,528,529"
9352,"56,140,200"
9353,"528,529,530"
9354,"280,438,455"
9355,"215,494,529"
9356,"528,529,530"
9357,"100,194,200"
9358,"528,529,530"
9359,"187,223,241"
9360,"296,337,530"
9361,"8,206,455"
9362,"170,528,529"
9363,"182,340,529"
9364,"160,187,241"
9365,"528,529,530"
9366,"45,135,330"
9367,"528,529,530"
9368,"251,330,529"
9369,"122,343,436"
9370,"518,529,530"
9371,"340,529,530"
9372,"528,529,530"
9373,"170,448,529"
9374,"160,334,529"
9375,"25,220,241"
9376,"128,280,313"
9377,"64,323,524"
9378,"128,129,366"
9379,"216,458,498"
9380,"135,141,455"
9381,"455,529,530"
9382,"340,529,530"
9383,"330,529,530"
9384,"8,160,206"
9385,"323,529,530"
9386,"314,376,436"
9387,"8,206,482"
9388,"73,160,215"
9389,"528,529,530"
9390,"8,39,206"
9391,"468,529,530"
9392,"374,529,530"
9393,"355,425,456"
9394,"213,255,394"
9395,"296,529,530"
9396,"108,301,459"
9397,"528,529,530"
9398,"135,528,529"
9399,"135,281,529"
9400,"528,529,530"
9401,"366,529,530"
9402,"179,355,514"
9403,"41,414,430"
9404,"528,529,530"
9405,"528,529,530"
9406,"528,529,530"
9407,"528,529,530"
9408,"455,529,530"
9409,"83,96,405"
9410,"160,313,346"
9411,"528,529,530"
9412,"141,300,419"
9413,"182,196,528"
9414,"45,448,529"
9415,"49,528,529"
9416,"29,83,405"
9417,"29,330,529"
9418,"168,194,420"
9419,"49,448,529"
9420,"528,529,530"
9421,"2,179,476"
9422,"170,199,480"
9423,"528,529,530"
9424,"528,529,530"
9425,"480,529,530"
9426,"528,529,530"
9427,"83,220,498"
9428,"528,529,530"
9429,"199,529,530"
9430,"12,528,529"
9431,"528,529,530"
9432,"4,270,340"
9433,"29,528,529"
9434,"355,456,514"
9435,"16,51,173"
9436,"8,220,221"
9437,"528,529,530"
9438,"199,340,530"
9439,"528,529,530"
9440,"40,368,529"
9441,"528,529,530"
9442,"315,529,530"
9443,"516,529,530"
9444,"141,300,529"
9445,"528,529,530"
9446,"196,498,514"
9447,"528,529,530"
9448,"313,448,530"
9449,"528,529,530"
9450,"182,340,388"
9451,"216,497,520"
9452,"8,206,455"
9453,"168,528,529"
9454,"528,529,530"
9455,"514,529,530"
9456,"216,528,529"
9457,"315,529,530"
9458,"528,529,530"
9459,"182,196,514"
9460,"528,529,530"
9461,"355,405,456"
9462,"127,170,241"
9463,"340,529,530"
9464,"8,235,498"
9465,"528,529,530"
9466,"374,405,422"
9467,"179,528,529"
9468,"135,139,528"
9469,"528,529,530"
9470,"199,430,444"
9471,"51,455,529"
9472,"113,484,529"
9473,"357,360,455"
9474,"179,528,529"
9475,"40,368,529"
9476,"528,529,530"
9477,"220,242,528"
9478,"128,528,529"
9479,"528,529,530"
9480,"528,529,530"
9481,"170,199,374"
9482,"128,129,313"
9483,"216,360,397"
9484,"528,529,530"
9485,"528,529,530"
9486,"194,200,498"
9487,"92,247,301"
9488,"313,366,397"
9489,"528,529,530"
9490,"194,248,513"
9491,"8,206,418"
9492,"16,357,529"
9493,"497,498,527"
9494,"8,206,249"
9495,"528,529,530"
9496,"418,529,530"
9497,"64,323,524"
9498,"128,247,455"
9499,"182,528,529"
9500,"84,300,405"
9501,"315,529,530"
9502,"165,173,221"
9503,"10,24,25"
9504,"25,220,221"
9505,"247,315,529"
9506,"8,206,249"
9507,"8,235,480"
9508,"215,494,529"
9509,"444,529,530"
9510,"11,205,455"
9511,"29,271,313"
9512,"56,301,449"
9513,"10,69,221"
9514,"179,214,216"
9515,"16,168,204"
9516,"139,155,312"
9517,"528,529,530"
9518,"405,529,530"
9519,"528,529,530"
9520,"528,529,530"
9521,"528,529,530"
9522,"155,194,248"
9523,"25,170,528"
9524,"215,296,409"
9525,"45,216,498"
9526,"528,529,530"
9527,"214,337,444"
9528,"518,529,530"
9529,"100,194,200"
9530,"528,529,530"
9531,"23,26,251"
9532,"25,73,455"
9533,"1,127,366"
9534,"187,528,529"
9535,"216,528,529"
9536,"89,528,529"
9537,"187,241,528"
9538,"11,69,528"
9539,"8,206,528"
9540,"194,200,301"
9541,"528,529,530"
9542,"73,355,409"
9543,"405,518,530"
9544,"220,221,528"
9545,"182,528,529"
9546,"313,340,349"
9547,"310,518,530"
9548,"528,529,530"
9549,"128,528,529"
9550,"528,529,530"
9551,"366,422,449"
9552,"277,455,530"
9553,"528,529,530"
9554,"468,529,530"
9555,"4,182,301"
9556,"64,323,524"
9557,"25,67,205"
9558,"528,529,530"
9559,"160,243,334"
9560,"528,529,530"
9561,"528,529,530"
9562,"25,528,529"
9563,"528,529,530"
9564,"83,278,529"
9565,"170,179,455"
9566,"528,529,530"
9567,"49,405,459"
9568,"528,529,530"
9569,"153,455,529"
9570,"528,529,530"
9571,"528,529,530"
9572,"528,529,530"
9573,"196,364,456"
9574,"528,529,530"
9575,"220,242,498"
9576,"213,313,393"
9577,"366,397,458"
9578,"247,323,524"
9579,"128,270,529"
9580,"2,179,455"
9581,"340,480,530"
9582,"182,528,529"
9583,"528,529,530"
9584,"455,529,530"
9585,"251,455,498"
9586,"357,360,455"
9587,"1,2,449"
9588,"528,529,530"
9589,"528,529,530"
9590,"405,529,530"
9591,"528,529,530"
9592,"315,529,530"
9593,"170,528,529"
9594,"528,529,530"
9595,"173,528,529"
9596,"194,200,518"
9597,"40,368,529"
9598,"528,529,530"
9599,"29,528,529"
9600,"129,313,346"
9601,"247,528,529"
9602,"528,529,530"
9603,"425,498,530"
9604,"528,529,530"
9605,"528,529,530"
9606,"528,529,530"
9607,"401,529,530"
9608,"170,273,529"
9609,"271,301,518"
9610,"83,360,498"
9611,"340,529,530"
9612,"8,206,436"
9613,"528,529,530"
9614,"528,529,530"
9615,"528,529,530"
9616,"436,529,530"
9617,"301,459,530"
9618,"67,83,220"
9619,"297,498,530"
9620,"271,355,513"
9621,"528,529,530"
9622,"528,529,530"
9623,"498,529,530"
9624,"80,448,524"
9625,"170,528,529"
9626,"100,194,200"
9627,"179,405,498"
9628,"301,529,530"
9629,"249,340,484"
9630,"1,366,484"
9631,"528,529,530"
9632,"528,529,530"
9633,"349,418,530"
9634,"8,206,482"
9635,"528,529,530"
9636,"49,405,529"
9637,"179,216,528"
9638,"170,405,518"
9639,"528,529,530"
9640,"340,529,530"
9641,"67,280,468"
9642,"405,498,530"
9643,"49,528,529"
9644,"528,529,530"
9645,"528,529,530"
9646,"49,270,529"
9647,"160,334,455"
9648,"8,206,455"
9649,"8,235,528"
9650,"528,529,530"
9651,"29,528,529"
9652,"40,368,455"
9653,"8,49,206"
9654,"374,529,530"
9655,"83,405,529"
9656,"45,73,528"
9657,"528,529,530"
9658,"182,528,529"
9659,"160,334,406"
9660,"45,498,529"
9661,"10,12,323"
9662,"528,529,530"
9663,"2,179,482"
9664,"405,455,530"
9665,"220,242,405"
9666,"168,382,455"
9667,"170,528,529"
9668,"182,340,455"
9669,"528,529,530"
9670,"1,196,199"
9671,"199,323,405"
9672,"40,92,368"
9673,"364,529,530"
9674,"100,194,200"
9675,"528,529,530"
9676,"11,69,376"
9677,"528,529,530"
9678,"29,528,529"
9679,"29,243,334"
9680,"108,204,301"
9681,"194,340,364"
9682,"194,200,301"
9683,"528,529,530"
9684,"25,220,221"
9685,"67,220,528"
9686,"187,241,528"
9687,"528,529,530"
9688,"160,528,529"
9689,"301,529,530"
9690,"340,405,530"
9691,"204,215,334"
9692,"139,155,312"
9693,"160,170,528"
9694,"100,194,200"
9695,"221,313,480"
9696,"179,528,529"
9697,"10,24,454"
9698,"67,405,498"
9699,"271,280,372"
9700,"220,528,529"
9701,"425,444,484"
9702,"374,529,530"
9703,"170,196,528"
9704,"528,529,530"
9705,"67,528,529"
9706,"67,128,498"
9707,"45,402,455"
9708,"360,455,498"
9709,"10,67,323"
9710,"528,529,530"
9711,"128,528,529"
9712,"455,529,530"
9713,"67,108,301"
9714,"528,529,530"
9715,"528,529,530"
9716,"128,269,355"
9717,"199,259,529"
9718,"528,529,530"
9719,"528,529,530"
9720,"271,280,418"
9721,"313,346,530"
9722,"182,528,529"
9723,"100,194,200"
9724,"207,301,340"
9725,"135,200,301"
9726,"528,529,530"
9727,"155,194,340"
9728,"8,45,206"
9729,"301,498,530"
9730,"528,529,530"
9731,"528,529,530"
9732,"528,529,530"
9733,"269,355,409"
9734,"528,529,530"
9735,"528,529,530"
9736,"187,241,438"
9737,"45,310,518"
9738,"4,182,221"
9739,"401,529,530"
9740,"455,529,530"
9741,"10,24,454"
9742,"438,456,465"
9743,"79,199,488"
9744,"182,382,529"
9745,"73,301,313"
9746,"528,529,530"
9747,"528,529,530"
9748,"25,528,529"
9749,"493,529,530"
9750,"2,449,529"
9751,"160,187,241"
9752,"213,313,529"
9753,"67,355,456"
9754,"141,215,300"
9755,"10,25,498"
9756,"8,45,409"
9757,"40,368,529"
9758,"528,529,530"
9759,"44,73,405"
9760,"452,529,530"
9761,"168,322,436"
9762,"83,405,529"
9763,"25,220,242"
9764,"127,179,263"
9765,"528,529,530"
9766,"187,438,444"
9767,"528,529,530"
9768,"528,529,530"
9769,"100,194,200"
9770,"10,25,128"
9771,"4,122,182"
9772,"528,529,530"
9773,"1,528,529"
9774,"528,529,530"
9775,"83,528,529"
9776,"245,455,513"
9777,"194,200,301"
9778,"25,220,528"
9779,"528,529,530"
9780,"199,529,530"
9781,"170,528,529"
9782,"528,529,530"
9783,"113,528,529"
9784,"271,409,455"
9785,"459,529,530"
9786,"366,397,455"
9787,"313,438,456"
9788,"100,194,200"
9789,"528,529,530"
9790,"405,529,530"
9791,"170,528,529"
9792,"528,529,530"
9793,"528,529,530"
9794,"44,45,67"
9795,"1,528,529"
9796,"528,529,530"
9797,"528,529,530"
9798,"528,529,530"
9799,"220,242,528"
9800,"528,529,530"
9801,"200,405,480"
9802,"135,340,529"
9803,"340,529,530"
9804,"271,314,366"
9805,"166,221,515"
9806,"493,529,530"
9807,"108,340,455"
9808,"528,529,530"
9809,"528,529,530"
9810,"100,194,200"
9811,"10,323,529"
9812,"187,241,528"
9813,"45,204,405"
9814,"83,220,506"
9815,"152,315,374"
9816,"528,529,530"
9817,"8,206,249"
9818,"8,45,206"
9819,"59,95,524"
9820,"8,206,220"
9821,"88,106,340"
9822,"128,313,449"
9823,"528,529,530"
9824,"67,187,241"
9825,"405,529,530"
9826,"64,323,524"
9827,"220,328,405"
9828,"528,529,530"
9829,"459,529,530"
9830,"108,204,301"
9831,"4,182,364"
9832,"187,241,528"
9833,"108,301,405"
9834,"376,397,530"
9835,"355,359,409"
9836,"364,529,530"
9837,"10,24,454"
9838,"160,528,529"
9839,"301,374,530"
9840,"4,100,340"
9841,"4,182,455"
9842,"67,301,455"
9843,"220,221,455"
9844,"528,529,530"
9845,"73,241,376"
9846,"45,528,529"
9847,"280,425,498"
9848,"528,529,530"
9849,"73,528,529"
9850,"528,529,530"
9851,"247,301,529"
9852,"313,346,425"
9853,"528,529,530"
9854,"528,529,530"
9855,"56,528,529"
9856,"296,430,530"
9857,"220,221,528"
9858,"382,529,530"
9859,"364,529,530"
9860,"64,323,524"
9861,"528,529,530"
9862,"301,340,459"
9863,"10,24,220"
9864,"179,328,529"
9865,"2,271,449"
9866,"187,241,528"
9867,"45,182,480"
9868,"67,160,199"
9869,"528,529,530"
9870,"10,11,205"
9871,"301,340,530"
9872,"8,206,425"
9873,"179,199,223"
9874,"160,528,529"
9875,"528,529,530"
9876,"8,313,346"
9877,"16,204,528"
9878,"271,355,424"
9879,"528,529,530"
9880,"355,424,498"
9881,"528,529,530"
9882,"187,241,528"
9883,"160,528,529"
9884,"25,220,528"
9885,"313,346,530"
9886,"340,529,530"
9887,"160,334,406"
9888,"69,455,529"
9889,"214,216,271"
9890,"220,313,529"
9891,"4,418,430"
9892,"528,529,530"
9893,"528,529,530"
9894,"340,405,430"
9895,"528,529,530"
9896,"29,179,528"
9897,"528,529,530"
9898,"357,405,455"
9899,"187,241,528"
9900,"114,182,528"
9901,"417,419,498"
9902,"128,129,455"
9903,"340,529,530"
9904,"64,323,524"
9905,"108,204,301"
9906,"179,360,397"
9907,"405,417,530"
9908,"528,529,530"
9909,"8,235,301"
9910,"528,529,530"
9911,"349,418,530"
9912,"10,360,455"
9913,"179,199,529"
9914,"179,376,497"
9915,"528,529,530"
9916,"187,241,480"
9917,"240,334,406"
9918,"528,529,530"
9919,"401,529,530"
9920,"3,140,200"
9921,"41,487,529"
9922,"29,278,301"
9923,"108,340,455"
9924,"152,459,529"
9925,"128,315,455"
9926,"528,529,530"
9927,"11,69,528"
9928,"187,220,528"
9929,"3,18,200"
9930,"100,194,200"
9931,"172,179,455"
9932,"455,498,530"
9933,"170,199,529"
9934,"296,529,530"
9935,"340,529,530"
9936,"1,405,455"
9937,"456,482,485"
9938,"26,280,425"
9939,"170,528,529"
9940,"73,182,374"
9941,"323,529,530"
9942,"204,215,315"
9943,"528,529,530"
9944,"64,323,524"
9945,"528,529,530"
9946,"8,216,235"
9947,"8,206,251"
9948,"340,529,530"
9949,"528,529,530"
9950,"25,220,221"
9951,"8,206,528"
9952,"374,529,530"
9953,"25,220,221"
9954,"173,278,301"
9955,"245,301,405"
9956,"528,529,530"
9957,"528,529,530"
9958,"155,194,248"
9959,"290,529,530"
9960,"301,310,455"
9961,"25,220,242"
9962,"67,241,468"
9963,"40,334,368"
9964,"528,529,530"
9965,"301,529,530"
9966,"98,170,528"
9967,"45,528,529"
9968,"179,214,311"
9969,"528,529,530"
9970,"528,529,530"
9971,"278,529,530"
9972,"40,368,529"
9973,"528,529,530"
9974,"128,129,340"
9975,"170,340,529"
9976,"528,529,530"
9977,"340,425,488"
9978,"528,529,530"
9979,"128,430,455"
9980,"340,529,530"
9981,"528,529,530"
9982,"25,128,220"
9983,"214,216,497"
9984,"528,529,530"
9985,"301,340,459"
9986,"23,26,251"
9987,"528,529,530"
9988,"522,529,530"
9989,"455,529,530"
9990,"528,529,530"
9991,"135,468,529"
9992,"425,529,530"
9993,"528,529,530"
9994,"528,529,530"
9995,"220,425,529"
9996,"313,366,397"
9997,"168,196,215"
9998,"170,528,529"
9999,"313,346,530"
10000,"438,456,465"
10001,"247,419,529"
10002,"397,458,497"
10003,"179,199,223"
10004,"528,529,530"
10005,"528,529,530"
10006,"220,221,245"
10007,"528,529,530"
10008,"40,368,529"
10009,"528,529,530"
10010,"25,528,529"
10011,"140,528,529"
10012,"301,529,530"
10013,"45,528,529"
10014,"135,528,529"
10015,"108,204,301"
10016,"245,528,529"
10017,"323,529,530"
10018,"315,529,530"
10019,"214,216,444"
10020,"528,529,530"
10021,"430,529,530"
10022,"315,529,530"
10023,"83,528,529"
10024,"340,529,530"
10025,"83,528,529"
10026,"8,280,425"
10027,"128,129,425"
10028,"323,430,524"
10029,"382,498,530"
10030,"182,528,529"
10031,"528,529,530"
10032,"10,24,220"
10033,"173,455,529"
10034,"170,187,241"
10035,"182,528,529"
10036,"135,301,374"
10037,"182,528,529"
10038,"528,529,530"
10039,"187,234,301"
10040,"518,529,530"
10041,"89,528,529"
10042,"247,315,405"
10043,"528,529,530"
10044,"204,215,315"
10045,"69,170,199"
10046,"168,528,529"
10047,"25,498,529"
10048,"528,529,530"
10049,"11,69,241"
10050,"3,18,200"
10051,"25,199,220"
10052,"128,129,179"
10053,"8,206,455"
10054,"135,194,200"
10055,"187,528,529"
10056,"528,529,530"
10057,"160,528,529"
10058,"108,301,425"
10059,"528,529,530"
10060,"83,241,273"
10061,"528,529,530"
10062,"205,313,340"
10063,"220,528,529"
10064,"278,425,455"
10065,"12,241,301"
10066,"187,241,528"
10067,"528,529,530"
10068,"64,323,524"
10069,"220,221,528"
10070,"438,529,530"
10071,"2,241,480"
10072,"25,220,452"
10073,"29,196,455"
10074,"100,194,200"
10075,"528,529,530"
10076,"528,529,530"
10077,"80,448,529"
10078,"8,206,220"
10079,"374,529,530"
10080,"313,366,397"
10081,"528,529,530"
10082,"173,301,364"
10083,"187,241,322"
10084,"23,26,251"
10085,"340,529,530"
10086,"528,529,530"
10087,"313,405,530"
10088,"128,129,405"
10089,"108,204,301"
10090,"366,401,449"
10091,"69,430,529"
10092,"67,528,529"
10093,"194,200,340"
10094,"528,529,530"
10095,"528,529,530"
10096,"374,529,530"
10097,"340,529,530"
10098,"100,194,200"
10099,"100,173,455"
10100,"528,529,530"
10101,"207,364,529"
10102,"16,374,388"
10103,"179,340,425"
10104,"528,529,530"
10105,"438,444,455"
10106,"528,529,530"
10107,"340,529,530"
10108,"25,128,301"
10109,"25,140,528"
10110,"199,259,529"
10111,"29,220,528"
10112,"528,529,530"
10113,"194,200,340"
10114,"187,241,313"
10115,"155,194,248"
10116,"1,2,476"
10117,"528,529,530"
10118,"214,216,497"
10119,"69,127,263"
10120,"182,528,529"
10121,"220,221,430"
10122,"199,529,530"
10123,"513,529,530"
10124,"528,529,530"
10125,"528,529,530"
10126,"220,221,528"
10127,"44,128,129"
10128,"359,397,409"
10129,"444,529,530"
10130,"160,199,529"
10131,"0,397,484"
10132,"270,271,366"
10133,"247,301,449"
10134,"1,528,529"
10135,"355,456,530"
10136,"528,529,530"
10137,"29,196,311"
10138,"220,528,529"
10139,"528,529,530"
10140,"355,449,456"
10141,"528,529,530"
10142,"528,529,530"
10143,"199,259,529"
10144,"213,280,425"
10145,"315,382,530"
10146,"455,529,530"
10147,"2,179,199"
10148,"29,179,455"
10149,"528,529,530"
10150,"323,405,419"
10151,"29,296,529"
10152,"25,220,221"
10153,"160,313,346"
10154,"364,529,530"
10155,"108,194,200"
10156,"196,247,255"
10157,"8,235,405"
10158,"528,529,530"
10159,"49,528,529"
10160,"528,529,530"
10161,"528,529,530"
10162,"528,529,530"
10163,"8,235,241"
10164,"528,529,530"
10165,"528,529,530"
10166,"528,529,530"
10167,"355,397,530"
10168,"366,397,409"
10169,"80,313,448"
10170,"220,498,529"
10171,"273,498,530"
10172,"2,100,513"
10173,"528,529,530"
10174,"160,340,455"
10175,"4,182,436"
10176,"528,529,530"
10177,"187,241,528"
10178,"56,528,529"
10179,"29,187,528"
10180,"323,529,530"
10181,"152,302,315"
10182,"41,199,247"
10183,"187,241,528"
10184,"528,529,530"
10185,"374,529,530"
10186,"340,345,530"
10187,"528,529,530"
10188,"528,529,530"
10189,"10,220,242"
10190,"207,301,459"
10191,"100,194,200"
10192,"528,529,530"
10193,"528,529,530"
10194,"25,528,529"
10195,"528,529,530"
10196,"187,241,455"
10197,"528,529,530"
10198,"67,241,455"
10199,"528,529,530"
10200,"199,529,530"
10201,"4,108,301"
10202,"45,269,355"
10203,"220,405,529"
10204,"220,242,425"
10205,"168,182,420"
10206,"12,528,529"
10207,"528,529,530"
10208,"29,179,528"
10209,"313,452,530"
10210,"528,529,530"
10211,"10,221,419"
10212,"455,529,530"
10213,"128,328,529"
10214,"128,313,529"
10215,"528,529,530"
10216,"528,529,530"
10217,"2,464,520"
10218,"528,529,530"
10219,"528,529,530"
10220,"323,419,455"
10221,"216,497,529"
10222,"528,529,530"
10223,"528,529,530"
10224,"455,529,530"
10225,"300,405,514"
10226,"528,529,530"
10227,"315,529,530"
10228,"100,194,200"
10229,"128,280,457"
10230,"528,529,530"
10231,"528,529,530"
10232,"528,529,530"
10233,"405,455,530"
10234,"360,397,409"
10235,"528,529,530"
10236,"10,24,25"
10237,"528,529,530"
10238,"213,280,524"
10239,"160,196,340"
10240,"528,529,530"
10241,"528,529,530"
10242,"355,456,530"
10243,"199,529,530"
10244,"187,241,425"
10245,"528,529,530"
10246,"8,45,206"
10247,"528,529,530"
10248,"182,196,199"
10249,"4,182,455"
10250,"8,206,249"
10251,"83,317,529"
10252,"220,271,355"
10253,"528,529,530"
10254,"128,187,241"
10255,"528,529,530"
10256,"23,26,251"
10257,"314,376,488"
10258,"179,405,529"
10259,"355,405,456"
10260,"10,194,374"
10261,"200,313,485"
10262,"64,323,524"
10263,"67,220,425"
10264,"301,529,530"
10265,"41,487,529"
10266,"16,144,418"
10267,"187,241,488"
10268,"528,529,530"
10269,"1,10,199"
10270,"16,172,301"
10271,"528,529,530"
10272,"204,215,334"
10273,"528,529,530"
10274,"45,51,108"
10275,"92,438,444"
10276,"313,458,482"
10277,"194,200,315"
10278,"16,41,200"
10279,"455,529,530"
10280,"194,248,290"
10281,"10,323,529"
10282,"455,529,530"
10283,"297,455,530"
10284,"179,313,357"
10285,"100,194,200"
10286,"10,25,220"
10287,"301,334,459"
10288,"528,529,530"
10289,"199,223,456"
10290,"301,459,530"
10291,"67,241,405"
10292,"80,528,529"
10293,"405,529,530"
10294,"25,220,221"
10295,"528,529,530"
10296,"528,529,530"
10297,"10,528,529"
10298,"67,73,313"
10299,"528,529,530"
10300,"528,529,530"
10301,"269,355,409"
10302,"139,528,529"
10303,"438,480,530"
10304,"528,529,530"
10305,"8,235,528"
10306,"528,529,530"
10307,"528,529,530"
10308,"83,135,182"
10309,"187,241,528"
10310,"340,529,530"
10311,"340,529,530"
10312,"204,215,334"
10313,"528,529,530"
10314,"135,247,528"
10315,"340,529,530"
10316,"220,301,498"
10317,"108,187,301"
10318,"29,340,455"
10319,"170,528,529"
10320,"128,405,430"
10321,"216,254,497"
10322,"528,529,530"
10323,"25,425,529"
10324,"514,529,530"
10325,"528,529,530"
10326,"528,529,530"
10327,"528,529,530"
10328,"100,194,200"
10329,"528,529,530"
10330,"216,370,529"
10331,"528,529,530"
10332,"179,498,529"
10333,"128,129,528"
10334,"528,529,530"
10335,"528,529,530"
10336,"397,458,480"
10337,"214,372,482"
10338,"25,199,455"
10339,"528,529,530"
10340,"220,528,529"
10341,"528,529,530"
10342,"179,455,458"
10343,"83,315,529"
10344,"67,182,430"
10345,"528,529,530"
10346,"179,280,514"
10347,"113,397,444"
10348,"47,360,455"
10349,"25,528,529"
10350,"528,529,530"
10351,"301,529,530"
10352,"100,194,200"
10353,"121,181,528"
10354,"280,360,488"
10355,"528,529,530"
10356,"337,529,530"
10357,"313,374,530"
10358,"528,529,530"
10359,"528,529,530"
10360,"528,529,530"
10361,"124,243,334"
10362,"11,69,528"
10363,"374,529,530"
10364,"355,456,530"
10365,"67,199,529"
10366,"83,528,529"
10367,"214,456,482"
10368,"357,498,530"
10369,"528,529,530"
10370,"484,497,513"
10371,"528,529,530"
10372,"1,413,497"
10373,"111,267,334"
10374,"25,405,529"
10375,"528,529,530"
10376,"124,243,334"
10377,"140,187,241"
10378,"528,529,530"
10379,"40,368,513"
10380,"205,528,529"
10381,"528,529,530"
10382,"204,340,455"
10383,"220,528,529"
10384,"528,529,530"
10385,"10,25,455"
10386,"528,529,530"
10387,"168,528,529"
10388,"528,529,530"
10389,"29,528,529"
10390,"8,235,280"
10391,"168,215,382"
10392,"310,372,449"
10393,"330,529,530"
10394,"528,529,530"
10395,"67,101,528"
10396,"4,182,528"
10397,"29,39,182"
10398,"280,340,359"
10399,"455,529,530"
10400,"528,529,530"
10401,"160,334,406"
10402,"528,529,530"
10403,"140,194,200"
10404,"67,73,455"
10405,"67,220,456"
10406,"528,529,530"
10407,"528,529,530"
10408,"528,529,530"
10409,"528,529,530"
10410,"290,529,530"
10411,"528,529,530"
10412,"313,529,530"
10413,"313,529,530"
10414,"405,529,530"
10415,"29,83,340"
10416,"25,182,528"
10417,"340,529,530"
10418,"182,340,425"
10419,"528,529,530"
10420,"528,529,530"
10421,"64,323,524"
10422,"528,529,530"
10423,"528,529,530"
10424,"405,529,530"
10425,"301,459,530"
10426,"1,528,529"
10427,"182,200,273"
10428,"160,313,485"
10429,"67,220,455"
10430,"376,425,530"
10431,"528,529,530"
10432,"349,418,498"
10433,"528,529,530"
10434,"108,301,529"
10435,"128,129,528"
10436,"19,301,340"
10437,"340,529,530"
10438,"172,182,528"
10439,"454,529,530"
10440,"528,529,530"
10441,"172,196,405"
10442,"419,529,530"
10443,"528,529,530"
10444,"528,529,530"
10445,"215,494,529"
10446,"528,529,530"
10447,"67,247,430"
10448,"170,528,529"
10449,"199,529,530"
10450,"313,366,397"
10451,"315,430,530"
10452,"25,199,220"
10453,"340,480,530"
10454,"179,528,529"
10455,"323,529,530"
10456,"83,135,405"
10457,"8,206,482"
10458,"25,220,528"
10459,"8,235,376"
10460,"141,247,528"
10461,"12,528,529"
10462,"271,430,482"
10463,"4,182,340"
10464,"468,529,530"
10465,"83,220,528"
10466,"528,529,530"
10467,"128,179,528"
10468,"355,405,456"
10469,"213,400,529"
10470,"220,245,498"
10471,"528,529,530"
10472,"25,220,528"
10473,"4,182,196"
10474,"199,529,530"
10475,"340,529,530"
10476,"170,405,413"
10477,"528,529,530"
10478,"128,296,529"
10479,"135,152,315"
10480,"19,528,529"
10481,"528,529,530"
10482,"45,194,200"
10483,"405,529,530"
10484,"25,220,221"
10485,"528,529,530"
10486,"528,529,530"
10487,"444,529,530"
10488,"45,200,301"
10489,"528,529,530"
10490,"528,529,530"
10491,"127,179,199"
10492,"204,215,315"
10493,"40,368,529"
10494,"170,182,528"
10495,"200,247,301"
10496,"271,361,455"
10497,"200,364,455"
10498,"301,529,530"
10499,"2,199,529"
10500,"216,370,529"
10501,"528,529,530"
10502,"155,194,200"
10503,"421,529,530"
10504,"528,529,530"
10505,"16,204,528"
10506,"357,398,497"
10507,"528,529,530"
10508,"173,528,529"
10509,"64,323,524"
10510,"340,468,530"
10511,"25,135,405"
10512,"528,529,530"
10513,"67,196,514"
10514,"528,529,530"
10515,"40,368,529"
10516,"8,206,528"
10517,"528,529,530"
10518,"179,213,455"
10519,"128,129,528"
10520,"124,243,334"
10521,"528,529,530"
10522,"16,41,487"
10523,"405,529,530"
10524,"4,182,436"
10525,"41,528,529"
10526,"44,220,221"
10527,"528,529,530"
10528,"518,529,530"
10529,"25,455,529"
10530,"355,405,456"
10531,"528,529,530"
10532,"45,69,357"
10533,"199,529,530"
10534,"313,355,456"
10535,"4,182,528"
10536,"41,339,455"
10537,"187,241,528"
10538,"528,529,530"
10539,"124,243,334"
10540,"528,529,530"
10541,"528,529,530"
10542,"10,160,323"
10543,"45,528,529"
10544,"340,529,530"
10545,"528,529,530"
10546,"514,529,530"
10547,"11,69,528"
10548,"196,301,400"
10549,"425,456,498"
10550,"528,529,530"
10551,"67,220,514"
10552,"528,529,530"
10553,"296,529,530"
10554,"200,296,430"
10555,"528,529,530"
10556,"182,528,529"
10557,"297,359,405"
10558,"139,315,529"
10559,"528,529,530"
10560,"25,528,529"
10561,"528,529,530"
10562,"323,529,530"
10563,"160,313,514"
10564,"45,69,359"
10565,"182,196,528"
10566,"160,241,528"
10567,"528,529,530"
10568,"182,330,529"
10569,"364,529,530"
10570,"153,182,270"
10571,"152,200,459"
10572,"528,529,530"
10573,"528,529,530"
10574,"528,529,530"
10575,"382,405,530"
10576,"340,409,455"
10577,"73,216,241"
10578,"528,529,530"
10579,"444,498,530"
10580,"25,220,498"
10581,"314,405,530"
10582,"170,528,529"
10583,"372,529,530"
10584,"25,223,528"
10585,"340,355,409"
10586,"528,529,530"
10587,"40,340,368"
10588,"11,69,99"
10589,"23,26,251"
10590,"528,529,530"
10591,"67,170,364"
10592,"44,220,498"
10593,"194,200,455"
10594,"340,529,530"
10595,"139,430,529"
10596,"313,529,530"
10597,"160,340,349"
10598,"204,215,315"
10599,"29,249,484"
10600,"528,529,530"
10601,"108,140,301"
10602,"419,529,530"
10603,"92,129,247"
10604,"296,529,530"
10605,"528,529,530"
10606,"64,323,524"
10607,"199,340,405"
10608,"528,529,530"
10609,"52,58,200"
10610,"214,354,372"
10611,"2,513,529"
10612,"528,529,530"
10613,"199,323,419"
10614,"45,182,301"
10615,"100,194,200"
10616,"4,182,301"
10617,"29,245,322"
10618,"135,255,382"
10619,"528,529,530"
10620,"100,194,200"
10621,"313,346,530"
10622,"196,528,529"
10623,"514,529,530"
10624,"100,455,503"
10625,"251,257,518"
10626,"220,498,529"
10627,"528,529,530"
10628,"69,170,199"
10629,"3,5,200"
10630,"187,528,529"
10631,"67,179,364"
10632,"220,242,498"
10633,"340,359,436"
10634,"64,323,524"
10635,"199,223,484"
10636,"528,529,530"
10637,"108,301,340"
10638,"528,529,530"
10639,"29,528,529"
10640,"8,457,515"
10641,"280,301,340"
10642,"528,529,530"
10643,"108,301,310"
10644,"528,529,530"
10645,"29,313,455"
10646,"528,529,530"
10647,"444,498,530"
10648,"455,529,530"
10649,"220,498,529"
10650,"45,498,529"
10651,"45,313,419"
10652,"172,359,366"
10653,"528,529,530"
10654,"128,528,529"
10655,"376,397,530"
10656,"40,368,529"
10657,"269,355,530"
10658,"528,529,530"
10659,"355,452,456"
10660,"16,528,529"
10661,"187,528,529"
10662,"528,529,530"
10663,"454,529,530"
10664,"16,128,179"
10665,"355,456,458"
10666,"315,340,530"
10667,"301,529,530"
10668,"187,241,528"
10669,"528,529,530"
10670,"220,221,528"
10671,"216,360,455"
10672,"179,528,529"
10673,"528,529,530"
10674,"247,313,346"
10675,"340,529,530"
10676,"10,405,529"
10677,"438,456,465"
10678,"49,455,457"
10679,"528,529,530"
10680,"179,199,405"
10681,"16,455,529"
10682,"528,529,530"
10683,"40,368,529"
10684,"528,529,530"
10685,"194,528,529"
10686,"344,425,488"
10687,"140,170,528"
10688,"67,455,529"
10689,"241,406,494"
10690,"364,529,530"
10691,"199,259,529"
10692,"69,73,334"
10693,"182,528,529"
10694,"273,387,456"
10695,"127,301,396"
10696,"340,529,530"
10697,"364,529,530"
10698,"528,529,530"
10699,"528,529,530"
10700,"528,529,530"
10701,"220,405,529"
10702,"528,529,530"
10703,"323,455,524"
10704,"220,221,280"
10705,"528,529,530"
10706,"182,241,374"
10707,"194,200,340"
10708,"528,529,530"
10709,"2,187,483"
10710,"182,528,529"
10711,"8,235,355"
10712,"430,529,530"
10713,"528,529,530"
10714,"187,241,528"
10715,"269,271,355"
10716,"513,529,530"
10717,"528,529,530"
10718,"528,529,530"
10719,"528,529,530"
10720,"170,528,529"
10721,"528,529,530"
10722,"411,529,530"
10723,"455,529,530"
10724,"528,529,530"
10725,"528,529,530"
10726,"25,220,528"
10727,"273,529,530"
10728,"73,528,529"
10729,"273,529,530"
10730,"179,187,241"
10731,"528,529,530"
10732,"179,199,271"
10733,"425,529,530"
10734,"455,529,530"
10735,"409,529,530"
10736,"528,529,530"
10737,"108,301,529"
10738,"83,200,340"
10739,"405,529,530"
10740,"29,182,405"
10741,"528,529,530"
10742,"11,528,529"
10743,"413,529,530"
10744,"528,529,530"
10745,"204,528,529"
10746,"313,397,516"
10747,"45,73,313"
10748,"170,528,529"
10749,"108,124,528"
10750,"3,99,200"
10751,"528,529,530"
10752,"199,529,530"
10753,"25,528,529"
10754,"444,529,530"
10755,"313,529,530"
10756,"2,476,529"
10757,"29,45,528"
10758,"340,455,488"
10759,"528,529,530"
10760,"528,529,530"
10761,"73,160,452"
10762,"528,529,530"
10763,"199,529,530"
10764,"128,247,528"
10765,"340,529,530"
10766,"528,529,530"
10767,"3,18,200"
10768,"160,444,529"
10769,"157,221,315"
10770,"528,529,530"
10771,"459,529,530"
10772,"41,487,529"
10773,"514,529,530"
10774,"10,221,313"
10775,"528,529,530"
10776,"160,170,528"
10777,"25,528,529"
10778,"127,263,374"
10779,"179,269,355"
10780,"4,204,518"
10781,"25,220,242"
10782,"216,528,529"
10783,"194,200,278"
10784,"73,405,529"
10785,"187,241,528"
10786,"528,529,530"
10787,"528,529,530"
10788,"199,223,529"
10789,"528,529,530"
10790,"23,26,251"
10791,"528,529,530"
10792,"214,482,498"
10793,"340,529,530"
10794,"41,528,529"
10795,"41,374,529"
10796,"271,340,361"
10797,"199,529,530"
10798,"8,206,455"
10799,"430,518,530"
10800,"528,529,530"
10801,"83,135,374"
10802,"204,215,315"
10803,"67,114,182"
10804,"8,216,235"
10805,"64,323,524"
10806,"528,529,530"
10807,"179,340,374"
10808,"514,529,530"
10809,"179,528,529"
10810,"152,374,459"
10811,"100,194,200"
10812,"182,528,529"
10813,"455,529,530"
10814,"528,529,530"
10815,"29,528,529"
10816,"220,221,528"
10817,"528,529,530"
10818,"160,528,529"
10819,"528,529,530"
10820,"252,456,482"
10821,"194,200,518"
10822,"25,528,529"
10823,"528,529,530"
10824,"528,529,530"
10825,"39,194,518"
10826,"220,425,455"
10827,"29,137,493"
10828,"498,529,530"
10829,"528,529,530"
10830,"528,529,530"
10831,"528,529,530"
10832,"314,354,518"
10833,"187,241,263"
10834,"528,529,530"
10835,"179,528,529"
10836,"357,529,530"
10837,"528,529,530"
10838,"187,241,315"
10839,"528,529,530"
10840,"128,129,528"
10841,"528,529,530"
10842,"280,529,530"
10843,"455,456,480"
10844,"214,280,425"
10845,"528,529,530"
10846,"405,529,530"
10847,"182,200,340"
10848,"67,313,529"
10849,"108,124,340"
10850,"528,529,530"
10851,"216,528,529"
10852,"44,45,430"
10853,"67,207,455"
10854,"528,529,530"
10855,"528,529,530"
10856,"468,529,530"
10857,"280,360,488"
10858,"26,67,455"
10859,"69,247,528"
10860,"128,129,528"
10861,"45,172,247"
10862,"278,483,530"
10863,"25,220,528"
10864,"100,194,200"
10865,"80,448,529"
10866,"220,340,454"
10867,"25,528,529"
10868,"220,340,498"
10869,"528,529,530"
10870,"3,200,340"
10871,"25,220,221"
10872,"213,455,482"
10873,"248,528,529"
10874,"528,529,530"
10875,"271,313,366"
10876,"376,449,455"
10877,"528,529,530"
10878,"39,128,315"
10879,"528,529,530"
10880,"8,206,425"
10881,"419,529,530"
10882,"340,455,530"
10883,"528,529,530"
10884,"328,529,530"
10885,"204,215,315"
10886,"528,529,530"
10887,"220,405,524"
10888,"301,405,530"
10889,"528,529,530"
10890,"488,529,530"
10891,"73,528,529"
10892,"528,529,530"
10893,"528,529,530"
10894,"270,280,515"
10895,"4,182,455"
10896,"340,529,530"
10897,"41,313,485"
10898,"127,194,263"
10899,"128,455,529"
10900,"528,529,530"
10901,"207,301,459"
10902,"528,529,530"
10903,"182,401,529"
10904,"96,419,420"
10905,"10,11,221"
10906,"144,528,529"
10907,"199,215,315"
10908,"301,405,530"
10909,"455,529,530"
10910,"127,263,528"
10911,"204,215,334"
10912,"455,529,530"
10913,"67,108,124"
10914,"73,207,301"
10915,"73,528,529"
10916,"528,529,530"
10917,"340,359,530"
10918,"528,529,530"
10919,"4,182,194"
10920,"4,182,528"
10921,"23,26,251"
10922,"128,528,529"
10923,"25,528,529"
10924,"528,529,530"
10925,"67,187,241"
10926,"8,206,528"
10927,"196,411,529"
10928,"127,263,330"
10929,"128,528,529"
10930,"528,529,530"
10931,"528,529,530"
10932,"67,528,529"
10933,"340,355,409"
10934,"44,376,425"
10935,"25,83,528"
10936,"355,456,530"
10937,"10,425,455"
10938,"528,529,530"
10939,"389,401,530"
10940,"323,419,530"
10941,"528,529,530"
10942,"179,280,514"
10943,"49,528,529"
10944,"528,529,530"
10945,"100,194,200"
10946,"271,280,359"
10947,"41,224,339"
10948,"220,455,524"
10949,"29,528,529"
10950,"8,206,425"
10951,"405,529,530"
10952,"528,529,530"
10953,"528,529,530"
10954,"402,529,530"
10955,"528,529,530"
10956,"242,528,529"
10957,"330,340,530"
10958,"340,529,530"
10959,"405,529,530"
10960,"256,528,529"
10961,"113,455,518"
10962,"182,196,528"
10963,"44,313,529"
10964,"1,528,529"
10965,"528,529,530"
10966,"528,529,530"
10967,"528,529,530"
10968,"2,513,529"
10969,"528,529,530"
10970,"204,215,334"
10971,"355,409,456"
10972,"528,529,530"
10973,"528,529,530"
10974,"405,529,530"
10975,"528,529,530"
10976,"1,135,160"
10977,"100,194,200"
10978,"73,278,529"
10979,"249,354,497"
10980,"340,401,530"
10981,"16,204,528"
10982,"405,529,530"
10983,"528,529,530"
10984,"528,529,530"
10985,"528,529,530"
10986,"355,456,480"
10987,"160,313,346"
10988,"45,255,459"
10989,"10,220,221"
10990,"216,314,497"
10991,"2,179,216"
10992,"128,313,346"
10993,"73,182,528"
10994,"200,234,455"
10995,"83,247,340"
10996,"108,301,334"
10997,"528,529,530"
10998,"40,139,368"
10999,"296,529,530"
11000,"296,529,530"
11001,"170,196,436"
11002,"47,247,455"
11003,"89,128,129"
11004,"45,528,529"
11005,"108,301,529"
11006,"480,529,530"
11007,"67,215,241"
11008,"67,301,529"
11009,"323,488,524"
11010,"528,529,530"
11011,"25,220,528"
11012,"220,455,529"
11013,"528,529,530"
11014,"241,355,456"
11015,"25,405,455"
11016,"128,179,405"
11017,"170,528,529"
11018,"29,128,425"
11019,"25,216,254"
11020,"315,334,430"
11021,"128,405,529"
11022,"67,73,456"
11023,"67,69,524"
11024,"199,529,530"
11025,"528,529,530"
11026,"128,247,405"
11027,"84,301,405"
11028,"418,529,530"
11029,"528,529,530"
11030,"528,529,530"
11031,"73,528,529"
11032,"96,322,456"
11033,"0,179,455"
11034,"269,355,456"
11035,"528,529,530"
11036,"4,182,528"
11037,"26,45,67"
11038,"69,182,196"
11039,"67,405,529"
11040,"313,405,485"
11041,"170,393,455"
11042,"528,529,530"
11043,"425,529,530"
11044,"269,355,456"
11045,"313,314,455"
11046,"528,529,530"
11047,"196,528,529"
11048,"278,425,530"
11049,"1,366,529"
11050,"199,223,340"
11051,"196,296,405"
11052,"528,529,530"
11053,"221,271,280"
11054,"67,364,529"
11055,"83,196,405"
11056,"40,368,455"
11057,"382,529,530"
11058,"528,529,530"
11059,"528,529,530"
11060,"170,528,529"
11061,"216,220,370"
11062,"340,529,530"
11063,"73,334,423"
11064,"128,455,529"
11065,"64,323,524"
11066,"397,529,530"
11067,"73,528,529"
11068,"128,129,488"
11069,"280,498,530"
11070,"528,529,530"
11071,"128,129,528"
11072,"340,529,530"
11073,"25,220,528"
11074,"528,529,530"
11075,"100,194,200"
11076,"128,405,529"
11077,"528,529,530"
11078,"528,529,530"
11079,"528,529,530"
11080,"409,529,530"
11081,"128,313,513"
11082,"10,419,513"
11083,"100,194,200"
11084,"528,529,530"
11085,"405,529,530"
11086,"199,529,530"
11087,"64,323,524"
11088,"11,69,528"
11089,"179,528,529"
11090,"220,241,448"
11091,"518,529,530"
11092,"528,529,530"
11093,"8,376,425"
11094,"247,456,514"
11095,"41,170,199"
11096,"409,529,530"
11097,"359,529,530"
11098,"25,251,455"
11099,"40,368,529"
11100,"528,529,530"
11101,"528,529,530"
11102,"528,529,530"
11103,"139,425,529"
11104,"4,182,528"
11105,"405,529,530"
11106,"241,402,524"
11107,"528,529,530"
11108,"214,271,482"
11109,"40,368,529"
11110,"44,73,313"
11111,"79,80,524"
11112,"73,114,182"
11113,"49,528,529"
11114,"528,529,530"
11115,"199,529,530"
11116,"8,206,340"
11117,"10,220,242"
11118,"455,529,530"
11119,"152,315,455"
11120,"528,529,530"
11121,"51,301,340"
11122,"179,340,366"
11123,"100,194,200"
11124,"528,529,530"
11125,"194,200,301"
11126,"528,529,530"
11127,"528,529,530"
11128,"214,340,359"
11129,"67,340,405"
11130,"12,455,529"
11131,"528,529,530"
11132,"204,215,315"
11133,"271,313,366"
11134,"528,529,530"
11135,"187,241,313"
11136,"23,204,251"
11137,"364,498,530"
11138,"528,529,530"
11139,"168,513,529"
11140,"528,529,530"
11141,"179,528,529"
11142,"26,172,340"
11143,"528,529,530"
11144,"528,529,530"
11145,"220,221,528"
11146,"16,528,529"
11147,"247,528,529"
11148,"182,528,529"
11149,"141,528,529"
11150,"528,529,530"
11151,"247,405,455"
11152,"1,160,528"
11153,"528,529,530"
11154,"430,529,530"
11155,"528,529,530"
11156,"40,368,529"
11157,"528,529,530"
11158,"187,241,488"
11159,"89,170,199"
11160,"528,529,530"
11161,"25,220,221"
11162,"528,529,530"
11163,"83,419,524"
11164,"296,529,530"
11165,"528,529,530"
11166,"528,529,530"
11167,"455,529,530"
11168,"25,67,221"
11169,"528,529,530"
11170,"64,323,524"
11171,"528,529,530"
11172,"214,271,366"
11173,"67,248,468"
11174,"88,106,455"
11175,"199,405,530"
11176,"528,529,530"
11177,"108,301,340"
11178,"528,529,530"
11179,"179,182,301"
11180,"528,529,530"
11181,"187,241,340"
11182,"45,528,529"
11183,"49,528,529"
11184,"270,430,530"
11185,"69,405,529"
11186,"182,528,529"
11187,"199,529,530"
11188,"528,529,530"
11189,"8,160,206"
11190,"455,529,530"
11191,"179,528,529"
11192,"528,529,530"
11193,"51,459,529"
11194,"247,528,529"
11195,"528,529,530"
11196,"528,529,530"
11197,"23,26,251"
11198,"69,170,199"
11199,"23,26,251"
11200,"528,529,530"
11201,"64,323,524"
11202,"8,206,280"
11203,"179,271,280"
11204,"29,172,528"
11205,"528,529,530"
11206,"528,529,530"
11207,"124,243,334"
11208,"528,529,530"
11209,"182,313,366"
11210,"359,529,530"
11211,"2,513,529"
11212,"280,360,455"
11213,"29,140,528"
11214,"40,368,529"
11215,"80,323,524"
11216,"160,528,529"
11217,"11,528,529"
11218,"67,322,498"
11219,"528,529,530"
11220,"196,220,313"
11221,"23,26,251"
11222,"245,313,405"
11223,"0,340,455"
11224,"160,528,529"
11225,"135,199,529"
11226,"25,220,242"
11227,"528,529,530"
11228,"247,528,529"
11229,"67,528,529"
11230,"2,179,513"
11231,"215,405,455"
11232,"269,271,355"
11233,"360,455,498"
11234,"528,529,530"
11235,"88,106,528"
11236,"47,528,529"
11237,"528,529,530"
11238,"140,528,529"
11239,"45,528,529"
11240,"301,459,530"
11241,"204,340,529"
11242,"528,529,530"
11243,"313,366,374"
11244,"44,67,528"
11245,"484,497,530"
11246,"113,518,529"
11247,"10,24,454"
11248,"271,340,355"
11249,"16,459,529"
11250,"405,529,530"
11251,"160,374,529"
11252,"340,425,498"
11253,"194,200,374"
11254,"328,405,530"
11255,"297,529,530"
11256,"528,529,530"
11257,"80,313,529"
11258,"16,364,529"
11259,"528,529,530"
11260,"64,323,524"
11261,"220,425,455"
11262,"41,215,334"
11263,"448,529,530"
11264,"340,397,444"
11265,"528,529,530"
11266,"45,528,529"
11267,"280,529,530"
11268,"340,529,530"
11269,"139,155,312"
11270,"340,458,498"
11271,"127,528,529"
11272,"8,206,528"
11273,"528,529,530"
11274,"340,359,530"
11275,"313,376,454"
11276,"83,215,315"
11277,"528,529,530"
11278,"271,360,425"
11279,"376,425,455"
11280,"337,339,455"
11281,"114,182,484"
11282,"528,529,530"
11283,"29,139,187"
11284,"128,254,497"
11285,"444,529,530"
11286,"25,45,528"
11287,"528,529,530"
11288,"313,366,397"
11289,"170,528,529"
11290,"73,516,529"
11291,"409,529,530"
11292,"528,529,530"
11293,"23,251,455"
11294,"444,529,530"
11295,"16,204,340"
11296,"64,323,524"
11297,"196,528,529"
11298,"340,529,530"
11299,"64,323,524"
11300,"528,529,530"
11301,"135,528,529"
11302,"69,199,200"
11303,"113,179,528"
11304,"323,419,530"
11305,"214,372,529"
11306,"528,529,530"
11307,"323,529,530"
11308,"528,529,530"
11309,"349,418,498"
11310,"301,529,530"
11311,"364,529,530"
11312,"340,529,530"
11313,"49,419,514"
11314,"528,529,530"
11315,"468,529,530"
11316,"340,529,530"
11317,"528,529,530"
11318,"199,374,455"
11319,"100,194,200"
11320,"340,529,530"
11321,"402,448,530"
11322,"214,216,444"
11323,"25,220,221"
11324,"160,334,406"
11325,"67,455,524"
11326,"44,456,515"
11327,"528,529,530"
11328,"528,529,530"
11329,"518,529,530"
11330,"528,529,530"
11331,"374,382,530"
11332,"528,529,530"
11333,"67,301,529"
11334,"170,528,529"
11335,"25,220,242"
11336,"340,529,530"
11337,"340,529,530"
11338,"8,206,401"
11339,"528,529,530"
11340,"182,528,529"
11341,"269,280,355"
11342,"422,529,530"
11343,"220,528,529"
11344,"301,459,530"
11345,"528,529,530"
11346,"528,529,530"
11347,"40,368,529"
11348,"170,528,529"
11349,"25,528,529"
11350,"45,315,529"
11351,"418,455,459"
11352,"397,458,530"
11353,"528,529,530"
11354,"170,196,528"
11355,"100,194,200"
11356,"127,241,400"
11357,"25,528,529"
11358,"8,235,528"
11359,"100,194,200"
11360,"135,528,529"
11361,"455,529,530"
11362,"422,529,530"
11363,"4,168,194"
11364,"44,45,220"
11365,"21,48,194"
11366,"10,220,242"
11367,"528,529,530"
11368,"528,529,530"
11369,"45,528,529"
11370,"213,252,482"
11371,"313,529,530"
11372,"108,301,364"
11373,"45,402,448"
11374,"135,374,529"
11375,"271,363,372"
11376,"29,187,425"
11377,"2,220,221"
11378,"280,313,444"
11379,"220,242,425"
11380,"40,368,529"
11381,"3,18,200"
11382,"8,280,425"
11383,"114,182,528"
11384,"49,182,528"
11385,"49,128,179"
11386,"340,529,530"
11387,"313,340,485"
11388,"2,187,241"
11389,"301,529,530"
11390,"528,529,530"
11391,"528,529,530"
11392,"40,368,455"
11393,"528,529,530"
11394,"67,220,524"
11395,"25,220,498"
11396,"199,529,530"
11397,"528,529,530"
11398,"128,528,529"
11399,"179,223,271"
11400,"199,529,530"
11401,"172,409,456"
11402,"528,529,530"
11403,"8,376,425"
11404,"245,360,455"
11405,"468,529,530"
11406,"528,529,530"
11407,"128,220,405"
11408,"10,24,220"
11409,"3,5,200"
11410,"528,529,530"
11411,"152,459,529"
11412,"528,529,530"
11413,"528,529,530"
11414,"528,529,530"
11415,"8,235,247"
11416,"528,529,530"
11417,"182,528,529"
11418,"199,223,529"
11419,"45,313,498"
11420,"140,528,529"
11421,"528,529,530"
11422,"503,529,530"
11423,"8,235,528"
11424,"204,215,334"
11425,"128,129,334"
11426,"247,397,458"
11427,"128,455,529"
11428,"528,529,530"
11429,"179,413,529"
11430,"220,242,528"
11431,"128,528,529"
11432,"16,204,528"
11433,"528,529,530"
11434,"10,24,25"
11435,"44,45,528"
11436,"92,128,405"
11437,"255,322,529"
11438,"4,340,455"
11439,"64,323,524"
11440,"528,529,530"
11441,"44,313,448"
11442,"108,204,301"
11443,"528,529,530"
11444,"8,67,313"
11445,"215,315,430"
11446,"401,529,530"
11447,"204,215,334"
11448,"360,455,458"
11449,"528,529,530"
11450,"323,419,430"
11451,"128,129,405"
11452,"16,528,529"
11453,"8,206,528"
11454,"45,355,456"
11455,"340,529,530"
11456,"528,529,530"
11457,"25,220,242"
11458,"301,529,530"
11459,"10,25,455"
11460,"514,529,530"
11461,"44,355,456"
11462,"108,204,301"
11463,"25,220,498"
11464,"376,513,518"
11465,"256,301,359"
11466,"220,280,425"
11467,"196,301,340"
11468,"528,529,530"
11469,"382,529,530"
11470,"73,80,405"
11471,"405,529,530"
11472,"528,529,530"
11473,"44,391,514"
11474,"313,529,530"
11475,"301,459,530"
11476,"343,436,530"
11477,"357,360,455"
11478,"418,529,530"
11479,"528,529,530"
11480,"187,241,528"
11481,"44,45,528"
11482,"194,200,455"
11483,"256,405,529"
11484,"49,187,241"
11485,"376,409,488"
11486,"25,220,221"
11487,"16,528,529"
11488,"179,528,529"
11489,"16,518,529"
11490,"16,182,455"
11491,"40,368,529"
11492,"49,128,498"
11493,"170,528,529"
11494,"216,405,497"
11495,"212,314,354"
11496,"528,529,530"
11497,"528,529,530"
11498,"67,528,529"
11499,"170,199,359"
11500,"528,529,530"
11501,"340,529,530"
11502,"108,301,529"
11503,"29,251,455"
11504,"16,182,301"
11505,"56,528,529"
11506,"94,528,529"
11507,"3,5,200"
11508,"200,301,340"
11509,"311,529,530"
11510,"187,241,528"
11511,"528,529,530"
11512,"340,455,530"
11513,"69,80,438"
11514,"220,498,529"
11515,"374,529,530"
11516,"2,199,223"
11517,"187,241,528"
11518,"528,529,530"
11519,"170,436,529"
11520,"528,529,530"
11521,"340,430,455"
11522,"128,360,455"
11523,"67,528,529"
11524,"29,313,529"
11525,"25,170,528"
11526,"25,220,221"
11527,"67,334,406"
11528,"141,182,300"
11529,"199,374,430"
11530,"528,529,530"
11531,"100,194,200"
11532,"135,270,374"
11533,"364,529,530"
11534,"10,11,221"
11535,"29,199,529"
11536,"528,529,530"
11537,"10,11,455"
11538,"44,73,301"
11539,"10,11,221"
11540,"528,529,530"
11541,"45,528,529"
11542,"223,340,359"
11543,"528,529,530"
11544,"139,340,529"
11545,"528,529,530"
11546,"170,173,182"
11547,"518,529,530"
11548,"528,529,530"
11549,"215,494,529"
11550,"528,529,530"
11551,"245,328,529"
11552,"128,313,455"
11553,"135,315,374"
11554,"92,498,529"
11555,"91,528,529"
11556,"187,241,459"
11557,"25,340,529"
11558,"29,349,418"
11559,"528,529,530"
11560,"182,194,200"
11561,"25,220,221"
11562,"315,529,530"
11563,"528,529,530"
11564,"152,302,315"
11565,"40,368,444"
11566,"220,528,529"
11567,"128,247,419"
11568,"216,376,455"
11569,"528,529,530"
11570,"528,529,530"
11571,"528,529,530"
11572,"11,528,529"
11573,"468,529,530"
11574,"8,206,528"
11575,"340,359,530"
11576,"187,241,406"
11577,"64,323,524"
11578,"187,241,263"
11579,"528,529,530"
11580,"355,456,457"
11581,"199,529,530"
11582,"422,529,530"
11583,"528,529,530"
11584,"301,340,364"
11585,"528,529,530"
11586,"430,529,530"
11587,"16,528,529"
11588,"172,409,425"
11589,"528,529,530"
11590,"29,528,529"
11591,"152,302,315"
11592,"199,529,530"
11593,"187,216,241"
11594,"8,235,360"
11595,"179,199,241"
11596,"10,323,529"
11597,"456,458,482"
11598,"108,301,529"
11599,"528,529,530"
11600,"528,529,530"
11601,"528,529,530"
11602,"187,241,528"
11603,"528,529,530"
11604,"128,313,455"
11605,"269,355,376"
11606,"315,430,530"
11607,"419,529,530"
11608,"280,409,425"
11609,"528,529,530"
11610,"139,160,455"
11611,"528,529,530"
11612,"56,173,340"
11613,"430,529,530"
11614,"45,187,241"
11615,"313,376,397"
11616,"108,140,301"
11617,"444,455,513"
11618,"172,528,529"
11619,"528,529,530"
11620,"83,215,315"
11621,"25,172,528"
11622,"182,528,529"
11623,"247,372,529"
11624,"3,18,200"
11625,"45,205,340"
11626,"39,69,528"
11627,"311,355,498"
11628,"45,528,529"
11629,"170,179,455"
11630,"528,529,530"
11631,"528,529,530"
11632,"157,340,529"
11633,"25,220,242"
11634,"528,529,530"
11635,"45,448,529"
11636,"340,529,530"
11637,"422,529,530"
11638,"88,106,528"
11639,"528,529,530"
11640,"528,529,530"
11641,"528,529,530"
11642,"444,529,530"
11643,"514,529,530"
11644,"100,194,200"
11645,"187,241,524"
11646,"40,368,529"
11647,"528,529,530"
11648,"99,182,200"
11649,"528,529,530"
11650,"11,69,221"
11651,"194,200,425"
11652,"340,359,530"
11653,"314,497,513"
11654,"528,529,530"
11655,"10,11,25"
11656,"40,368,529"
11657,"100,194,200"
11658,"108,301,455"
11659,"179,376,529"
11660,"4,182,455"
11661,"25,528,529"
11662,"528,529,530"
11663,"25,220,221"
11664,"187,241,528"
11665,"127,271,355"
11666,"220,280,340"
11667,"409,529,530"
11668,"11,69,455"
11669,"528,529,530"
11670,"528,529,530"
11671,"67,430,529"
11672,"528,529,530"
11673,"528,529,530"
11674,"204,215,315"
11675,"25,170,340"
11676,"170,179,528"
11677,"160,343,444"
11678,"355,409,456"
11679,"280,409,514"
11680,"67,513,529"
11681,"45,168,313"
11682,"220,221,528"
11683,"323,529,530"
11684,"528,529,530"
11685,"187,215,241"
11686,"405,498,530"
11687,"205,528,529"
11688,"67,528,529"
11689,"100,194,200"
11690,"528,529,530"
11691,"220,376,397"
11692,"528,529,530"
11693,"4,16,182"
11694,"213,280,452"
11695,"528,529,530"
11696,"199,223,366"
11697,"128,497,529"
11698,"313,346,530"
11699,"179,340,455"
11700,"170,528,529"
11701,"100,194,200"
11702,"528,529,530"
11703,"29,45,528"
11704,"64,323,524"
11705,"48,194,219"
11706,"498,529,530"
11707,"69,528,529"
11708,"247,528,529"
11709,"425,476,497"
11710,"528,529,530"
11711,"528,529,530"
11712,"528,529,530"
11713,"528,529,530"
11714,"528,529,530"
11715,"528,529,530"
11716,"323,529,530"
11717,"187,241,528"
11718,"528,529,530"
11719,"528,529,530"
11720,"194,200,301"
11721,"528,529,530"
11722,"182,187,241"
11723,"69,121,181"
11724,"430,529,530"
11725,"215,357,494"
11726,"455,529,530"
11727,"11,69,376"
11728,"528,529,530"
11729,"455,529,530"
11730,"172,340,529"
11731,"29,528,529"
11732,"528,529,530"
11733,"528,529,530"
11734,"99,196,200"
11735,"420,529,530"
11736,"528,529,530"
11737,"405,529,530"
11738,"8,206,457"
11739,"45,405,529"
11740,"220,221,242"
11741,"166,221,419"
11742,"528,529,530"
11743,"170,405,529"
11744,"301,529,530"
11745,"528,529,530"
11746,"455,529,530"
11747,"100,455,503"
11748,"528,529,530"
11749,"528,529,530"
11750,"528,529,530"
11751,"2,223,476"
11752,"528,529,530"
11753,"204,528,529"
11754,"405,529,530"
11755,"196,301,405"
11756,"528,529,530"
11757,"528,529,530"
11758,"25,528,529"
11759,"140,153,160"
11760,"73,405,529"
11761,"528,529,530"
11762,"187,241,455"
11763,"73,528,529"
11764,"401,529,530"
11765,"100,194,200"
11766,"2,340,366"
11767,"301,529,530"
11768,"187,340,364"
11769,"160,528,529"
11770,"528,529,530"
11771,"528,529,530"
11772,"100,194,200"
11773,"170,528,529"
11774,"528,529,530"
11775,"528,529,530"
11776,"64,323,524"
11777,"182,199,200"
11778,"64,323,524"
11779,"11,69,301"
11780,"528,529,530"
11781,"12,170,241"
11782,"170,528,529"
11783,"29,297,376"
11784,"528,529,530"
11785,"12,528,529"
11786,"199,529,530"
11787,"528,529,530"
11788,"1,528,529"
11789,"40,160,368"
11790,"80,196,528"
11791,"128,528,529"
11792,"67,122,528"
11793,"221,528,529"
11794,"128,129,528"
11795,"128,405,529"
11796,"251,528,529"
11797,"528,529,530"
11798,"455,529,530"
11799,"528,529,530"
11800,"8,216,235"
11801,"10,528,529"
11802,"340,529,530"
11803,"108,301,340"
11804,"528,529,530"
11805,"29,528,529"
11806,"528,529,530"
11807,"182,528,529"
11808,"187,241,528"
11809,"80,448,498"
11810,"69,528,529"
11811,"402,409,498"
11812,"51,194,200"
11813,"108,204,301"
11814,"528,529,530"
11815,"40,368,430"
11816,"468,529,530"
11817,"4,182,528"
11818,"11,69,528"
11819,"2,179,223"
11820,"301,459,530"
11821,"56,528,529"
11822,"29,69,528"
11823,"10,220,221"
11824,"179,409,456"
11825,"528,529,530"
11826,"67,528,529"
11827,"29,280,529"
11828,"35,139,334"
11829,"204,221,419"
11830,"10,11,221"
11831,"374,529,530"
11832,"67,95,524"
11833,"528,529,530"
11834,"355,359,409"
11835,"179,498,529"
11836,"269,355,456"
11837,"350,405,530"
11838,"139,179,315"
11839,"108,124,182"
11840,"67,194,468"
11841,"528,529,530"
11842,"528,529,530"
11843,"278,529,530"
11844,"23,251,455"
11845,"528,529,530"
11846,"528,529,530"
11847,"199,455,530"
11848,"214,372,529"
11849,"528,529,530"
11850,"182,196,436"
11851,"313,346,530"
11852,"187,241,498"
11853,"213,247,498"
11854,"170,528,529"
11855,"187,220,241"
11856,"528,529,530"
11857,"44,528,529"
11858,"182,247,340"
11859,"528,529,530"
11860,"280,340,405"
11861,"405,529,530"
11862,"528,529,530"
11863,"67,220,498"
11864,"2,182,455"
11865,"528,529,530"
11866,"528,529,530"
11867,"528,529,530"
11868,"69,241,455"
11869,"3,18,200"
11870,"108,301,340"
11871,"67,313,366"
11872,"528,529,530"
11873,"45,528,529"
11874,"401,529,530"
11875,"360,366,397"
11876,"48,187,406"
11877,"194,528,529"
11878,"8,206,528"
11879,"430,529,530"
11880,"528,529,530"
11881,"528,529,530"
11882,"528,529,530"
11883,"135,215,315"
11884,"8,235,280"
11885,"456,482,530"
11886,"127,170,263"
11887,"8,206,528"
11888,"340,529,530"
11889,"528,529,530"
11890,"269,355,530"
11891,"100,220,503"
11892,"3,200,340"
11893,"179,300,411"
11894,"349,418,530"
11895,"452,529,530"
11896,"25,220,221"
11897,"25,220,221"
11898,"528,529,530"
11899,"528,529,530"
11900,"528,529,530"
11901,"127,170,263"
11902,"528,529,530"
11903,"64,323,524"
11904,"73,207,528"
11905,"11,205,528"
11906,"213,280,529"
11907,"45,187,241"
11908,"528,529,530"
11909,"315,374,530"
11910,"170,366,529"
11911,"528,529,530"
11912,"56,172,528"
11913,"301,529,530"
11914,"220,420,529"
11915,"528,529,530"
11916,"160,334,406"
11917,"528,529,530"
11918,"69,376,529"
11919,"25,220,454"
11920,"528,529,530"
11921,"179,528,529"
11922,"173,301,340"
11923,"528,529,530"
11924,"528,529,530"
11925,"204,340,405"
11926,"528,529,530"
11927,"455,456,482"
11928,"280,340,455"
11929,"4,182,389"
11930,"366,529,530"
11931,"528,529,530"
11932,"296,529,530"
11933,"528,529,530"
11934,"113,528,529"
11935,"182,340,364"
11936,"528,529,530"
11937,"135,301,455"
11938,"40,172,368"
11939,"528,529,530"
11940,"144,301,340"
11941,"340,529,530"
11942,"234,401,518"
11943,"528,529,530"
11944,"10,528,529"
11945,"241,419,455"
11946,"267,301,340"
11947,"67,528,529"
11948,"44,73,528"
11949,"135,139,528"
11950,"528,529,530"
11951,"10,67,528"
11952,"64,323,524"
11953,"25,220,221"
11954,"182,301,455"
11955,"271,366,430"
11956,"78,226,528"
11957,"187,241,528"
11958,"315,529,530"
11959,"301,529,530"
11960,"528,529,530"
11961,"405,529,530"
11962,"100,503,529"
11963,"528,529,530"
11964,"128,497,529"
11965,"528,529,530"
11966,"16,204,452"
11967,"182,301,340"
11968,"172,196,528"
11969,"528,529,530"
11970,"459,529,530"
11971,"455,529,530"
11972,"67,528,529"
11973,"8,206,360"
11974,"515,529,530"
11975,"247,255,328"
11976,"182,455,529"
11977,"223,455,529"
11978,"182,196,199"
11979,"10,24,454"
11980,"29,187,241"
11981,"247,248,528"
11982,"343,436,530"
11983,"269,355,455"
11984,"187,241,455"
11985,"528,529,530"
11986,"152,199,459"
11987,"220,376,397"
11988,"40,128,368"
11989,"8,206,528"
11990,"108,301,529"
11991,"528,529,530"
11992,"187,528,529"
11993,"528,529,530"
11994,"199,529,530"
11995,"409,514,530"
11996,"10,24,220"
11997,"528,529,530"
11998,"220,425,529"
11999,"528,529,530"
12000,"128,528,529"
12001,"128,528,529"
12002,"182,301,455"
12003,"83,135,315"
12004,"528,529,530"
12005,"160,528,529"
12006,"182,270,340"
12007,"170,528,529"
12008,"41,528,529"
12009,"528,529,530"
12010,"40,368,529"
12011,"528,529,530"
12012,"173,528,529"
12013,"528,529,530"
12014,"528,529,530"
12015,"269,355,359"
12016,"528,529,530"
12017,"108,267,301"
12018,"160,528,529"
12019,"340,529,530"
12020,"364,529,530"
12021,"528,529,530"
12022,"528,529,530"
12023,"528,529,530"
12024,"364,529,530"
12025,"135,528,529"
12026,"247,251,455"
12027,"220,528,529"
12028,"528,529,530"
12029,"405,529,530"
12030,"528,529,530"
12031,"21,194,200"
12032,"108,204,301"
12033,"10,45,448"
12034,"216,484,498"
12035,"301,393,425"
12036,"196,391,514"
12037,"498,529,530"
12038,"528,529,530"
12039,"182,199,241"
12040,"80,528,529"
12041,"323,430,524"
12042,"214,372,482"
12043,"528,529,530"
12044,"247,355,456"
12045,"528,529,530"
12046,"216,436,455"
12047,"25,160,406"
12048,"405,529,530"
12049,"528,529,530"
12050,"528,529,530"
12051,"2,340,449"
12052,"528,529,530"
12053,"528,529,530"
12054,"528,529,530"
12055,"8,179,206"
12056,"334,376,425"
12057,"528,529,530"
12058,"313,314,530"
12059,"301,529,530"
12060,"67,323,524"
12061,"40,368,529"
12062,"187,241,263"
12063,"270,529,530"
12064,"528,529,530"
12065,"313,455,530"
12066,"11,528,529"
12067,"405,430,530"
12068,"518,529,530"
12069,"11,528,529"
12070,"196,216,455"
12071,"482,497,498"
12072,"528,529,530"
12073,"44,45,455"
12074,"25,323,524"
12075,"220,280,425"
12076,"64,323,524"
12077,"10,11,221"
12078,"108,200,301"
12079,"40,368,455"
12080,"506,529,530"
12081,"10,215,315"
12082,"25,45,67"
12083,"11,221,419"
12084,"108,301,401"
12085,"528,529,530"
12086,"528,529,530"
12087,"455,529,530"
12088,"2,16,515"
12089,"170,528,529"
12090,"301,513,530"
12091,"160,334,529"
12092,"108,301,455"
12093,"25,220,221"
12094,"173,301,340"
12095,"528,529,530"
12096,"528,529,530"
12097,"528,529,530"
12098,"280,405,456"
12099,"269,355,409"
12100,"200,340,455"
12101,"528,529,530"
12102,"528,529,530"
12103,"139,514,529"
12104,"405,498,530"
12105,"64,323,524"
12106,"528,529,530"
12107,"528,529,530"
12108,"187,241,425"
12109,"313,455,530"
12110,"172,528,529"
12111,"374,529,530"
12112,"296,405,530"
12113,"528,529,530"
12114,"172,179,455"
12115,"528,529,530"
12116,"67,313,529"
12117,"528,529,530"
12118,"271,280,482"
12119,"80,334,374"
12120,"528,529,530"
12121,"2,340,359"
12122,"45,528,529"
12123,"2,444,455"
12124,"528,529,530"
12125,"528,529,530"
12126,"528,529,530"
12127,"528,529,530"
12128,"49,425,430"
12129,"200,313,485"
12130,"122,204,301"
12131,"187,241,528"
12132,"419,529,530"
12133,"528,529,530"
12134,"83,315,405"
12135,"12,528,529"
12136,"528,529,530"
12137,"300,359,405"
12138,"528,529,530"
12139,"187,528,529"
12140,"73,355,409"
12141,"220,221,340"
12142,"458,529,530"
12143,"94,528,529"
12144,"113,199,529"
12145,"100,194,200"
12146,"128,528,529"
12147,"25,323,524"
12148,"214,216,413"
12149,"25,220,528"
12150,"355,424,498"
12151,"528,529,530"
12152,"59,95,524"
12153,"1,514,529"
12154,"25,39,528"
12155,"10,323,529"
12156,"135,374,529"
12157,"45,498,529"
12158,"405,529,530"
12159,"73,315,529"
12160,"187,528,529"
12161,"528,529,530"
12162,"271,280,409"
12163,"25,220,242"
12164,"355,409,456"
12165,"223,528,529"
12166,"29,41,419"
12167,"152,374,459"
12168,"528,529,530"
12169,"528,529,530"
12170,"528,529,530"
12171,"29,100,503"
12172,"67,340,468"
12173,"323,364,530"
12174,"49,498,529"
12175,"247,528,529"
12176,"114,182,196"
12177,"16,187,241"
12178,"160,315,529"
12179,"528,529,530"
12180,"140,528,529"
12181,"256,359,529"
12182,"405,529,530"
12183,"315,529,530"
12184,"29,528,529"
12185,"29,355,456"
12186,"0,340,484"
12187,"108,301,529"
12188,"40,368,529"
12189,"2,249,476"
12190,"16,172,528"
12191,"247,355,456"
12192,"51,528,529"
12193,"64,323,524"
12194,"528,529,530"
12195,"340,455,530"
12196,"528,529,530"
12197,"12,89,251"
12198,"67,216,425"
12199,"187,241,528"
12200,"8,206,355"
12201,"528,529,530"
12202,"128,405,529"
12203,"44,430,529"
12204,"528,529,530"
12205,"528,529,530"
12206,"170,528,529"
12207,"528,529,530"
12208,"23,251,313"
12209,"25,271,366"
12210,"16,45,528"
12211,"45,313,529"
12212,"528,529,530"
12213,"67,528,529"
12214,"313,314,455"
12215,"340,529,530"
12216,"168,311,529"
12217,"528,529,530"
12218,"40,368,529"
12219,"16,528,529"
12220,"528,529,530"
12221,"2,476,529"
12222,"528,529,530"
12223,"213,455,482"
12224,"4,45,374"
12225,"67,196,514"
12226,"170,179,376"
12227,"108,124,528"
12228,"45,448,455"
12229,"29,419,529"
12230,"528,529,530"
12231,"528,529,530"
12232,"100,194,200"
12233,"247,528,529"
12234,"528,529,530"
12235,"45,419,529"
12236,"301,529,530"
12237,"187,241,528"
12238,"455,529,530"
12239,"139,528,529"
12240,"355,409,456"
12241,"528,529,530"
12242,"528,529,530"
12243,"528,529,530"
12244,"405,529,530"
12245,"204,215,315"
12246,"419,455,530"
12247,"214,372,484"
12248,"270,455,530"
12249,"179,455,529"
12250,"207,528,529"
12251,"528,529,530"
12252,"528,529,530"
12253,"340,405,530"
12254,"10,25,498"
12255,"271,280,530"
12256,"382,430,530"
12257,"528,529,530"
12258,"122,254,430"
12259,"337,529,530"
12260,"430,529,530"
12261,"528,529,530"
12262,"528,529,530"
12263,"247,528,529"
12264,"271,361,372"
12265,"179,484,529"
12266,"25,67,73"
12267,"29,340,364"
12268,"1,528,529"
12269,"67,83,528"
12270,"83,528,529"
12271,"528,529,530"
12272,"330,529,530"
12273,"8,206,498"
12274,"374,529,530"
12275,"44,69,528"
12276,"4,182,200"
12277,"528,529,530"
12278,"25,405,529"
12279,"29,173,200"
12280,"455,529,530"
12281,"45,528,529"
12282,"170,179,413"
12283,"528,529,530"
12284,"528,529,530"
12285,"2,458,476"
12286,"528,529,530"
12287,"25,340,529"
12288,"245,313,405"
12289,"83,187,241"
12290,"528,529,530"
12291,"528,529,530"
12292,"220,221,280"
12293,"40,368,529"
12294,"67,528,529"
12295,"40,131,368"
12296,"108,301,455"
12297,"528,529,530"
12298,"315,529,530"
12299,"10,528,529"
12300,"213,255,394"
12301,"323,455,524"
12302,"498,529,530"
12303,"182,241,528"
12304,"518,529,530"
12305,"280,387,455"
12306,"528,529,530"
12307,"528,529,530"
12308,"528,529,530"
12309,"405,529,530"
12310,"128,129,313"
12311,"528,529,530"
12312,"194,270,529"
12313,"455,529,530"
12314,"67,205,280"
12315,"40,368,529"
12316,"199,529,530"
12317,"269,313,355"
12318,"528,529,530"
12319,"40,139,368"
12320,"528,529,530"
12321,"160,364,455"
12322,"23,251,401"
12323,"455,529,530"
12324,"152,302,315"
12325,"92,215,334"
12326,"430,529,530"
12327,"528,529,530"
12328,"128,179,425"
12329,"270,458,482"
12330,"528,529,530"
12331,"1,128,527"
12332,"199,223,529"
12333,"528,529,530"
12334,"12,271,361"
12335,"196,340,455"
12336,"528,529,530"
12337,"528,529,530"
12338,"340,430,530"
12339,"179,405,529"
12340,"8,200,206"
12341,"187,241,313"
12342,"170,528,529"
12343,"380,444,497"
12344,"128,196,455"
12345,"128,173,179"
12346,"313,366,397"
12347,"25,67,528"
12348,"528,529,530"
12349,"405,529,530"
12350,"128,455,529"
12351,"528,529,530"
12352,"100,194,200"
12353,"160,194,200"
12354,"11,69,406"
12355,"340,359,530"
12356,"8,206,528"
12357,"25,170,528"
12358,"455,529,530"
12359,"10,25,498"
12360,"199,529,530"
12361,"40,340,368"
12362,"56,182,241"
12363,"8,206,280"
12364,"187,241,528"
12365,"401,455,498"
12366,"340,529,530"
12367,"528,529,530"
12368,"108,122,455"
12369,"100,194,200"
12370,"1,323,529"
12371,"528,529,530"
12372,"155,194,248"
12373,"280,455,457"
12374,"528,529,530"
12375,"67,528,529"
12376,"4,182,270"
12377,"248,498,529"
12378,"25,220,221"
12379,"528,529,530"
12380,"205,313,340"
12381,"366,397,455"
12382,"216,372,405"
12383,"528,529,530"
12384,"196,405,498"
12385,"140,328,455"
12386,"10,83,483"
12387,"187,241,528"
12388,"528,529,530"
12389,"187,528,529"
12390,"10,25,323"
12391,"528,529,530"
12392,"405,529,530"
12393,"528,529,530"
12394,"128,455,513"
12395,"45,221,376"
12396,"528,529,530"
12397,"179,459,529"
12398,"8,235,360"
12399,"247,528,529"
12400,"366,529,530"
12401,"44,73,313"
12402,"455,529,530"
12403,"194,199,200"
12404,"313,529,530"
12405,"498,529,530"
12406,"220,528,529"
12407,"528,529,530"
12408,"455,529,530"
12409,"405,529,530"
12410,"29,419,529"
12411,"269,355,397"
12412,"67,448,529"
12413,"528,529,530"
12414,"73,135,528"
12415,"182,528,529"
12416,"194,200,405"
12417,"518,529,530"
12418,"430,529,530"
12419,"29,170,199"
12420,"212,497,529"
12421,"49,277,413"
12422,"528,529,530"
12423,"419,529,530"
12424,"340,529,530"
12425,"4,182,528"
12426,"128,220,328"
12427,"455,529,530"
12428,"83,528,529"
12429,"152,459,529"
12430,"528,529,530"
12431,"528,529,530"
12432,"25,220,221"
12433,"108,135,301"
12434,"2,340,476"
12435,"205,528,529"
12436,"29,528,529"
12437,"29,340,529"
12438,"29,41,487"
12439,"528,529,530"
12440,"528,529,530"
12441,"100,194,200"
12442,"179,182,199"
12443,"45,187,241"
12444,"528,529,530"
12445,"10,24,25"
12446,"108,301,529"
12447,"528,529,530"
12448,"10,11,221"
12449,"528,529,530"
12450,"160,173,401"
12451,"528,529,530"
12452,"205,360,397"
12453,"44,528,529"
12454,"128,220,242"
12455,"323,455,524"
12456,"100,194,200"
12457,"25,69,220"
12458,"438,529,530"
12459,"355,456,530"
12460,"528,529,530"
12461,"39,528,529"
12462,"179,498,529"
12463,"278,483,530"
12464,"528,529,530"
12465,"455,529,530"
12466,"340,359,425"
12467,"127,263,528"
12468,"173,301,529"
12469,"179,182,255"
12470,"372,455,482"
12471,"23,26,251"
12472,"401,409,530"
12473,"8,206,313"
12474,"223,455,529"
12475,"528,529,530"
12476,"488,529,530"
12477,"528,529,530"
12478,"271,361,372"
12479,"528,529,530"
12480,"528,529,530"
12481,"0,430,484"
12482,"528,529,530"
12483,"67,528,529"
12484,"340,436,530"
12485,"199,529,530"
12486,"269,355,409"
12487,"39,405,529"
12488,"179,528,529"
12489,"2,179,520"
12490,"160,528,529"
12491,"182,196,340"
12492,"108,204,301"
12493,"179,199,455"
12494,"323,529,530"
12495,"10,323,419"
12496,"10,24,220"
12497,"100,194,200"
12498,"528,529,530"
12499,"278,455,483"
12500,"64,323,524"
12501,"182,259,301"
12502,"128,129,498"
12503,"528,529,530"
12504,"187,241,528"
12505,"199,529,530"
12506,"313,382,455"
12507,"187,241,528"
12508,"455,529,530"
12509,"355,456,530"
12510,"269,355,409"
12511,"170,528,529"
12512,"513,529,530"
12513,"405,430,530"
12514,"313,346,530"
12515,"330,529,530"
12516,"182,340,455"
12517,"214,372,529"
12518,"311,405,455"
12519,"2,108,301"
12520,"64,323,524"
12521,"204,405,529"
12522,"366,497,515"
12523,"528,529,530"
12524,"67,160,528"
12525,"414,430,524"
12526,"8,235,360"
12527,"214,482,529"
12528,"152,302,315"
12529,"528,529,530"
12530,"67,249,484"
12531,"528,529,530"
12532,"528,529,530"
12533,"528,529,530"
12534,"173,528,529"
12535,"12,69,204"
12536,"10,205,221"
12537,"315,529,530"
12538,"528,529,530"
12539,"213,482,529"
12540,"160,528,529"
12541,"528,529,530"
12542,"11,69,100"
12543,"8,206,528"
12544,"528,529,530"
12545,"141,280,529"
12546,"64,323,524"
12547,"518,529,530"
12548,"16,204,301"
12549,"4,182,271"
12550,"160,405,529"
12551,"108,204,301"
12552,"49,313,315"
12553,"405,529,530"
12554,"301,529,530"
12555,"528,529,530"
12556,"170,243,334"
12557,"528,529,530"
12558,"205,528,529"
12559,"83,220,254"
12560,"355,456,530"
12561,"128,247,528"
12562,"528,529,530"
12563,"340,359,436"
12564,"359,405,530"
12565,"340,359,436"
12566,"528,529,530"
12567,"271,366,455"
12568,"216,355,456"
12569,"425,480,497"
12570,"528,529,530"
12571,"528,529,530"
12572,"179,223,255"
12573,"182,528,529"
12574,"301,529,530"
12575,"528,529,530"
12576,"100,430,503"
12577,"419,529,530"
12578,"528,529,530"
12579,"73,528,529"
12580,"313,529,530"
12581,"73,528,529"
12582,"518,529,530"
12583,"528,529,530"
12584,"455,529,530"
12585,"455,529,530"
12586,"280,340,348"
12587,"340,529,530"
12588,"200,340,518"
12589,"212,387,497"
12590,"528,529,530"
12591,"3,18,200"
12592,"247,355,456"
12593,"528,529,530"
12594,"182,468,529"
12595,"528,529,530"
12596,"528,529,530"
12597,"25,528,529"
12598,"364,529,530"
12599,"29,528,529"
12600,"100,187,503"
12601,"29,528,529"
12602,"49,297,529"
12603,"265,269,455"
12604,"64,323,524"
12605,"214,425,455"
12606,"64,323,524"
12607,"340,359,530"
12608,"76,528,529"
12609,"271,363,444"
12610,"182,187,241"
12611,"528,529,530"
12612,"355,456,514"
12613,"528,529,530"
12614,"528,529,530"
12615,"528,529,530"
12616,"422,529,530"
12617,"459,529,530"
12618,"2,476,529"
12619,"528,529,530"
12620,"528,529,530"
12621,"251,402,529"
12622,"313,529,530"
12623,"1,271,366"
12624,"10,11,221"
12625,"10,12,528"
12626,"417,529,530"
12627,"199,529,530"
12628,"340,345,530"
12629,"179,271,280"
12630,"528,529,530"
12631,"419,529,530"
12632,"1,366,444"
12633,"213,269,355"
12634,"364,401,530"
12635,"45,182,528"
12636,"67,528,529"
12637,"528,529,530"
12638,"269,355,516"
12639,"528,529,530"
12640,"179,340,497"
12641,"528,529,530"
12642,"528,529,530"
12643,"69,241,425"
12644,"528,529,530"
12645,"49,216,498"
12646,"128,173,528"
12647,"108,301,529"
12648,"528,529,530"
12649,"340,529,530"
12650,"280,349,418"
12651,"528,529,530"
12652,"128,417,529"
12653,"168,182,382"
12654,"528,529,530"
12655,"182,196,337"
12656,"340,360,397"
12657,"187,241,528"
12658,"366,397,455"
12659,"117,528,529"
12660,"498,529,530"
12661,"108,301,357"
12662,"83,528,529"
12663,"340,529,530"
12664,"69,405,430"
12665,"528,529,530"
12666,"340,529,530"
12667,"8,220,221"
12668,"139,528,529"
12669,"448,529,530"
12670,"271,361,372"
12671,"83,382,529"
12672,"3,18,200"
12673,"45,419,529"
12674,"528,529,530"
12675,"84,468,529"
12676,"296,337,530"
12677,"528,529,530"
12678,"173,528,529"
12679,"528,529,530"
12680,"528,529,530"
12681,"10,323,405"
12682,"269,355,425"
12683,"25,401,405"
12684,"73,360,455"
12685,"160,247,528"
12686,"528,529,530"
12687,"179,256,359"
12688,"23,26,251"
12689,"199,405,498"
12690,"199,529,530"
12691,"220,242,528"
12692,"528,529,530"
12693,"323,455,524"
12694,"204,215,315"
12695,"44,528,529"
12696,"401,529,530"
12697,"528,529,530"
12698,"405,409,514"
12699,"2,480,529"
12700,"374,529,530"
12701,"49,528,529"
12702,"111,405,455"
12703,"160,270,340"
12704,"280,425,458"
12705,"40,241,368"
12706,"366,480,530"
12707,"528,529,530"
12708,"313,436,530"
12709,"172,528,529"
12710,"528,529,530"
12711,"528,529,530"
12712,"528,529,530"
12713,"67,220,221"
12714,"425,529,530"
12715,"214,216,497"
12716,"528,529,530"
12717,"73,194,200"
12718,"170,194,200"
12719,"25,220,221"
12720,"430,529,530"
12721,"528,529,530"
12722,"528,529,530"
12723,"29,51,200"
12724,"29,315,529"
12725,"94,528,529"
12726,"59,95,524"
12727,"187,405,529"
12728,"8,29,206"
12729,"94,405,529"
12730,"528,529,530"
12731,"205,355,456"
12732,"179,313,346"
12733,"140,187,241"
12734,"100,194,200"
12735,"215,273,315"
12736,"528,529,530"
12737,"376,425,530"
12738,"355,405,456"
12739,"100,194,200"
12740,"4,182,528"
12741,"25,220,498"
12742,"313,340,397"
12743,"528,529,530"
12744,"140,168,194"
12745,"245,340,529"
12746,"528,529,530"
12747,"214,216,256"
12748,"103,418,529"
12749,"528,529,530"
12750,"380,458,482"
12751,"528,529,530"
12752,"271,363,425"
12753,"528,529,530"
12754,"172,179,409"
12755,"1,528,529"
12756,"280,529,530"
12757,"49,241,406"
12758,"170,528,529"
12759,"100,194,200"
12760,"187,241,488"
12761,"8,206,528"
12762,"528,529,530"
12763,"8,235,528"
12764,"128,179,425"
12765,"2,8,206"
12766,"528,529,530"
12767,"528,529,530"
12768,"10,24,454"
12769,"25,405,529"
12770,"528,529,530"
12771,"44,313,455"
12772,"8,235,360"
12773,"528,529,530"
12774,"528,529,530"
12775,"182,196,528"
12776,"25,528,529"
12777,"528,529,530"
12778,"528,529,530"
12779,"100,194,200"
12780,"528,529,530"
12781,"528,529,530"
12782,"160,334,406"
12783,"455,529,530"
12784,"1,16,45"
12785,"528,529,530"
12786,"33,340,529"
12787,"196,270,529"
12788,"409,456,482"
12789,"170,187,241"
12790,"25,170,405"
12791,"528,529,530"
12792,"528,529,530"
12793,"340,405,488"
12794,"340,529,530"
12795,"182,528,529"
12796,"49,528,529"
12797,"10,11,221"
12798,"528,529,530"
12799,"4,182,204"
12800,"128,220,328"
12801,"16,528,529"
12802,"528,529,530"
12803,"380,529,530"
12804,"12,528,529"
12805,"455,529,530"
12806,"8,405,444"
12807,"528,529,530"
12808,"340,529,530"
12809,"140,170,528"
12810,"2,212,513"
12811,"69,179,528"
12812,"196,204,455"
12813,"8,269,355"
12814,"29,528,529"
12815,"41,357,364"
12816,"528,529,530"
12817,"4,182,528"
12818,"170,249,484"
12819,"8,206,344"
12820,"170,337,419"
12821,"4,187,515"
12822,"280,529,530"
12823,"528,529,530"
12824,"179,459,529"
12825,"528,529,530"
12826,"40,368,529"
12827,"199,529,530"
12828,"199,529,530"
12829,"122,168,418"
12830,"64,323,524"
12831,"69,528,529"
12832,"12,528,529"
12833,"528,529,530"
12834,"12,108,301"
12835,"340,349,530"
12836,"518,529,530"
12837,"270,529,530"
12838,"528,529,530"
12839,"10,172,220"
12840,"187,528,529"
12841,"313,314,530"
12842,"182,372,393"
12843,"528,529,530"
12844,"3,200,513"
12845,"528,529,530"
12846,"128,514,529"
12847,"4,29,182"
12848,"364,529,530"
12849,"25,220,242"
12850,"29,374,529"
12851,"455,529,530"
12852,"247,528,529"
12853,"135,187,241"
12854,"67,355,456"
12855,"199,529,530"
12856,"528,529,530"
12857,"340,529,530"
12858,"340,398,498"
12859,"220,221,425"
12860,"199,405,530"
12861,"528,529,530"
12862,"528,529,530"
12863,"280,355,409"
12864,"199,529,530"
12865,"29,194,200"
12866,"25,528,529"
12867,"528,529,530"
12868,"340,405,530"
12869,"8,206,273"
12870,"528,529,530"
12871,"128,245,328"
12872,"187,241,528"
12873,"528,529,530"
12874,"204,215,315"
12875,"355,456,482"
12876,"528,529,530"
12877,"528,529,530"
12878,"10,24,454"
12879,"3,18,200"
12880,"8,206,280"
12881,"528,529,530"
12882,"528,529,530"
12883,"528,529,530"
12884,"528,529,530"
12885,"170,528,529"
12886,"187,194,263"
12887,"67,528,529"
12888,"29,528,529"
12889,"340,529,530"
12890,"23,251,455"
12891,"340,529,530"
12892,"128,528,529"
12893,"528,529,530"
12894,"67,128,129"
12895,"528,529,530"
12896,"528,529,530"
12897,"182,196,401"
12898,"355,405,456"
12899,"128,245,340"
12900,"528,529,530"
12901,"528,529,530"
12902,"313,366,397"
12903,"271,366,530"
12904,"160,204,528"
12905,"528,529,530"
12906,"64,323,524"
12907,"199,529,530"
12908,"40,368,529"
12909,"528,529,530"
12910,"69,528,529"
12911,"23,26,251"
12912,"364,529,530"
12913,"528,529,530"
12914,"205,528,529"
12915,"187,241,483"
12916,"67,114,182"
12917,"8,206,528"
12918,"528,529,530"
12919,"528,529,530"
12920,"528,529,530"
12921,"313,366,397"
12922,"16,528,529"
12923,"223,528,529"
12924,"199,315,530"
12925,"220,221,528"
12926,"528,529,530"
12927,"528,529,530"
12928,"528,529,530"
12929,"528,529,530"
12930,"67,528,529"
12931,"89,528,529"
12932,"8,206,280"
12933,"199,223,455"
12934,"113,340,518"
12935,"25,498,529"
12936,"528,529,530"
12937,"8,206,528"
12938,"199,529,530"
12939,"355,366,405"
12940,"271,280,355"
12941,"455,529,530"
12942,"528,529,530"
12943,"340,425,458"
12944,"528,529,530"
12945,"220,221,340"
12946,"528,529,530"
12947,"493,529,530"
12948,"182,528,529"
12949,"179,405,430"
12950,"4,182,480"
12951,"44,405,455"
12952,"528,529,530"
12953,"528,529,530"
12954,"45,69,405"
12955,"455,480,530"
12956,"247,528,529"
12957,"297,405,530"
12958,"129,313,346"
12959,"405,529,530"
12960,"141,528,529"
12961,"528,529,530"
12962,"313,366,397"
12963,"196,528,529"
12964,"23,26,251"
12965,"187,241,528"
12966,"528,529,530"
12967,"405,455,514"
12968,"135,374,529"
12969,"100,194,200"
12970,"247,528,529"
12971,"528,529,530"
12972,"69,170,199"
12973,"220,340,498"
12974,"2,480,529"
12975,"204,296,405"
12976,"98,355,409"
12977,"130,160,468"
12978,"419,529,530"
12979,"528,529,530"
12980,"168,200,340"
12981,"155,194,248"
12982,"1,215,315"
12983,"243,334,430"
12984,"127,179,263"
12985,"2,458,476"
12986,"241,248,468"
12987,"194,528,529"
12988,"528,529,530"
12989,"8,206,528"
12990,"135,528,529"
12991,"128,245,328"
12992,"528,529,530"
12993,"223,480,529"
12994,"8,235,360"
12995,"10,69,221"
12996,"528,529,530"
12997,"405,529,530"
12998,"67,241,455"
12999,"528,529,530"
13000,"267,301,467"
13001,"430,529,530"
13002,"528,529,530"
13003,"528,529,530"
13004,"313,529,530"
13005,"139,528,529"
13006,"128,528,529"
13007,"187,241,528"
13008,"216,422,498"
13009,"44,45,455"
13010,"528,529,530"
13011,"480,529,530"
13012,"67,83,382"
13013,"94,401,529"
13014,"528,529,530"
13015,"10,44,73"
13016,"355,455,456"
13017,"528,529,530"
13018,"4,182,528"
13019,"214,355,482"
13020,"45,245,528"
13021,"401,529,530"
13022,"528,529,530"
13023,"528,529,530"
13024,"455,529,530"
13025,"528,529,530"
13026,"73,187,241"
13027,"41,135,315"
13028,"170,199,323"
13029,"213,271,280"
13030,"67,359,529"
13031,"170,528,529"
13032,"528,529,530"
13033,"89,455,529"
13034,"528,529,530"
13035,"269,355,376"
13036,"405,529,530"
13037,"528,529,530"
13038,"528,529,530"
13039,"340,529,530"
13040,"374,529,530"
13041,"36,160,528"
13042,"220,221,528"
13043,"359,529,530"
13044,"301,529,530"
13045,"128,498,529"
13046,"528,529,530"
13047,"3,5,200"
13048,"528,529,530"
13049,"45,528,529"
13050,"528,529,530"
13051,"359,529,530"
13052,"173,528,529"
13053,"251,528,529"
13054,"12,128,129"
13055,"127,263,374"
13056,"528,529,530"
13057,"444,529,530"
13058,"128,129,251"
13059,"199,529,530"
13060,"128,182,245"
13061,"29,313,346"
13062,"430,529,530"
13063,"296,411,530"
13064,"64,323,524"
13065,"108,187,301"
13066,"249,366,498"
13067,"187,241,528"
13068,"528,529,530"
13069,"194,200,455"
13070,"382,405,530"
13071,"220,528,529"
13072,"528,529,530"
13073,"382,401,530"
13074,"528,529,530"
13075,"528,529,530"
13076,"528,529,530"
13077,"135,528,529"
13078,"528,529,530"
13079,"45,528,529"
13080,"323,455,524"
13081,"357,364,455"
13082,"25,170,528"
13083,"44,528,529"
13084,"528,529,530"
13085,"113,528,529"
13086,"528,529,530"
13087,"173,301,340"
13088,"405,529,530"
13089,"528,529,530"
13090,"2,128,179"
13091,"88,106,528"
13092,"374,529,530"
13093,"213,444,498"
13094,"199,301,530"
13095,"444,529,530"
13096,"405,529,530"
13097,"108,301,529"
13098,"0,216,249"
13099,"405,529,530"
13100,"8,206,235"
13101,"220,221,528"
13102,"205,528,529"
13103,"528,529,530"
13104,"29,41,339"
13105,"40,368,529"
13106,"92,270,452"
13107,"528,529,530"
13108,"528,529,530"
13109,"128,129,528"
13110,"67,528,529"
13111,"528,529,530"
13112,"10,11,221"
13113,"204,215,315"
13114,"438,529,530"
13115,"67,330,452"
13116,"67,83,220"
13117,"528,529,530"
13118,"301,529,530"
13119,"8,206,528"
13120,"160,302,334"
13121,"419,529,530"
13122,"187,199,241"
13123,"172,409,456"
13124,"528,529,530"
13125,"528,529,530"
13126,"108,301,340"
13127,"402,409,498"
13128,"124,243,334"
13129,"8,206,528"
13130,"278,301,340"
13131,"8,206,455"
13132,"313,346,374"
13133,"135,374,529"
13134,"73,80,221"
13135,"405,529,530"
13136,"8,206,340"
13137,"323,529,530"
13138,"128,129,313"
13139,"182,345,529"
13140,"67,528,529"
13141,"528,529,530"
13142,"290,529,530"
13143,"8,355,456"
13144,"182,528,529"
13145,"11,69,315"
13146,"187,241,528"
13147,"528,529,530"
13148,"214,462,482"
13149,"135,374,529"
13150,"220,340,359"
13151,"364,425,458"
13152,"128,241,430"
13153,"8,235,488"
13154,"11,69,455"
13155,"173,301,529"
13156,"40,368,529"
13157,"182,528,529"
13158,"278,483,530"
13159,"128,528,529"
13160,"67,73,455"
13161,"528,529,530"
13162,"340,459,530"
13163,"528,529,530"
13164,"8,206,405"
13165,"528,529,530"
13166,"528,529,530"
13167,"10,221,419"
13168,"166,221,419"
13169,"4,182,528"
13170,"414,513,530"
13171,"49,528,529"
13172,"528,529,530"
13173,"204,409,529"
13174,"340,430,530"
13175,"340,529,530"
13176,"528,529,530"
13177,"16,69,173"
13178,"64,323,524"
13179,"280,313,455"
13180,"213,313,529"
13181,"528,529,530"
13182,"128,323,524"
13183,"10,323,529"
13184,"528,529,530"
13185,"8,206,528"
13186,"196,468,529"
13187,"25,220,498"
13188,"313,529,530"
13189,"40,368,529"
13190,"528,529,530"
13191,"528,529,530"
13192,"80,405,518"
13193,"528,529,530"
13194,"436,438,456"
13195,"360,455,498"
13196,"301,374,382"
13197,"271,352,455"
13198,"187,528,529"
13199,"528,529,530"
13200,"69,267,340"
13201,"83,278,315"
13202,"528,529,530"
13203,"528,529,530"
13204,"220,221,528"
13205,"10,220,498"
13206,"11,205,528"
13207,"528,529,530"
13208,"528,529,530"
13209,"528,529,530"
13210,"528,529,530"
13211,"130,313,468"
13212,"528,529,530"
13213,"528,529,530"
13214,"528,529,530"
13215,"528,529,530"
13216,"528,529,530"
13217,"25,204,420"
13218,"234,364,419"
13219,"340,529,530"
13220,"528,529,530"
13221,"80,528,529"
13222,"128,328,529"
13223,"29,179,425"
13224,"528,529,530"
13225,"528,529,530"
13226,"40,368,529"
13227,"4,182,528"
13228,"25,528,529"
13229,"528,529,530"
13230,"196,528,529"
13231,"69,170,179"
13232,"56,241,406"
13233,"413,529,530"
13234,"160,334,406"
13235,"528,529,530"
13236,"255,528,529"
13237,"127,263,528"
13238,"2,513,529"
13239,"528,529,530"
13240,"220,409,444"
13241,"128,455,468"
13242,"173,334,406"
13243,"25,220,528"
13244,"182,528,529"
13245,"220,498,529"
13246,"95,313,524"
13247,"179,528,529"
13248,"108,247,301"
13249,"528,529,530"
13250,"269,355,376"
13251,"401,529,530"
13252,"25,247,405"
13253,"8,206,528"
13254,"10,69,221"
13255,"64,323,524"
13256,"108,200,340"
13257,"187,220,241"
13258,"340,498,530"
13259,"528,529,530"
13260,"528,529,530"
13261,"528,529,530"
13262,"83,215,374"
13263,"199,529,530"
13264,"64,323,524"
13265,"84,468,529"
13266,"166,221,419"
13267,"187,241,366"
13268,"405,529,530"
13269,"10,11,221"
13270,"223,273,417"
13271,"173,323,524"
13272,"514,529,530"
13273,"315,529,530"
13274,"69,528,529"
13275,"397,444,530"
13276,"528,529,530"
13277,"247,528,529"
13278,"44,405,529"
13279,"528,529,530"
13280,"418,529,530"
13281,"2,223,340"
13282,"528,529,530"
13283,"29,366,455"
13284,"83,310,498"
13285,"528,529,530"
13286,"182,364,529"
13287,"139,160,280"
13288,"528,529,530"
13289,"528,529,530"
13290,"10,11,221"
13291,"528,529,530"
13292,"40,368,529"
13293,"280,444,456"
13294,"249,455,484"
13295,"194,200,364"
13296,"301,340,455"
13297,"8,69,206"
13298,"176,528,529"
13299,"1,29,419"
13300,"459,529,530"
13301,"205,355,456"
13302,"528,529,530"
13303,"280,355,456"
13304,"528,529,530"
13305,"25,220,528"
13306,"212,497,529"
13307,"444,529,530"
13308,"359,444,482"
13309,"528,529,530"
13310,"10,24,220"
13311,"3,18,200"
13312,"323,419,530"
13313,"172,182,513"
13314,"170,364,529"
13315,"417,529,530"
13316,"528,529,530"
13317,"45,528,529"
13318,"528,529,530"
13319,"359,529,530"
13320,"269,355,522"
13321,"8,235,528"
13322,"528,529,530"
13323,"29,67,420"
13324,"528,529,530"
13325,"301,455,530"
13326,"179,360,455"
13327,"528,529,530"
13328,"213,223,313"
13329,"528,529,530"
13330,"187,455,515"
13331,"397,425,458"
13332,"214,313,340"
13333,"40,241,513"
13334,"528,529,530"
13335,"528,529,530"
13336,"45,528,529"
13337,"528,529,530"
13338,"302,529,530"
13339,"120,313,529"
13340,"528,529,530"
13341,"405,529,530"
13342,"528,529,530"
13343,"528,529,530"
13344,"528,529,530"
13345,"25,528,529"
13346,"269,355,456"
13347,"196,405,498"
13348,"528,529,530"
13349,"29,187,405"
13350,"168,243,334"
13351,"8,235,425"
13352,"340,529,530"
13353,"340,456,514"
13354,"44,73,315"
13355,"528,529,530"
13356,"127,182,263"
13357,"297,529,530"
13358,"128,129,528"
13359,"67,313,455"
13360,"528,529,530"
13361,"11,69,99"
13362,"113,182,301"
13363,"313,376,530"
13364,"455,529,530"
13365,"10,11,221"
13366,"430,529,530"
13367,"528,529,530"
13368,"528,529,530"
13369,"528,529,530"
13370,"160,302,529"
13371,"438,456,465"
13372,"247,313,405"
13373,"528,529,530"
13374,"247,313,355"
13375,"92,528,529"
13376,"40,368,529"
13377,"40,368,529"
13378,"160,528,529"
13379,"405,529,530"
13380,"100,194,200"
13381,"301,459,530"
13382,"405,452,530"
13383,"10,24,220"
13384,"8,206,340"
13385,"128,129,455"
13386,"444,529,530"
13387,"100,194,200"
13388,"69,199,221"
13389,"498,529,530"
13390,"528,529,530"
13391,"45,480,529"
13392,"10,323,529"
13393,"528,529,530"
13394,"173,328,455"
13395,"528,529,530"
13396,"100,194,200"
13397,"92,528,529"
13398,"528,529,530"
13399,"11,44,73"
13400,"25,220,528"
13401,"29,528,529"
13402,"528,529,530"
13403,"528,529,530"
13404,"168,323,419"
13405,"220,493,529"
13406,"83,315,405"
13407,"528,529,530"
13408,"528,529,530"
13409,"41,301,455"
13410,"100,503,529"
13411,"213,280,455"
13412,"67,528,529"
13413,"73,172,514"
13414,"100,194,200"
13415,"528,529,530"
13416,"11,205,528"
13417,"458,529,530"
13418,"204,215,315"
13419,"528,529,530"
13420,"69,528,529"
13421,"29,313,376"
13422,"49,297,457"
13423,"56,455,529"
13424,"45,194,425"
13425,"173,354,497"
13426,"170,405,518"
13427,"45,528,529"
13428,"67,128,129"
13429,"182,187,241"
13430,"8,206,528"
13431,"187,241,364"
13432,"528,529,530"
13433,"4,182,528"
13434,"216,221,370"
13435,"16,301,529"
13436,"355,444,456"
13437,"340,359,530"
13438,"355,438,456"
13439,"528,529,530"
13440,"8,235,340"
13441,"528,529,530"
13442,"25,220,528"
13443,"340,529,530"
13444,"4,182,528"
13445,"528,529,530"
13446,"172,455,513"
13447,"528,529,530"
13448,"528,529,530"
13449,"315,401,530"
13450,"528,529,530"
13451,"187,241,263"
13452,"49,528,529"
13453,"528,529,530"
13454,"10,11,205"
13455,"199,529,530"
13456,"3,5,200"
13457,"528,529,530"
13458,"64,323,524"
13459,"405,529,530"
13460,"173,301,529"
13461,"8,206,456"
13462,"92,528,529"
13463,"187,241,263"
13464,"8,128,457"
13465,"528,529,530"
13466,"528,529,530"
13467,"528,529,530"
13468,"29,313,346"
13469,"280,418,457"
13470,"221,343,455"
13471,"528,529,530"
13472,"8,206,457"
13473,"114,182,528"
13474,"67,340,529"
13475,"528,529,530"
13476,"528,529,530"
13477,"67,73,160"
13478,"94,528,529"
13479,"29,67,528"
13480,"528,529,530"
13481,"160,405,529"
13482,"355,405,456"
13483,"528,529,530"
13484,"29,170,337"
13485,"528,529,530"
13486,"199,259,529"
13487,"2,360,449"
13488,"528,529,530"
13489,"179,528,529"
13490,"528,529,530"
13491,"160,187,241"
13492,"376,425,530"
13493,"194,199,200"
13494,"26,313,355"
13495,"528,529,530"
13496,"187,241,528"
13497,"1,45,83"
13498,"518,529,530"
13499,"182,301,529"
13500,"528,529,530"
13501,"182,528,529"
13502,"311,529,530"
13503,"4,182,196"
13504,"23,26,251"
13505,"528,529,530"
13506,"160,340,529"
13507,"128,129,436"
13508,"187,241,528"
13509,"528,529,530"
13510,"528,529,530"
13511,"528,529,530"
13512,"315,372,530"
13513,"528,529,530"
13514,"128,199,529"
13515,"301,459,530"
13516,"187,241,528"
13517,"528,529,530"
13518,"170,187,528"
13519,"200,340,455"
13520,"340,359,530"
13521,"67,528,529"
13522,"337,529,530"
13523,"44,205,340"
13524,"528,529,530"
13525,"214,216,249"
13526,"313,456,482"
13527,"49,528,529"
13528,"168,382,401"
13529,"401,529,530"
13530,"29,249,484"
13531,"67,196,514"
13532,"241,406,494"
13533,"220,498,529"
13534,"528,529,530"
13535,"528,529,530"
13536,"528,529,530"
13537,"528,529,530"
13538,"64,323,524"
13539,"528,529,530"
13540,"340,529,530"
13541,"40,368,529"
13542,"199,529,530"
13543,"223,311,360"
13544,"173,323,524"
13545,"40,368,513"
13546,"528,529,530"
13547,"67,364,484"
13548,"528,529,530"
13549,"528,529,530"
13550,"355,438,456"
13551,"40,368,529"
13552,"313,340,346"
13553,"128,129,328"
13554,"40,368,529"
13555,"323,419,530"
13556,"528,529,530"
13557,"108,124,340"
13558,"88,106,528"
13559,"8,206,444"
13560,"51,340,529"
13561,"187,241,528"
13562,"528,529,530"
13563,"528,529,530"
13564,"215,248,430"
13565,"25,220,221"
13566,"124,243,334"
13567,"528,529,530"
13568,"212,357,484"
13569,"83,215,343"
13570,"528,529,530"
13571,"340,360,515"
13572,"4,182,455"
13573,"528,529,530"
13574,"528,529,530"
13575,"301,529,530"
13576,"528,529,530"
13577,"528,529,530"
13578,"402,529,530"
13579,"528,529,530"
13580,"528,529,530"
13581,"160,334,406"
13582,"100,194,200"
13583,"528,529,530"
13584,"69,528,529"
13585,"430,529,530"
13586,"40,215,226"
13587,"10,170,323"
13588,"25,199,529"
13589,"296,529,530"
13590,"223,241,425"
13591,"172,241,301"
13592,"528,529,530"
13593,"528,529,530"
13594,"528,529,530"
13595,"323,419,530"
13596,"269,355,409"
13597,"364,529,530"
13598,"8,206,249"
13599,"45,187,241"
13600,"340,360,455"
13601,"528,529,530"
13602,"29,405,529"
13603,"528,529,530"
13604,"199,255,529"
13605,"528,529,530"
13606,"83,343,529"
13607,"187,528,529"
13608,"528,529,530"
13609,"425,444,530"
13610,"144,528,529"
13611,"92,405,459"
13612,"528,529,530"
13613,"29,374,529"
13614,"140,187,241"
13615,"340,359,425"
13616,"528,529,530"
13617,"128,179,528"
13618,"528,529,530"
13619,"179,301,529"
13620,"215,334,405"
13621,"194,200,301"
13622,"340,529,530"
13623,"3,200,301"
13624,"528,529,530"
13625,"528,529,530"
13626,"528,529,530"
13627,"528,529,530"
13628,"8,206,405"
13629,"108,301,529"
13630,"73,100,173"
13631,"0,179,409"
13632,"528,529,530"
13633,"67,187,241"
13634,"29,41,528"
13635,"213,241,280"
13636,"528,529,530"
13637,"528,529,530"
13638,"528,529,530"
13639,"170,498,529"
13640,"528,529,530"
13641,"313,529,530"
13642,"128,528,529"
13643,"128,129,528"
13644,"330,340,530"
13645,"40,368,529"
13646,"528,529,530"
13647,"49,92,528"
13648,"47,528,529"
13649,"8,206,220"
13650,"382,419,530"
13651,"280,455,530"
13652,"108,204,301"
13653,"430,529,530"
13654,"220,221,425"
13655,"220,221,528"
13656,"528,529,530"
13657,"108,301,315"
13658,"528,529,530"
13659,"374,529,530"
13660,"12,194,200"
13661,"528,529,530"
13662,"448,529,530"
13663,"514,529,530"
13664,"313,314,530"
13665,"41,182,223"
13666,"83,220,528"
13667,"45,59,95"
13668,"2,425,497"
13669,"528,529,530"
13670,"528,529,530"
13671,"301,529,530"
13672,"296,529,530"
13673,"528,529,530"
13674,"459,529,530"
13675,"317,430,530"
13676,"271,280,530"
13677,"220,221,528"
13678,"205,360,397"
13679,"173,528,529"
13680,"199,223,529"
13681,"64,323,524"
13682,"528,529,530"
13683,"8,206,340"
13684,"29,528,529"
13685,"528,529,530"
13686,"359,480,530"
13687,"220,221,498"
13688,"100,194,200"
13689,"528,529,530"
13690,"139,455,529"
13691,"187,241,405"
13692,"528,529,530"
13693,"41,528,529"
13694,"64,323,524"
13695,"528,529,530"
13696,"44,528,529"
13697,"374,444,530"
13698,"128,528,529"
13699,"528,529,530"
13700,"528,529,530"
13701,"1,135,528"
13702,"528,529,530"
13703,"25,220,405"
13704,"67,83,220"
13705,"64,323,524"
13706,"376,529,530"
13707,"296,529,530"
13708,"528,529,530"
13709,"10,528,529"
13710,"528,529,530"
13711,"121,181,528"
13712,"528,529,530"
13713,"340,425,498"
13714,"4,182,271"
13715,"313,355,456"
13716,"2,455,513"
13717,"528,529,530"
13718,"170,528,529"
13719,"315,529,530"
13720,"444,529,530"
13721,"528,529,530"
13722,"139,401,459"
13723,"69,170,199"
13724,"84,300,529"
13725,"528,529,530"
13726,"301,340,459"
13727,"108,122,301"
13728,"311,529,530"
13729,"334,405,430"
13730,"355,455,456"
13731,"528,529,530"
13732,"401,529,530"
13733,"29,182,514"
13734,"270,529,530"
13735,"528,529,530"
13736,"199,529,530"
13737,"418,529,530"
13738,"220,528,529"
13739,"271,340,363"
13740,"418,529,530"
13741,"278,529,530"
13742,"108,170,182"
13743,"458,482,530"
13744,"270,529,530"
13745,"528,529,530"
13746,"100,194,200"
13747,"64,323,524"
13748,"25,280,529"
13749,"514,529,530"
13750,"528,529,530"
13751,"528,529,530"
13752,"528,529,530"
13753,"310,455,530"
13754,"528,529,530"
13755,"528,529,530"
13756,"518,529,530"
13757,"528,529,530"
13758,"40,247,368"
13759,"2,182,476"
13760,"528,529,530"
13761,"0,216,355"
13762,"25,220,221"
13763,"528,529,530"
13764,"204,215,334"
13765,"455,529,530"
13766,"528,529,530"
13767,"187,241,488"
13768,"528,529,530"
13769,"528,529,530"
13770,"247,355,444"
13771,"128,204,455"
13772,"528,529,530"
13773,"528,529,530"
13774,"10,247,323"
13775,"45,313,524"
13776,"194,528,529"
13777,"528,529,530"
13778,"382,529,530"
13779,"528,529,530"
13780,"382,529,530"
13781,"172,409,529"
13782,"187,241,247"
13783,"528,529,530"
13784,"528,529,530"
13785,"528,529,530"
13786,"69,528,529"
13787,"528,529,530"
13788,"514,529,530"
13789,"4,182,528"
13790,"8,313,346"
13791,"187,241,528"
13792,"173,247,528"
13793,"528,529,530"
13794,"29,313,529"
13795,"10,220,221"
13796,"80,241,448"
13797,"152,459,529"
13798,"8,206,455"
13799,"259,528,529"
13800,"528,529,530"
13801,"16,204,528"
13802,"152,302,315"
13803,"168,528,529"
13804,"528,529,530"
13805,"128,129,528"
13806,"214,251,313"
13807,"220,221,528"
13808,"528,529,530"
13809,"364,529,530"
13810,"49,528,529"
13811,"25,528,529"
13812,"528,529,530"
13813,"73,455,529"
13814,"29,528,529"
13815,"69,170,455"
13816,"271,361,372"
13817,"4,182,430"
13818,"64,323,524"
13819,"357,529,530"
13820,"528,529,530"
13821,"4,182,528"
13822,"271,280,355"
13823,"401,529,530"
13824,"359,529,530"
13825,"67,241,313"
13826,"194,200,498"
13827,"141,205,455"
13828,"401,529,530"
13829,"311,529,530"
13830,"355,359,456"
13831,"69,173,221"
13832,"340,529,530"
13833,"296,405,530"
13834,"199,271,352"
13835,"528,529,530"
13836,"8,206,456"
13837,"64,323,524"
13838,"301,340,518"
13839,"425,449,497"
13840,"67,182,313"
13841,"528,529,530"
13842,"128,323,419"
13843,"340,529,530"
13844,"528,529,530"
13845,"67,221,528"
13846,"64,323,524"
13847,"273,376,425"
13848,"528,529,530"
13849,"194,200,223"
13850,"528,529,530"
13851,"528,529,530"
13852,"528,529,530"
13853,"528,529,530"
13854,"187,241,459"
13855,"409,455,488"
13856,"199,223,529"
13857,"10,323,359"
13858,"405,455,456"
13859,"340,529,530"
13860,"409,455,456"
13861,"67,220,221"
13862,"83,315,405"
13863,"153,200,455"
13864,"269,355,405"
13865,"25,220,221"
13866,"170,182,270"
13867,"135,448,455"
13868,"64,323,524"
13869,"172,340,455"
13870,"29,393,425"
13871,"528,529,530"
13872,"255,528,529"
13873,"100,194,200"
13874,"528,529,530"
13875,"280,457,530"
13876,"187,241,528"
13877,"128,129,179"
13878,"128,315,529"
13879,"79,528,529"
13880,"528,529,530"
13881,"323,455,524"
13882,"247,528,529"
13883,"194,528,529"
13884,"204,245,322"
13885,"29,278,301"
13886,"340,359,530"
13887,"10,24,454"
13888,"128,528,529"
13889,"64,323,524"
13890,"216,405,444"
13891,"187,241,528"
13892,"301,529,530"
13893,"45,498,529"
13894,"23,26,251"
13895,"323,419,530"
13896,"92,128,438"
13897,"498,529,530"
13898,"69,182,528"
13899,"12,528,529"
13900,"36,160,374"
13901,"26,360,409"
13902,"187,241,528"
13903,"528,529,530"
13904,"528,529,530"
13905,"340,366,374"
13906,"374,529,530"
13907,"45,528,529"
13908,"528,529,530"
13909,"73,160,334"
13910,"29,419,529"
13911,"170,528,529"
13912,"280,529,530"
13913,"40,368,529"
13914,"170,528,529"
13915,"25,220,242"
13916,"355,456,530"
13917,"405,529,530"
13918,"528,529,530"
13919,"170,364,529"
13920,"100,194,200"
13921,"528,529,530"
13922,"528,529,530"
13923,"21,194,328"
13924,"340,529,530"
13925,"45,528,529"
13926,"215,334,430"
13927,"528,529,530"
13928,"374,529,530"
13929,"528,529,530"
13930,"528,529,530"
13931,"340,393,530"
13932,"83,455,529"
13933,"44,73,405"
13934,"528,529,530"
13935,"301,374,455"
13936,"135,152,315"
13937,"99,528,529"
13938,"270,529,530"
13939,"10,528,529"
13940,"25,67,73"
13941,"67,468,529"
13942,"300,411,498"
13943,"88,106,528"
13944,"25,528,529"
13945,"528,529,530"
13946,"25,528,529"
13947,"12,313,529"
13948,"528,529,530"
13949,"270,374,530"
13950,"528,529,530"
13951,"528,529,530"
13952,"67,205,280"
13953,"179,199,529"
13954,"199,529,530"
13955,"528,529,530"
13956,"108,301,340"
13957,"382,529,530"
13958,"152,296,459"
13959,"528,529,530"
13960,"528,529,530"
13961,"323,405,524"
13962,"528,529,530"
13963,"528,529,530"
13964,"409,529,530"
13965,"528,529,530"
13966,"340,401,530"
13967,"376,455,497"
13968,"8,235,357"
13969,"313,355,455"
13970,"459,529,530"
13971,"528,529,530"
13972,"199,529,530"
13973,"528,529,530"
13974,"374,425,459"
13975,"172,409,498"
13976,"182,313,518"
13977,"357,497,530"
13978,"67,528,529"
13979,"2,513,529"
13980,"528,529,530"
13981,"455,529,530"
13982,"67,196,514"
13983,"41,196,528"
13984,"73,340,359"
13985,"315,529,530"
13986,"12,455,529"
13987,"25,528,529"
13988,"436,529,530"
13989,"301,459,530"
13990,"334,430,518"
13991,"216,370,374"
13992,"528,529,530"
13993,"100,194,200"
13994,"179,498,529"
13995,"528,529,530"
13996,"334,406,430"
13997,"116,340,529"
13998,"40,368,529"
13999,"459,529,530"
14000,"528,529,530"
14001,"528,529,530"
14002,"4,182,528"
14003,"271,366,530"
14004,"73,455,529"
14005,"194,200,340"
14006,"83,402,493"
14007,"16,140,200"
14008,"12,45,497"
14009,"220,221,528"
14010,"64,323,524"
14011,"528,529,530"
14012,"301,430,530"
14013,"108,528,529"
14014,"8,140,359"
14015,"213,458,482"
14016,"182,248,528"
14017,"69,241,393"
14018,"128,301,459"
14019,"528,529,530"
14020,"301,340,455"
14021,"199,529,530"
14022,"528,529,530"
14023,"8,206,528"
14024,"301,529,530"
14025,"301,529,530"
14026,"83,135,528"
14027,"128,334,406"
14028,"397,422,425"
14029,"187,241,263"
14030,"359,529,530"
14031,"207,301,459"
14032,"301,529,530"
14033,"40,340,368"
14034,"25,528,529"
14035,"528,529,530"
14036,"40,368,455"
14037,"376,425,430"
14038,"528,529,530"
14039,"67,528,529"
14040,"215,494,529"
14041,"8,235,528"
14042,"364,418,530"
14043,"64,323,524"
14044,"182,194,200"
14045,"528,529,530"
14046,"3,5,200"
14047,"25,454,529"
14048,"8,206,528"
14049,"170,528,529"
14050,"528,529,530"
14051,"528,529,530"
14052,"455,529,530"
14053,"170,196,282"
14054,"301,374,455"
14055,"128,194,200"
14056,"8,444,498"
14057,"23,26,251"
14058,"141,300,529"
14059,"528,529,530"
14060,"313,314,337"
14061,"12,67,179"
14062,"160,334,406"
14063,"405,529,530"
14064,"4,182,311"
14065,"73,528,529"
14066,"194,200,425"
14067,"83,315,529"
14068,"127,200,263"
14069,"8,206,313"
14070,"23,26,251"
14071,"528,529,530"
14072,"528,529,530"
14073,"247,313,355"
14074,"271,366,425"
14075,"323,529,530"
14076,"199,343,436"
14077,"199,529,530"
14078,"166,173,221"
14079,"528,529,530"
14080,"216,482,497"
14081,"528,529,530"
14082,"315,334,343"
14083,"170,528,529"
14084,"430,518,530"
14085,"528,529,530"
14086,"160,315,364"
14087,"528,529,530"
14088,"128,129,528"
14089,"128,129,455"
14090,"528,529,530"
14091,"528,529,530"
14092,"528,529,530"
14093,"528,529,530"
14094,"528,529,530"
14095,"92,444,529"
14096,"528,529,530"
14097,"67,430,529"
14098,"301,340,455"
14099,"100,194,200"
14100,"528,529,530"
14101,"220,313,529"
14102,"114,182,528"
14103,"405,529,530"
14104,"315,529,530"
14105,"528,529,530"
14106,"340,529,530"
14107,"528,529,530"
14108,"528,529,530"
14109,"165,405,529"
14110,"528,529,530"
14111,"39,455,529"
14112,"128,249,484"
14113,"40,368,425"
14114,"92,328,405"
14115,"108,204,301"
14116,"528,529,530"
14117,"528,529,530"
14118,"528,529,530"
14119,"256,498,529"
14120,"220,242,528"
14121,"172,455,529"
14122,"64,323,524"
14123,"4,182,247"
14124,"182,215,255"
14125,"108,204,301"
14126,"128,528,529"
14127,"170,528,529"
14128,"40,368,529"
14129,"528,529,530"
14130,"452,518,530"
14131,"100,194,200"
14132,"212,254,334"
14133,"139,528,529"
14134,"49,528,529"
14135,"199,343,436"
14136,"2,216,513"
14137,"128,220,405"
14138,"11,45,221"
14139,"216,438,484"
14140,"366,529,530"
14141,"214,216,482"
14142,"528,529,530"
14143,"270,301,530"
14144,"49,405,529"
14145,"271,366,488"
14146,"528,529,530"
14147,"187,241,301"
14148,"69,528,529"
14149,"459,518,530"
14150,"271,280,444"
14151,"2,513,529"
14152,"220,280,425"
14153,"449,497,513"
14154,"8,206,340"
14155,"278,483,530"
14156,"528,529,530"
14157,"528,529,530"
14158,"216,254,458"
14159,"108,204,301"
14160,"1,528,529"
14161,"128,182,196"
14162,"187,205,241"
14163,"187,194,241"
14164,"528,529,530"
14165,"528,529,530"
14166,"8,206,340"
14167,"528,529,530"
14168,"187,241,528"
14169,"242,528,529"
14170,"10,24,454"
14171,"528,529,530"
14172,"528,529,530"
14173,"12,199,323"
14174,"25,220,242"
14175,"270,334,406"
14176,"69,170,199"
14177,"340,459,530"
14178,"160,430,529"
14179,"41,339,436"
14180,"528,529,530"
14181,"528,529,530"
14182,"67,528,529"
14183,"528,529,530"
14184,"160,194,528"
14185,"64,323,524"
14186,"340,444,530"
14187,"528,529,530"
14188,"108,301,364"
14189,"528,529,530"
14190,"100,194,200"
14191,"514,529,530"
14192,"1,366,529"
14193,"301,350,455"
14194,"179,409,529"
14195,"4,315,498"
14196,"10,168,194"
14197,"528,529,530"
14198,"179,376,457"
14199,"528,529,530"
14200,"73,528,529"
14201,"355,405,456"
14202,"45,528,529"
14203,"340,529,530"
14204,"128,247,528"
14205,"170,528,529"
14206,"241,273,340"
14207,"528,529,530"
14208,"8,206,528"
14209,"397,529,530"
14210,"8,235,360"
14211,"152,315,340"
14212,"69,179,282"
14213,"528,529,530"
14214,"313,346,530"
14215,"528,529,530"
14216,"269,340,355"
14217,"317,529,530"
14218,"2,179,216"
14219,"528,529,530"
14220,"528,529,530"
14221,"269,355,530"
14222,"140,528,529"
14223,"187,199,241"
14224,"8,235,528"
14225,"67,128,528"
14226,"315,529,530"
14227,"29,330,529"
14228,"528,529,530"
14229,"528,529,530"
14230,"160,528,529"
14231,"11,528,529"
14232,"47,455,529"
14233,"179,337,529"
14234,"213,280,482"
14235,"67,528,529"
14236,"528,529,530"
14237,"64,323,524"
14238,"26,29,455"
14239,"179,271,280"
14240,"194,200,459"
14241,"100,194,200"
14242,"8,206,528"
14243,"10,24,454"
14244,"528,529,530"
14245,"204,301,340"
14246,"0,340,484"
14247,"84,468,529"
14248,"278,483,515"
14249,"196,199,529"
14250,"23,29,251"
14251,"528,529,530"
14252,"108,301,498"
14253,"220,498,529"
14254,"271,280,444"
14255,"41,487,529"
14256,"528,529,530"
14257,"220,242,528"
14258,"44,220,528"
14259,"480,529,530"
14260,"23,26,251"
14261,"528,529,530"
14262,"69,187,315"
14263,"205,528,529"
14264,"2,301,513"
14265,"528,529,530"
14266,"528,529,530"
14267,"11,205,528"
14268,"64,323,524"
14269,"280,340,360"
14270,"444,459,530"
14271,"281,405,530"
14272,"220,221,425"
14273,"16,301,529"
14274,"199,529,530"
14275,"100,194,200"
14276,"204,215,334"
14277,"69,200,515"
14278,"528,529,530"
14279,"296,529,530"
14280,"40,368,529"
14281,"179,455,529"
14282,"528,529,530"
14283,"528,529,530"
14284,"182,528,529"
14285,"88,106,528"
14286,"199,323,530"
14287,"528,529,530"
14288,"528,529,530"
14289,"313,346,459"
14290,"528,529,530"
14291,"114,182,528"
14292,"271,280,360"
14293,"67,528,529"
14294,"80,323,524"
14295,"528,529,530"
14296,"220,418,529"
14297,"409,455,498"
14298,"280,376,425"
14299,"280,348,401"
14300,"280,355,456"
14301,"528,529,530"
14302,"528,529,530"
14303,"528,529,530"
14304,"220,402,455"
14305,"528,529,530"
14306,"182,196,364"
14307,"44,313,529"
14308,"95,455,524"
14309,"528,529,530"
14310,"124,243,334"
14311,"170,196,405"
14312,"271,280,355"
14313,"67,220,498"
14314,"8,29,498"
14315,"405,411,530"
14316,"528,529,530"
14317,"2,476,529"
14318,"43,241,315"
14319,"364,529,530"
14320,"200,364,430"
14321,"170,182,528"
14322,"528,529,530"
14323,"280,425,530"
14324,"340,529,530"
14325,"397,444,530"
14326,"528,529,530"
14327,"528,529,530"
14328,"247,355,456"
14329,"8,206,528"
14330,"45,80,455"
14331,"247,405,529"
14332,"173,528,529"
14333,"108,256,340"
14334,"80,187,241"
14335,"29,528,529"
14336,"528,529,530"
14337,"2,69,425"
14338,"2,449,458"
14339,"45,498,529"
14340,"419,529,530"
14341,"8,206,213"
14342,"401,529,530"
14343,"436,529,530"
14344,"69,170,199"
14345,"528,529,530"
14346,"128,129,199"
14347,"128,528,529"
14348,"108,204,301"
14349,"199,259,529"
14350,"187,241,528"
14351,"43,67,513"
14352,"254,484,529"
14353,"155,194,248"
14354,"405,529,530"
14355,"528,529,530"
14356,"220,221,498"
14357,"528,529,530"
14358,"323,405,524"
14359,"220,528,529"
14360,"25,323,524"
14361,"340,409,458"
14362,"4,182,310"
14363,"170,194,200"
14364,"340,529,530"
14365,"45,528,529"
14366,"29,528,529"
14367,"528,529,530"
14368,"108,207,301"
14369,"187,241,528"
14370,"528,529,530"
14371,"44,69,73"
14372,"1,45,528"
14373,"528,529,530"
14374,"122,376,425"
14375,"528,529,530"
14376,"29,67,455"
14377,"528,529,530"
14378,"25,528,529"
14379,"257,528,529"
14380,"160,213,280"
14381,"340,529,530"
14382,"340,444,530"
14383,"340,422,530"
14384,"528,529,530"
14385,"194,200,281"
14386,"199,223,455"
14387,"16,194,204"
14388,"528,529,530"
14389,"194,528,529"
14390,"301,340,530"
14391,"128,129,179"
14392,"92,518,529"
14393,"323,529,530"
14394,"187,241,515"
14395,"528,529,530"
14396,"187,241,273"
14397,"4,182,528"
14398,"170,528,529"
14399,"128,129,328"
14400,"480,529,530"
14401,"49,528,529"
14402,"514,529,530"
14403,"528,529,530"
14404,"10,11,221"
14405,"194,200,340"
14406,"170,528,529"
14407,"67,528,529"
14408,"528,529,530"
14409,"187,241,315"
14410,"199,223,281"
14411,"528,529,530"
14412,"528,529,530"
14413,"220,221,340"
14414,"513,529,530"
14415,"271,280,455"
14416,"241,406,494"
14417,"137,220,493"
14418,"108,124,528"
14419,"40,368,529"
14420,"528,529,530"
14421,"170,528,529"
14422,"518,529,530"
14423,"528,529,530"
14424,"45,135,528"
14425,"128,129,328"
14426,"152,419,459"
14427,"220,242,528"
14428,"113,179,357"
14429,"323,448,524"
14430,"21,124,396"
14431,"528,529,530"
14432,"528,529,530"
14433,"69,528,529"
14434,"45,182,528"
14435,"430,455,530"
14436,"247,528,529"
14437,"364,529,530"
14438,"364,529,530"
14439,"196,528,529"
14440,"45,187,241"
14441,"23,26,251"
14442,"179,528,529"
14443,"528,529,530"
14444,"187,241,528"
14445,"23,26,251"
14446,"528,529,530"
14447,"528,529,530"
14448,"518,529,530"
14449,"313,346,530"
14450,"455,529,530"
14451,"498,529,530"
14452,"187,241,528"
14453,"528,529,530"
14454,"528,529,530"
14455,"528,529,530"
14456,"40,92,368"
14457,"528,529,530"
14458,"44,313,418"
14459,"528,529,530"
14460,"100,430,514"
14461,"273,313,314"
14462,"10,280,425"
14463,"83,498,524"
14464,"25,83,220"
14465,"83,194,200"
14466,"3,18,200"
14467,"374,529,530"
14468,"355,374,418"
14469,"455,529,530"
14470,"313,346,530"
14471,"328,417,419"
14472,"528,529,530"
14473,"1,528,529"
14474,"280,313,355"
14475,"11,69,376"
14476,"528,529,530"
14477,"313,529,530"
14478,"69,92,528"
14479,"340,529,530"
14480,"26,128,129"
14481,"528,529,530"
14482,"528,529,530"
14483,"187,528,529"
14484,"528,529,530"
14485,"182,196,199"
14486,"382,529,530"
14487,"139,528,529"
14488,"4,182,528"
14489,"84,468,529"
14490,"187,241,480"
14491,"417,529,530"
14492,"528,529,530"
14493,"69,199,529"
14494,"128,328,455"
14495,"83,220,241"
14496,"170,528,529"
14497,"168,194,301"
14498,"40,368,529"
14499,"8,206,528"
14500,"67,160,528"
14501,"56,194,200"
14502,"340,529,530"
14503,"95,313,524"
14504,"204,278,301"
14505,"528,529,530"
14506,"255,376,425"
14507,"528,529,530"
14508,"323,419,530"
14509,"100,194,200"
14510,"278,301,340"
14511,"49,179,528"
14512,"10,24,220"
14513,"528,529,530"
14514,"528,529,530"
14515,"366,529,530"
14516,"128,129,328"
14517,"44,67,528"
14518,"528,529,530"
14519,"83,135,528"
14520,"401,529,530"
14521,"10,528,529"
14522,"25,220,221"
14523,"528,529,530"
14524,"401,529,530"
14525,"3,18,200"
14526,"528,529,530"
14527,"528,529,530"
14528,"271,280,530"
14529,"199,529,530"
14530,"100,430,503"
14531,"10,528,529"
14532,"182,528,529"
14533,"249,484,529"
14534,"271,361,372"
14535,"528,529,530"
14536,"528,529,530"
14537,"216,528,529"
14538,"187,241,334"
14539,"528,529,530"
14540,"528,529,530"
14541,"340,355,409"
14542,"11,73,528"
14543,"4,182,301"
14544,"67,83,455"
14545,"160,528,529"
14546,"323,529,530"
14547,"528,529,530"
14548,"528,529,530"
14549,"220,402,425"
14550,"135,430,529"
14551,"528,529,530"
14552,"194,221,302"
14553,"313,346,530"
14554,"179,401,455"
14555,"25,337,458"
14556,"528,529,530"
14557,"187,200,241"
14558,"16,528,529"
14559,"108,124,364"
14560,"113,117,518"
14561,"25,220,528"
14562,"40,368,438"
14563,"100,503,529"
14564,"3,200,340"
14565,"528,529,530"
14566,"528,529,530"
14567,"291,444,530"
14568,"528,529,530"
14569,"528,529,530"
14570,"528,529,530"
14571,"270,301,413"
14572,"128,366,405"
14573,"301,366,397"
14574,"29,340,514"
14575,"160,302,529"
14576,"220,221,425"
14577,"528,529,530"
14578,"315,529,530"
14579,"100,194,200"
14580,"10,24,454"
14581,"528,529,530"
14582,"10,215,323"
14583,"528,529,530"
14584,"25,220,340"
14585,"187,241,528"
14586,"64,323,524"
14587,"140,315,374"
14588,"528,529,530"
14589,"4,127,340"
14590,"528,529,530"
14591,"49,459,529"
14592,"108,124,196"
14593,"223,528,529"
14594,"528,529,530"
14595,"10,323,529"
14596,"182,196,200"
14597,"514,529,530"
14598,"313,529,530"
14599,"49,528,529"
14600,"29,528,529"
14601,"122,340,529"
14602,"455,529,530"
14603,"528,529,530"
14604,"44,67,528"
14605,"172,271,340"
14606,"100,194,200"
14607,"528,529,530"
14608,"528,529,530"
14609,"269,355,409"
14610,"128,359,364"
14611,"108,301,529"
14612,"459,529,530"
14613,"49,528,529"
14614,"528,529,530"
14615,"64,323,524"
14616,"64,323,524"
14617,"315,529,530"
14618,"11,69,221"
14619,"528,529,530"
14620,"128,212,497"
14621,"514,529,530"
14622,"25,67,205"
14623,"515,529,530"
14624,"528,529,530"
14625,"313,529,530"
14626,"179,340,529"
14627,"45,241,374"
14628,"528,529,530"
14629,"301,529,530"
14630,"528,529,530"
14631,"69,205,528"
14632,"405,529,530"
14633,"220,221,528"
14634,"528,529,530"
14635,"1,528,529"
14636,"160,173,418"
14637,"220,242,425"
14638,"44,45,73"
14639,"528,529,530"
14640,"199,529,530"
14641,"173,267,529"
14642,"108,124,528"
14643,"220,242,528"
14644,"315,529,530"
14645,"528,529,530"
14646,"108,124,528"
14647,"94,528,529"
14648,"401,529,530"
14649,"29,313,529"
14650,"25,199,529"
14651,"204,215,315"
14652,"8,235,528"
14653,"528,529,530"
14654,"528,529,530"
14655,"100,194,200"
14656,"405,529,530"
14657,"528,529,530"
14658,"528,529,530"
14659,"528,529,530"
14660,"528,529,530"
14661,"160,382,529"
14662,"182,313,529"
14663,"67,528,529"
14664,"528,529,530"
14665,"108,204,301"
14666,"8,206,220"
14667,"182,247,455"
14668,"49,528,529"
14669,"3,5,200"
14670,"67,528,529"
14671,"528,529,530"
14672,"528,529,530"
14673,"2,476,529"
14674,"179,187,241"
14675,"108,204,301"
14676,"92,128,313"
14677,"16,45,340"
14678,"528,529,530"
14679,"182,196,199"
14680,"340,409,425"
14681,"226,436,529"
14682,"528,529,530"
14683,"139,187,241"
14684,"100,194,200"
14685,"182,528,529"
14686,"241,402,529"
14687,"173,359,529"
14688,"187,241,438"
14689,"528,529,530"
14690,"187,241,528"
14691,"317,529,530"
14692,"168,528,529"
14693,"296,529,530"
14694,"315,334,405"
14695,"528,529,530"
14696,"160,334,406"
14697,"44,73,313"
14698,"340,359,530"
14699,"528,529,530"
14700,"290,529,530"
14701,"528,529,530"
14702,"340,430,455"
14703,"16,187,241"
14704,"51,301,340"
14705,"468,529,530"
14706,"33,196,436"
14707,"528,529,530"
14708,"100,194,200"
14709,"405,529,530"
14710,"214,528,529"
14711,"204,215,315"
14712,"405,529,530"
14713,"8,206,280"
14714,"170,405,529"
14715,"528,529,530"
14716,"45,216,370"
14717,"100,194,200"
14718,"528,529,530"
14719,"26,376,455"
14720,"140,528,529"
14721,"528,529,530"
14722,"44,444,498"
14723,"196,498,529"
14724,"340,359,530"
14725,"10,220,221"
14726,"69,73,313"
14727,"340,455,530"
14728,"29,528,529"
14729,"528,529,530"
14730,"100,503,529"
14731,"8,235,360"
14732,"528,529,530"
14733,"108,419,430"
14734,"10,24,25"
14735,"528,529,530"
14736,"528,529,530"
14737,"528,529,530"
14738,"4,455,480"
14739,"271,372,497"
14740,"10,24,25"
14741,"220,313,529"
14742,"45,170,430"
14743,"83,135,528"
14744,"215,494,529"
14745,"220,528,529"
14746,"528,529,530"
14747,"280,409,488"
14748,"128,220,328"
14749,"124,243,334"
14750,"528,529,530"
14751,"64,323,524"
14752,"214,482,529"
14753,"25,79,454"
14754,"8,206,313"
14755,"528,529,530"
14756,"26,213,313"
14757,"16,528,529"
14758,"528,529,530"
14759,"248,340,529"
14760,"301,529,530"
14761,"128,179,459"
14762,"438,456,465"
14763,"313,529,530"
14764,"199,343,436"
14765,"139,364,529"
14766,"528,529,530"
14767,"29,528,529"
14768,"40,368,529"
14769,"528,529,530"
14770,"271,361,372"
14771,"49,498,529"
14772,"213,280,425"
14773,"528,529,530"
14774,"528,529,530"
14775,"340,529,530"
14776,"528,529,530"
14777,"528,529,530"
14778,"528,529,530"
14779,"528,529,530"
14780,"349,418,530"
14781,"45,67,182"
14782,"355,405,456"
14783,"528,529,530"
14784,"528,529,530"
14785,"528,529,530"
14786,"528,529,530"
14787,"25,528,529"
14788,"255,322,455"
14789,"64,323,524"
14790,"528,529,530"
14791,"196,302,334"
14792,"49,419,448"
14793,"528,529,530"
14794,"25,73,528"
14795,"83,135,528"
14796,"29,311,452"
14797,"67,528,529"
14798,"83,315,405"
14799,"170,179,456"
14800,"67,528,529"
14801,"155,194,248"
14802,"199,444,530"
14803,"3,200,340"
14804,"528,529,530"
14805,"497,529,530"
14806,"100,194,200"
14807,"340,529,530"
14808,"92,528,529"
14809,"528,529,530"
14810,"4,182,340"
14811,"340,529,530"
14812,"216,354,497"
14813,"528,529,530"
14814,"528,529,530"
14815,"310,529,530"
14816,"528,529,530"
14817,"393,529,530"
14818,"220,221,405"
14819,"23,26,251"
14820,"528,529,530"
14821,"301,340,343"
14822,"187,241,247"
14823,"528,529,530"
14824,"160,528,529"
14825,"528,529,530"
14826,"3,200,247"
14827,"269,280,355"
14828,"528,529,530"
14829,"528,529,530"
14830,"528,529,530"
14831,"528,529,530"
14832,"67,220,221"
14833,"11,528,529"
14834,"214,528,529"
14835,"67,330,405"
14836,"374,529,530"
14837,"108,204,301"
14838,"528,529,530"
14839,"10,24,454"
14840,"196,360,455"
14841,"340,529,530"
14842,"440,514,530"
14843,"141,300,498"
14844,"528,529,530"
14845,"29,196,405"
14846,"313,346,530"
14847,"100,194,200"
14848,"528,529,530"
14849,"108,157,301"
14850,"25,220,242"
14851,"436,529,530"
14852,"311,374,530"
14853,"355,498,530"
14854,"528,529,530"
14855,"247,355,455"
14856,"313,346,530"
14857,"8,179,206"
14858,"29,528,529"
14859,"182,297,529"
14860,"40,200,313"
14861,"340,529,530"
14862,"100,194,200"
14863,"41,201,340"
14864,"296,529,530"
14865,"83,135,528"
14866,"528,529,530"
14867,"51,528,529"
14868,"313,529,530"
14869,"340,480,530"
14870,"73,528,529"
14871,"11,455,529"
14872,"528,529,530"
14873,"528,529,530"
14874,"25,67,220"
14875,"528,529,530"
14876,"168,194,528"
14877,"528,529,530"
14878,"25,220,242"
14879,"187,223,241"
14880,"141,300,529"
14881,"199,223,444"
14882,"3,18,200"
14883,"49,528,529"
14884,"382,529,530"
14885,"4,69,182"
14886,"308,529,530"
14887,"528,529,530"
14888,"114,182,405"
14889,"528,529,530"
14890,"196,340,529"
14891,"313,529,530"
14892,"182,528,529"
14893,"187,528,529"
14894,"241,323,419"
14895,"340,359,360"
14896,"199,529,530"
14897,"313,376,498"
14898,"528,529,530"
14899,"182,376,458"
14900,"313,366,397"
14901,"301,459,530"
14902,"40,135,368"
14903,"216,254,349"
14904,"140,170,337"
14905,"528,529,530"
14906,"44,45,498"
14907,"152,459,529"
14908,"160,430,529"
14909,"214,216,528"
14910,"108,204,301"
14911,"528,529,530"
14912,"220,528,529"
14913,"182,241,406"
14914,"205,360,397"
14915,"64,323,524"
14916,"528,529,530"
14917,"528,529,530"
14918,"187,528,529"
14919,"29,199,374"
14920,"92,455,529"
14921,"296,405,411"
14922,"528,529,530"
14923,"528,529,530"
14924,"355,456,530"
14925,"213,280,482"
14926,"140,141,300"
14927,"11,69,455"
14928,"40,368,529"
14929,"528,529,530"
14930,"528,529,530"
14931,"528,529,530"
14932,"313,529,530"
14933,"220,528,529"
14934,"10,323,529"
14935,"179,459,529"
14936,"214,216,366"
14937,"340,529,530"
14938,"528,529,530"
14939,"528,529,530"
14940,"99,313,314"
14941,"220,528,529"
14942,"108,170,241"
14943,"528,529,530"
14944,"528,529,530"
14945,"455,529,530"
14946,"100,455,503"
14947,"528,529,530"
14948,"296,529,530"
14949,"528,529,530"
14950,"528,529,530"
14951,"528,529,530"
14952,"8,206,528"
14953,"313,346,498"
14954,"182,345,529"
14955,"29,528,529"
14956,"92,498,529"
14957,"40,226,368"
14958,"67,194,401"
14959,"92,528,529"
14960,"139,187,528"
14961,"103,528,529"
14962,"528,529,530"
14963,"8,280,376"
14964,"357,360,455"
14965,"29,528,529"
14966,"170,528,529"
14967,"357,529,530"
14968,"67,528,529"
14969,"528,529,530"
14970,"313,346,530"
14971,"41,194,200"
14972,"528,529,530"
14973,"528,529,530"
14974,"291,444,488"
14975,"113,528,529"
14976,"359,529,530"
14977,"355,409,456"
14978,"199,529,530"
14979,"528,529,530"
14980,"179,382,458"
14981,"40,368,529"
14982,"528,529,530"
14983,"215,328,455"
14984,"179,311,498"
14985,"355,456,530"
14986,"128,220,425"
14987,"179,528,529"
14988,"528,529,530"
14989,"301,405,530"
14990,"29,179,425"
14991,"73,220,313"
14992,"271,280,456"
14993,"528,529,530"
14994,"528,529,530"
14995,"100,194,200"
14996,"528,529,530"
14997,"528,529,530"
14998,"135,528,529"
14999,"528,529,530"
15000,"160,315,529"
15001,"528,529,530"
15002,"187,241,528"
15003,"528,529,530"
15004,"528,529,530"
15005,"330,498,530"
15006,"528,529,530"
15007,"405,529,530"
15008,"49,528,529"
15009,"170,494,529"
15010,"187,278,529"
15011,"47,226,528"
15012,"220,315,455"
15013,"179,419,459"
15014,"73,269,355"
15015,"528,529,530"
15016,"170,359,529"
15017,"187,301,401"
15018,"45,401,402"
15019,"170,459,498"
15020,"374,529,530"
15021,"528,529,530"
15022,"215,315,334"
15023,"528,529,530"
15024,"247,267,301"
15025,"301,455,530"
15026,"187,340,425"
15027,"528,529,530"
15028,"528,529,530"
15029,"40,368,529"
15030,"69,311,529"
15031,"422,529,530"
15032,"108,204,301"
15033,"340,529,530"
15034,"301,529,530"
15035,"51,528,529"
15036,"194,528,529"
15037,"528,529,530"
15038,"199,455,484"
15039,"128,528,529"
15040,"25,220,221"
15041,"204,215,334"
15042,"26,251,376"
15043,"8,206,528"
15044,"45,182,438"
15045,"340,529,530"
15046,"459,529,530"
15047,"280,455,498"
15048,"528,529,530"
15049,"430,529,530"
15050,"135,374,529"
15051,"4,182,340"
15052,"187,241,528"
15053,"170,340,529"
15054,"128,271,497"
15055,"45,182,528"
15056,"455,529,530"
15057,"528,529,530"
15058,"214,372,529"
15059,"355,360,456"
15060,"528,529,530"
15061,"528,529,530"
15062,"4,182,528"
15063,"196,515,529"
15064,"528,529,530"
15065,"323,405,419"
15066,"45,241,430"
15067,"343,529,530"
15068,"83,278,405"
15069,"182,194,200"
15070,"455,529,530"
15071,"4,182,528"
15072,"108,204,301"
15073,"100,503,529"
15074,"528,529,530"
15075,"56,296,498"
15076,"69,241,483"
15077,"1,528,529"
15078,"10,24,25"
15079,"340,529,530"
15080,"528,529,530"
15081,"313,346,530"
15082,"528,529,530"
15083,"135,323,529"
15084,"528,529,530"
15085,"528,529,530"
15086,"10,220,221"
15087,"340,425,498"
15088,"247,528,529"
15089,"280,438,455"
15090,"170,455,529"
15091,"108,301,529"
15092,"56,315,334"
15093,"67,247,405"
15094,"29,270,459"
15095,"170,528,529"
15096,"528,529,530"
15097,"528,529,530"
15098,"216,438,497"
15099,"0,187,241"
15100,"296,340,530"
15101,"528,529,530"
15102,"528,529,530"
15103,"3,18,200"
15104,"301,529,530"
15105,"418,425,498"
15106,"528,529,530"
15107,"199,269,355"
15108,"73,528,529"
15109,"528,529,530"
15110,"170,528,529"
15111,"100,194,200"
15112,"204,215,315"
15113,"498,529,530"
15114,"83,247,405"
15115,"528,529,530"
15116,"528,529,530"
15117,"205,438,506"
15118,"313,529,530"
15119,"199,223,425"
15120,"182,196,340"
15121,"528,529,530"
15122,"313,366,397"
15123,"69,528,529"
15124,"172,455,529"
15125,"330,529,530"
15126,"4,182,528"
15127,"10,24,25"
15128,"2,476,497"
15129,"528,529,530"
15130,"528,529,530"
15131,"220,313,425"
15132,"528,529,530"
15133,"100,503,529"
15134,"4,182,340"
15135,"430,529,530"
15136,"528,529,530"
15137,"528,529,530"
15138,"160,315,529"
15139,"528,529,530"
15140,"301,313,346"
15141,"160,528,529"
15142,"528,529,530"
15143,"528,529,530"
15144,"25,220,528"
15145,"528,529,530"
15146,"187,241,528"
15147,"179,199,529"
15148,"313,346,530"
15149,"528,529,530"
15150,"313,468,530"
15151,"113,405,529"
15152,"10,24,220"
15153,"194,528,529"
15154,"2,513,529"
15155,"528,529,530"
15156,"528,529,530"
15157,"420,529,530"
15158,"528,529,530"
15159,"173,301,529"
15160,"528,529,530"
15161,"282,529,530"
15162,"108,301,529"
15163,"39,455,529"
15164,"10,25,220"
15165,"49,199,529"
15166,"528,529,530"
15167,"179,214,405"
15168,"301,364,530"
15169,"135,152,459"
15170,"528,529,530"
15171,"4,182,528"
15172,"528,529,530"
15173,"528,529,530"
15174,"444,529,530"
15175,"528,529,530"
15176,"10,221,323"
15177,"528,529,530"
15178,"414,529,530"
15179,"45,405,406"
15180,"187,241,425"
15181,"182,194,200"
15182,"220,528,529"
15183,"25,128,430"
15184,"455,529,530"
15185,"528,529,530"
15186,"67,528,529"
15187,"100,194,200"
15188,"179,271,363"
15189,"128,220,340"
15190,"340,455,530"
15191,"8,206,249"
15192,"108,301,405"
15193,"128,129,528"
15194,"51,173,340"
15195,"44,313,529"
15196,"179,311,444"
15197,"301,529,530"
15198,"108,301,459"
15199,"40,368,529"
15200,"528,529,530"
15201,"128,129,405"
15202,"100,194,200"
15203,"179,405,529"
15204,"67,366,468"
15205,"366,425,488"
15206,"241,406,494"
15207,"127,340,529"
15208,"528,529,530"
15209,"376,529,530"
15210,"25,220,242"
15211,"25,528,529"
15212,"241,364,455"
15213,"135,528,529"
15214,"12,29,455"
15215,"528,529,530"
15216,"216,355,456"
15217,"182,196,528"
15218,"528,529,530"
15219,"108,204,301"
15220,"45,419,420"
15221,"359,444,497"
15222,"528,529,530"
15223,"128,360,397"
15224,"247,355,456"
15225,"528,529,530"
15226,"187,241,263"
15227,"528,529,530"
15228,"170,528,529"
15229,"40,368,529"
15230,"187,196,241"
15231,"313,529,530"
15232,"528,529,530"
15233,"215,494,529"
15234,"204,215,315"
15235,"220,313,366"
15236,"29,340,529"
15237,"135,301,455"
15238,"199,529,530"
15239,"25,220,242"
15240,"514,529,530"
15241,"313,529,530"
15242,"528,529,530"
15243,"205,425,436"
15244,"64,323,524"
15245,"108,301,529"
15246,"323,374,524"
15247,"360,455,522"
15248,"160,300,518"
15249,"528,529,530"
15250,"173,301,340"
15251,"199,223,455"
15252,"402,498,530"
15253,"323,455,524"
15254,"528,529,530"
15255,"354,529,530"
15256,"271,340,361"
15257,"199,223,259"
15258,"40,368,529"
15259,"40,368,529"
15260,"73,182,340"
15261,"100,194,200"
15262,"47,67,528"
15263,"128,528,529"
15264,"405,529,530"
15265,"92,528,529"
15266,"40,368,529"
15267,"41,528,529"
15268,"528,529,530"
15269,"241,340,498"
15270,"340,393,425"
15271,"187,263,528"
15272,"187,263,483"
15273,"220,269,355"
15274,"10,220,221"
15275,"172,409,425"
15276,"528,529,530"
15277,"141,528,529"
15278,"182,196,199"
15279,"455,529,530"
15280,"528,529,530"
15281,"108,204,301"
15282,"528,529,530"
15283,"528,529,530"
15284,"12,528,529"
15285,"29,528,529"
15286,"108,200,301"
15287,"170,528,529"
15288,"223,455,529"
15289,"100,194,200"
15290,"528,529,530"
15291,"528,529,530"
15292,"194,200,270"
15293,"69,168,200"
15294,"528,529,530"
15295,"64,323,524"
15296,"44,220,242"
15297,"11,205,528"
15298,"340,498,530"
15299,"343,436,530"
15300,"139,194,200"
15301,"127,194,263"
15302,"108,301,340"
15303,"1,25,528"
15304,"296,529,530"
15305,"40,368,529"
15306,"160,514,529"
15307,"194,199,200"
15308,"182,455,529"
15309,"44,45,73"
15310,"528,529,530"
15311,"528,529,530"
15312,"173,182,436"
15313,"199,223,529"
15314,"187,241,406"
15315,"179,455,529"
15316,"213,280,313"
15317,"528,529,530"
15318,"4,182,528"
15319,"179,249,484"
15320,"528,529,530"
15321,"160,409,529"
15322,"45,364,529"
15323,"179,528,529"
15324,"2,179,199"
15325,"340,422,530"
15326,"528,529,530"
15327,"271,280,515"
15328,"430,529,530"
15329,"528,529,530"
15330,"528,529,530"
15331,"528,529,530"
15332,"8,235,528"
15333,"528,529,530"
15334,"25,220,528"
15335,"108,301,340"
15336,"528,529,530"
15337,"187,241,263"
15338,"56,173,301"
15339,"1,205,422"
15340,"349,418,530"
15341,"528,529,530"
15342,"301,529,530"
15343,"45,114,182"
15344,"8,206,280"
15345,"528,529,530"
15346,"528,529,530"
15347,"172,271,361"
15348,"528,529,530"
15349,"301,529,530"
15350,"4,182,528"
15351,"179,409,455"
15352,"311,529,530"
15353,"187,241,528"
15354,"444,529,530"
15355,"25,382,455"
15356,"455,529,530"
15357,"179,455,529"
15358,"69,313,529"
15359,"40,368,529"
15360,"205,455,498"
15361,"173,528,529"
15362,"4,182,340"
15363,"301,340,530"
15364,"220,313,529"
15365,"152,302,315"
15366,"40,92,405"
15367,"452,529,530"
15368,"528,529,530"
15369,"45,67,73"
15370,"92,187,241"
15371,"528,529,530"
15372,"49,92,170"
15373,"135,459,529"
15374,"364,529,530"
15375,"59,95,524"
15376,"187,241,405"
15377,"528,529,530"
15378,"8,235,360"
15379,"528,529,530"
15380,"528,529,530"
15381,"212,497,529"
15382,"16,204,528"
15383,"528,529,530"
15384,"528,529,530"
15385,"340,529,530"
15386,"199,529,530"
15387,"359,529,530"
15388,"313,346,468"
15389,"528,529,530"
15390,"166,221,419"
15391,"455,529,530"
15392,"108,301,364"
15393,"340,529,530"
15394,"255,528,529"
15395,"200,405,455"
15396,"528,529,530"
15397,"160,334,455"
15398,"10,25,220"
15399,"220,221,528"
15400,"323,529,530"
15401,"271,361,397"
15402,"323,419,530"
15403,"179,278,455"
15404,"313,366,397"
15405,"67,323,419"
15406,"166,221,419"
15407,"528,529,530"
15408,"313,346,405"
15409,"4,67,182"
15410,"518,529,530"
15411,"528,529,530"
15412,"280,409,425"
15413,"8,45,206"
15414,"255,528,529"
15415,"397,458,530"
15416,"45,419,529"
15417,"528,529,530"
15418,"10,220,242"
15419,"157,182,528"
15420,"45,409,529"
15421,"528,529,530"
15422,"528,529,530"
15423,"160,269,355"
15424,"528,529,530"
15425,"8,216,235"
15426,"271,314,352"
15427,"199,405,530"
15428,"40,368,529"
15429,"216,277,413"
15430,"528,529,530"
15431,"528,529,530"
15432,"405,529,530"
15433,"528,529,530"
15434,"528,529,530"
15435,"10,45,221"
15436,"45,187,241"
15437,"182,528,529"
15438,"220,528,529"
15439,"108,124,528"
15440,"29,67,251"
15441,"11,26,419"
15442,"313,529,530"
15443,"128,220,498"
15444,"196,297,366"
15445,"340,529,530"
15446,"84,468,529"
15447,"21,194,340"
15448,"139,155,312"
15449,"128,129,528"
15450,"160,187,430"
15451,"45,200,405"
15452,"160,315,334"
15453,"67,153,220"
15454,"179,313,455"
15455,"108,301,529"
15456,"100,194,200"
15457,"23,26,251"
15458,"301,340,530"
15459,"135,374,430"
15460,"44,313,529"
15461,"8,235,528"
15462,"419,529,530"
15463,"528,529,530"
15464,"11,73,128"
15465,"528,529,530"
15466,"83,405,529"
15467,"313,314,530"
15468,"528,529,530"
15469,"330,340,459"
15470,"44,95,524"
15471,"313,484,497"
15472,"247,425,455"
15473,"215,334,359"
15474,"528,529,530"
15475,"312,340,530"
15476,"40,140,382"
15477,"10,11,221"
15478,"139,140,199"
15479,"322,529,530"
15480,"528,529,530"
15481,"199,259,529"
15482,"44,73,528"
15483,"199,529,530"
15484,"528,529,530"
15485,"528,529,530"
15486,"382,529,530"
15487,"212,254,497"
15488,"16,29,455"
15489,"116,528,529"
15490,"2,455,527"
15491,"73,528,529"
15492,"179,328,405"
15493,"301,340,530"
15494,"455,529,530"
15495,"323,529,530"
15496,"170,528,529"
15497,"199,255,529"
15498,"271,280,313"
15499,"528,529,530"
15500,"313,355,397"
15501,"100,340,503"
15502,"528,529,530"
15503,"40,368,529"
15504,"405,529,530"
15505,"29,194,200"
15506,"128,129,179"
15507,"187,241,355"
15508,"182,528,529"
15509,"69,528,529"
15510,"528,529,530"
15511,"355,409,456"
15512,"25,528,529"
15513,"310,529,530"
15514,"170,405,529"
15515,"245,405,529"
15516,"139,455,529"
15517,"459,529,530"
15518,"205,528,529"
15519,"41,215,487"
15520,"323,529,530"
15521,"25,528,529"
15522,"528,529,530"
15523,"528,529,530"
15524,"405,529,530"
15525,"182,194,200"
15526,"241,406,494"
15527,"3,5,200"
15528,"452,529,530"
15529,"340,349,405"
15530,"29,108,278"
15531,"25,528,529"
15532,"528,529,530"
15533,"528,529,530"
15534,"528,529,530"
15535,"4,182,528"
15536,"160,444,529"
15537,"528,529,530"
15538,"64,323,524"
15539,"528,529,530"
15540,"140,155,194"
15541,"455,458,482"
15542,"455,529,530"
15543,"29,67,179"
15544,"388,529,530"
15545,"528,529,530"
15546,"455,529,530"
15547,"514,529,530"
15548,"108,270,301"
15549,"267,301,340"
15550,"528,529,530"
15551,"528,529,530"
15552,"528,529,530"
15553,"528,529,530"
15554,"128,528,529"
15555,"355,405,456"
15556,"528,529,530"
15557,"528,529,530"
15558,"19,459,529"
15559,"49,528,529"
15560,"108,204,301"
15561,"10,24,67"
15562,"29,301,455"
15563,"40,368,529"
15564,"528,529,530"
15565,"4,182,376"
15566,"528,529,530"
15567,"528,529,530"
15568,"528,529,530"
15569,"83,135,196"
15570,"199,529,530"
15571,"29,337,529"
15572,"455,529,530"
15573,"100,194,200"
15574,"170,179,187"
15575,"8,206,313"
15576,"528,529,530"
15577,"528,529,530"
15578,"518,529,530"
15579,"528,529,530"
15580,"313,340,359"
15581,"271,352,455"
15582,"334,452,514"
15583,"8,458,482"
15584,"273,340,425"
15585,"10,220,221"
15586,"425,529,530"
15587,"355,456,524"
15588,"170,187,241"
15589,"170,179,199"
15590,"172,215,315"
15591,"528,529,530"
15592,"430,529,530"
15593,"528,529,530"
15594,"122,215,494"
15595,"25,340,455"
15596,"452,529,530"
15597,"528,529,530"
15598,"83,135,528"
15599,"355,360,455"
15600,"301,405,530"
15601,"340,529,530"
15602,"528,529,530"
15603,"128,374,405"
15604,"179,498,529"
15605,"220,528,529"
15606,"278,529,530"
15607,"73,179,528"
15608,"8,235,340"
15609,"40,368,529"
15610,"301,340,530"
15611,"241,313,527"
15612,"8,38,206"
15613,"528,529,530"
15614,"528,529,530"
15615,"45,220,452"
15616,"514,529,530"
15617,"128,129,247"
15618,"64,323,524"
15619,"528,529,530"
15620,"79,323,524"
15621,"128,179,528"
15622,"92,528,529"
15623,"153,405,529"
15624,"528,529,530"
15625,"528,529,530"
15626,"513,529,530"
15627,"528,529,530"
15628,"528,529,530"
15629,"528,529,530"
15630,"100,194,200"
15631,"315,529,530"
15632,"280,418,498"
15633,"170,528,529"
15634,"16,200,270"
15635,"359,529,530"
15636,"64,323,524"
15637,"528,529,530"
15638,"83,187,241"
15639,"76,528,529"
15640,"397,405,455"
15641,"11,528,529"
15642,"0,216,249"
15643,"108,204,301"
15644,"83,135,528"
15645,"69,241,425"
15646,"313,346,530"
15647,"8,235,528"
15648,"172,340,529"
15649,"187,241,455"
15650,"1,196,366"
15651,"16,528,529"
15652,"405,498,530"
15653,"355,456,530"
15654,"196,528,529"
15655,"528,529,530"
15656,"528,529,530"
15657,"40,368,529"
15658,"455,529,530"
15659,"128,129,313"
15660,"409,529,530"
15661,"108,124,241"
15662,"528,529,530"
15663,"10,24,454"
15664,"269,355,498"
15665,"374,459,530"
15666,"69,173,340"
15667,"498,529,530"
15668,"128,366,529"
15669,"170,528,529"
15670,"141,528,529"
15671,"271,361,372"
15672,"10,409,529"
15673,"25,220,242"
15674,"67,528,529"
15675,"528,529,530"
15676,"366,425,488"
15677,"340,529,530"
15678,"374,529,530"
15679,"25,528,529"
15680,"199,259,281"
15681,"196,528,529"
15682,"355,424,498"
15683,"372,444,482"
15684,"135,374,430"
15685,"528,529,530"
15686,"528,529,530"
15687,"23,199,251"
15688,"187,241,455"
15689,"49,528,529"
15690,"360,456,482"
15691,"340,438,455"
15692,"528,529,530"
15693,"11,73,528"
15694,"455,529,530"
15695,"340,355,409"
15696,"528,529,530"
15697,"8,69,235"
15698,"49,528,529"
15699,"528,529,530"
15700,"528,529,530"
15701,"528,529,530"
15702,"8,206,249"
15703,"140,223,528"
15704,"340,529,530"
15705,"528,529,530"
15706,"528,529,530"
15707,"16,513,529"
15708,"340,529,530"
15709,"247,313,355"
15710,"301,529,530"
15711,"108,301,529"
15712,"64,323,524"
15713,"528,529,530"
15714,"40,368,529"
15715,"187,241,401"
15716,"40,368,529"
15717,"455,529,530"
15718,"128,170,199"
15719,"528,529,530"
15720,"10,24,220"
15721,"4,182,528"
15722,"528,529,530"
15723,"16,204,301"
15724,"528,529,530"
15725,"420,529,530"
15726,"29,371,455"
15727,"21,194,514"
15728,"528,529,530"
15729,"528,529,530"
15730,"170,366,529"
15731,"108,301,364"
15732,"270,313,314"
15733,"280,355,514"
15734,"340,529,530"
15735,"127,200,340"
15736,"401,529,530"
15737,"425,438,488"
15738,"405,529,530"
15739,"528,529,530"
15740,"49,528,529"
15741,"528,529,530"
15742,"247,366,438"
15743,"223,340,425"
15744,"67,220,528"
15745,"88,106,455"
15746,"10,12,528"
15747,"73,498,529"
15748,"67,128,366"
15749,"100,503,529"
15750,"69,187,241"
15751,"155,194,248"
15752,"528,529,530"
15753,"8,206,438"
15754,"528,529,530"
15755,"4,182,528"
15756,"528,529,530"
15757,"359,529,530"
15758,"40,368,529"
15759,"12,528,529"
15760,"45,80,313"
15761,"67,83,241"
15762,"405,529,530"
15763,"29,128,528"
15764,"100,194,200"
15765,"199,529,530"
15766,"528,529,530"
15767,"194,200,301"
15768,"528,529,530"
15769,"83,296,405"
15770,"528,529,530"
15771,"528,529,530"
15772,"528,529,530"
15773,"528,529,530"
15774,"355,366,409"
15775,"11,271,366"
15776,"8,206,340"
15777,"204,215,315"
15778,"45,73,524"
15779,"528,529,530"
15780,"528,529,530"
15781,"528,529,530"
15782,"313,346,530"
15783,"270,455,530"
15784,"4,182,528"
15785,"528,529,530"
15786,"528,529,530"
15787,"67,528,529"
15788,"200,301,455"
15789,"11,204,364"
15790,"196,528,529"
15791,"528,529,530"
15792,"4,182,301"
15793,"220,323,524"
15794,"8,235,360"
15795,"25,100,220"
15796,"528,529,530"
15797,"108,301,529"
15798,"528,529,530"
15799,"179,340,359"
15800,"220,242,528"
15801,"139,140,528"
15802,"528,529,530"
15803,"247,376,425"
15804,"528,529,530"
15805,"528,529,530"
15806,"92,480,529"
15807,"214,271,482"
15808,"520,529,530"
15809,"366,405,498"
15810,"10,83,241"
15811,"124,243,334"
15812,"528,529,530"
15813,"25,528,529"
15814,"528,529,530"
15815,"182,187,241"
15816,"41,182,199"
15817,"141,528,529"
15818,"528,529,530"
15819,"179,340,359"
15820,"12,528,529"
15821,"528,529,530"
15822,"12,528,529"
15823,"44,45,528"
15824,"199,529,530"
15825,"40,368,529"
15826,"313,529,530"
15827,"179,455,529"
15828,"170,179,528"
15829,"179,340,359"
15830,"311,529,530"
15831,"73,205,528"
15832,"245,528,529"
15833,"67,220,242"
15834,"455,529,530"
15835,"187,241,527"
15836,"84,468,529"
15837,"528,529,530"
15838,"528,529,530"
15839,"528,529,530"
15840,"170,528,529"
15841,"187,241,528"
15842,"337,529,530"
15843,"64,323,524"
15844,"16,69,528"
15845,"10,25,301"
15846,"528,529,530"
15847,"528,529,530"
15848,"64,323,524"
15849,"528,529,530"
15850,"64,323,524"
15851,"528,529,530"
15852,"528,529,530"
15853,"528,529,530"
15854,"376,425,506"
15855,"25,528,529"
15856,"528,529,530"
15857,"311,376,530"
15858,"340,529,530"
15859,"528,529,530"
15860,"376,405,425"
15861,"8,206,444"
15862,"528,529,530"
15863,"518,529,530"
15864,"25,67,220"
15865,"528,529,530"
15866,"205,313,340"
15867,"187,241,364"
15868,"214,216,366"
15869,"12,271,361"
15870,"152,315,340"
15871,"528,529,530"
15872,"297,529,530"
15873,"301,529,530"
15874,"277,366,413"
15875,"528,529,530"
15876,"179,355,456"
15877,"528,529,530"
15878,"92,528,529"
15879,"296,340,530"
15880,"135,528,529"
15881,"528,529,530"
15882,"340,455,530"
15883,"323,529,530"
15884,"405,529,530"
15885,"127,263,528"
15886,"23,26,251"
15887,"187,241,528"
15888,"10,170,323"
15889,"270,271,366"
15890,"194,528,529"
15891,"328,455,530"
15892,"528,529,530"
15893,"182,199,374"
15894,"319,449,497"
15895,"4,182,301"
15896,"455,529,530"
15897,"67,468,529"
15898,"8,256,425"
15899,"25,128,420"
15900,"405,514,530"
15901,"100,256,498"
15902,"213,241,280"
15903,"10,24,25"
15904,"340,529,530"
15905,"199,313,485"
15906,"455,529,530"
15907,"359,529,530"
15908,"182,528,529"
15909,"194,200,340"
15910,"8,206,448"
15911,"67,241,528"
15912,"1,366,529"
15913,"199,529,530"
15914,"340,455,530"
15915,"182,214,372"
15916,"135,528,529"
15917,"40,368,444"
15918,"160,271,280"
15919,"340,529,530"
15920,"8,73,206"
15921,"16,315,455"
15922,"124,243,334"
15923,"25,220,528"
15924,"25,220,242"
15925,"528,529,530"
15926,"40,226,368"
15927,"8,206,528"
15928,"528,529,530"
15929,"160,199,529"
15930,"528,529,530"
15931,"8,128,206"
15932,"419,529,530"
15933,"187,241,247"
15934,"297,405,436"
15935,"196,528,529"
15936,"528,529,530"
15937,"204,528,529"
15938,"220,528,529"
15939,"528,529,530"
15940,"199,405,498"
15941,"528,529,530"
15942,"40,368,529"
15943,"349,418,455"
15944,"199,529,530"
15945,"528,529,530"
15946,"528,529,530"
15947,"43,45,241"
15948,"528,529,530"
15949,"29,187,241"
15950,"179,199,214"
15951,"25,220,221"
15952,"245,313,366"
15953,"25,269,355"
15954,"241,245,455"
15955,"45,187,241"
15956,"194,455,518"
15957,"528,529,530"
15958,"382,529,530"
15959,"528,529,530"
15960,"187,241,340"
15961,"528,529,530"
15962,"340,359,498"
15963,"3,18,200"
15964,"528,529,530"
15965,"452,529,530"
15966,"194,455,529"
15967,"528,529,530"
15968,"8,206,344"
15969,"528,529,530"
15970,"215,374,409"
15971,"340,455,530"
15972,"199,480,530"
15973,"45,528,529"
15974,"220,221,528"
15975,"160,528,529"
15976,"528,529,530"
15977,"220,340,359"
15978,"173,301,529"
15979,"187,241,340"
15980,"44,45,313"
15981,"220,528,529"
15982,"355,409,456"
15983,"12,528,529"
15984,"179,355,456"
15985,"168,330,340"
15986,"25,220,242"
15987,"187,241,528"
15988,"340,430,530"
15989,"323,430,524"
15990,"182,528,529"
15991,"196,220,498"
15992,"128,182,419"
15993,"73,455,529"
15994,"45,528,529"
15995,"366,529,530"
15996,"11,69,455"
15997,"179,455,529"
15998,"108,204,301"
15999,"528,529,530"
16000,"315,529,530"
16001,"128,196,366"
16002,"64,323,524"
16003,"340,529,530"
16004,"44,67,528"
16005,"528,529,530"
16006,"528,529,530"
16007,"214,419,488"
16008,"128,170,455"
16009,"100,194,200"
16010,"213,223,271"
16011,"528,529,530"
16012,"296,452,530"
16013,"528,529,530"
16014,"301,455,459"
16015,"11,165,168"
16016,"179,340,455"
16017,"44,242,528"
16018,"83,194,200"
16019,"376,425,530"
16020,"220,528,529"
16021,"73,359,405"
16022,"301,340,530"
16023,"310,529,530"
16024,"528,529,530"
16025,"45,455,498"
16026,"220,242,528"
16027,"419,420,444"
16028,"528,529,530"
16029,"168,194,200"
16030,"430,529,530"
16031,"243,334,374"
16032,"10,323,529"
16033,"173,187,241"
16034,"271,280,355"
16035,"10,24,25"
16036,"480,529,530"
16037,"528,529,530"
16038,"45,214,524"
16039,"528,529,530"
16040,"280,529,530"
16041,"128,129,315"
16042,"455,529,530"
16043,"8,206,528"
16044,"16,528,529"
16045,"300,436,530"
16046,"187,200,241"
16047,"220,313,366"
16048,"301,529,530"
16049,"92,528,529"
16050,"67,313,366"
16051,"528,529,530"
16052,"340,529,530"
16053,"40,368,529"
16054,"49,528,529"
16055,"16,204,518"
16056,"199,343,436"
16057,"196,405,455"
16058,"455,529,530"
16059,"8,206,398"
16060,"220,454,498"
16061,"528,529,530"
16062,"179,340,455"
16063,"528,529,530"
16064,"108,301,529"
16065,"179,313,529"
16066,"100,194,200"
16067,"409,455,498"
16068,"528,529,530"
16069,"67,128,182"
16070,"179,280,469"
16071,"340,405,530"
16072,"528,529,530"
16073,"170,528,529"
16074,"107,340,452"
16075,"528,529,530"
16076,"160,187,241"
16077,"67,135,528"
16078,"372,456,482"
16079,"187,528,529"
16080,"269,355,376"
16081,"528,529,530"
16082,"23,26,251"
16083,"100,194,200"
16084,"528,529,530"
16085,"194,200,245"
16086,"3,100,200"
16087,"528,529,530"
16088,"40,187,241"
16089,"64,323,524"
16090,"64,323,524"
16091,"323,419,530"
16092,"108,216,301"
16093,"10,24,454"
16094,"29,528,529"
16095,"301,340,518"
16096,"8,206,528"
16097,"528,529,530"
16098,"29,405,529"
16099,"4,301,340"
16100,"376,397,409"
16101,"528,529,530"
16102,"8,235,528"
16103,"528,529,530"
16104,"528,529,530"
16105,"179,528,529"
16106,"29,436,452"
16107,"216,497,529"
16108,"220,221,528"
16109,"528,529,530"
16110,"528,529,530"
16111,"364,529,530"
16112,"397,409,456"
16113,"45,506,529"
16114,"296,455,530"
16115,"8,206,214"
16116,"220,405,498"
16117,"64,323,524"
16118,"11,187,241"
16119,"374,529,530"
16120,"528,529,530"
16121,"528,529,530"
16122,"83,278,405"
16123,"301,529,530"
16124,"271,366,530"
16125,"528,529,530"
16126,"271,355,360"
16127,"528,529,530"
16128,"528,529,530"
16129,"528,529,530"
16130,"25,67,528"
16131,"59,95,524"
16132,"497,529,530"
16133,"528,529,530"
16134,"269,355,409"
16135,"187,215,241"
16136,"179,498,529"
16137,"25,220,528"
16138,"172,200,340"
16139,"11,69,455"
16140,"116,528,529"
16141,"49,374,529"
16142,"23,26,251"
16143,"359,529,530"
16144,"360,409,498"
16145,"528,529,530"
16146,"242,528,529"
16147,"528,529,530"
16148,"528,529,530"
16149,"25,455,529"
16150,"1,187,241"
16151,"340,529,530"
16152,"528,529,530"
16153,"170,251,528"
16154,"89,528,529"
16155,"4,182,528"
16156,"528,529,530"
16157,"528,529,530"
16158,"10,73,528"
16159,"301,529,530"
16160,"100,343,503"
16161,"10,220,221"
16162,"301,459,530"
16163,"528,529,530"
16164,"301,529,530"
16165,"8,206,340"
16166,"241,444,455"
16167,"528,529,530"
16168,"204,340,459"
16169,"64,323,524"
16170,"67,313,366"
16171,"355,455,456"
16172,"528,529,530"
16173,"357,360,455"
16174,"182,200,340"
16175,"199,273,530"
16176,"271,361,372"
16177,"520,529,530"
16178,"179,528,529"
16179,"8,269,355"
16180,"528,529,530"
16181,"187,241,263"
16182,"100,194,200"
16183,"199,455,530"
16184,"528,529,530"
16185,"455,529,530"
16186,"108,301,529"
16187,"199,241,455"
16188,"45,528,529"
16189,"194,200,301"
16190,"359,529,530"
16191,"528,529,530"
16192,"10,128,221"
16193,"220,528,529"
16194,"2,204,449"
16195,"51,194,200"
16196,"179,528,529"
16197,"179,301,455"
16198,"528,529,530"
16199,"528,529,530"
16200,"528,529,530"
16201,"64,323,524"
16202,"199,529,530"
16203,"528,529,530"
16204,"528,529,530"
16205,"360,455,498"
16206,"528,529,530"
16207,"301,364,459"
16208,"528,529,530"
16209,"330,529,530"
16210,"528,529,530"
16211,"528,529,530"
16212,"19,528,529"
16213,"128,179,436"
16214,"199,529,530"
16215,"528,529,530"
16216,"452,529,530"
16217,"528,529,530"
16218,"528,529,530"
16219,"270,529,530"
16220,"8,216,235"
16221,"301,529,530"
16222,"45,67,417"
16223,"301,529,530"
16224,"182,323,524"
16225,"425,529,530"
16226,"215,494,529"
16227,"8,206,528"
16228,"436,529,530"
16229,"528,529,530"
16230,"83,278,340"
16231,"405,518,530"
16232,"187,241,528"
16233,"12,23,251"
16234,"11,205,528"
16235,"528,529,530"
16236,"323,529,530"
16237,"64,323,524"
16238,"528,529,530"
16239,"528,529,530"
16240,"170,323,382"
16241,"100,340,503"
16242,"10,170,323"
16243,"179,528,529"
16244,"10,323,529"
16245,"267,529,530"
16246,"313,529,530"
16247,"296,529,530"
16248,"199,529,530"
16249,"166,221,317"
16250,"220,242,528"
16251,"280,405,455"
16252,"204,215,315"
16253,"528,529,530"
16254,"528,529,530"
16255,"49,199,529"
16256,"51,108,301"
16257,"220,242,528"
16258,"528,529,530"
16259,"528,529,530"
16260,"2,528,529"
16261,"528,529,530"
16262,"256,512,529"
16263,"528,529,530"
16264,"528,529,530"
16265,"8,448,455"
16266,"223,528,529"
16267,"528,529,530"
16268,"528,529,530"
16269,"170,444,515"
16270,"528,529,530"
16271,"528,529,530"
16272,"528,529,530"
16273,"187,241,528"
16274,"528,529,530"
16275,"128,179,223"
16276,"199,529,530"
16277,"528,529,530"
16278,"376,449,455"
16279,"315,529,530"
16280,"44,402,529"
16281,"301,340,530"
16282,"528,529,530"
16283,"357,360,455"
16284,"67,135,528"
16285,"127,528,529"
16286,"36,128,160"
16287,"315,529,530"
16288,"182,528,529"
16289,"528,529,530"
16290,"528,529,530"
16291,"444,529,530"
16292,"528,529,530"
16293,"528,529,530"
16294,"444,529,530"
16295,"528,529,530"
16296,"25,425,529"
16297,"313,346,409"
16298,"172,444,455"
16299,"40,368,529"
16300,"528,529,530"
16301,"301,529,530"
16302,"528,529,530"
16303,"220,340,498"
16304,"8,235,528"
16305,"414,430,455"
16306,"8,206,374"
16307,"187,241,528"
16308,"528,529,530"
16309,"100,194,200"
16310,"340,529,530"
16311,"69,73,405"
16312,"100,194,200"
16313,"405,529,530"
16314,"340,529,530"
16315,"64,323,524"
16316,"100,194,200"
16317,"11,45,67"
16318,"528,529,530"
16319,"64,323,524"
16320,"69,418,524"
16321,"8,206,313"
16322,"528,529,530"
16323,"213,271,280"
16324,"100,194,200"
16325,"51,430,529"
16326,"528,529,530"
16327,"528,529,530"
16328,"528,529,530"
16329,"528,529,530"
16330,"247,355,456"
16331,"528,529,530"
16332,"35,315,334"
16333,"313,529,530"
16334,"29,140,459"
16335,"528,529,530"
16336,"419,529,530"
16337,"216,313,497"
16338,"280,313,346"
16339,"528,529,530"
16340,"301,529,530"
16341,"25,128,528"
16342,"2,480,513"
16343,"405,455,498"
16344,"528,529,530"
16345,"528,529,530"
16346,"128,528,529"
16347,"182,405,529"
16348,"131,247,528"
16349,"528,529,530"
16350,"179,340,497"
16351,"366,529,530"
16352,"108,204,301"
16353,"187,241,528"
16354,"247,455,529"
16355,"528,529,530"
16356,"25,220,528"
16357,"69,179,405"
16358,"40,368,529"
16359,"187,241,528"
16360,"528,529,530"
16361,"187,241,528"
16362,"182,215,494"
16363,"340,455,530"
16364,"25,220,425"
16365,"187,220,241"
16366,"4,45,182"
16367,"1,2,366"
16368,"528,529,530"
16369,"49,528,529"
16370,"35,302,334"
16371,"100,194,200"
16372,"199,529,530"
16373,"213,280,425"
16374,"170,528,529"
16375,"313,518,530"
16376,"401,529,530"
16377,"124,243,334"
16378,"182,528,529"
16379,"2,128,179"
16380,"29,194,200"
16381,"179,455,529"
16382,"518,529,530"
16383,"194,207,301"
16384,"213,313,397"
16385,"528,529,530"
16386,"1,271,355"
16387,"8,206,455"
16388,"528,529,530"
16389,"223,311,529"
16390,"64,323,524"
16391,"64,323,524"
16392,"528,529,530"
16393,"152,302,315"
16394,"455,529,530"
16395,"83,135,241"
16396,"340,529,530"
16397,"313,448,530"
16398,"49,498,529"
16399,"409,425,488"
16400,"528,529,530"
16401,"528,529,530"
16402,"455,468,530"
16403,"135,182,528"
16404,"187,359,529"
16405,"528,529,530"
16406,"528,529,530"
16407,"528,529,530"
16408,"8,206,376"
16409,"405,417,530"
16410,"8,206,249"
16411,"528,529,530"
16412,"220,221,425"
16413,"29,528,529"
16414,"528,529,530"
16415,"220,249,355"
16416,"528,529,530"
16417,"194,200,334"
16418,"16,430,529"
16419,"8,206,448"
16420,"528,529,530"
16421,"11,128,204"
16422,"187,241,455"
16423,"528,529,530"
16424,"296,405,530"
16425,"220,221,528"
16426,"313,366,480"
16427,"528,529,530"
16428,"200,397,458"
16429,"8,405,455"
16430,"4,182,528"
16431,"45,528,529"
16432,"528,529,530"
16433,"10,83,528"
16434,"160,315,334"
16435,"3,5,200"
16436,"497,529,530"
16437,"83,528,529"
16438,"100,194,200"
16439,"25,67,128"
16440,"160,247,459"
16441,"49,182,328"
16442,"528,529,530"
16443,"313,355,456"
16444,"200,278,301"
16445,"83,528,529"
16446,"4,108,124"
16447,"528,529,530"
16448,"11,528,529"
16449,"84,468,529"
16450,"12,528,529"
16451,"405,529,530"
16452,"528,529,530"
16453,"215,315,334"
16454,"241,405,406"
16455,"73,340,405"
16456,"313,340,485"
16457,"374,529,530"
16458,"528,529,530"
16459,"528,529,530"
16460,"528,529,530"
16461,"108,301,436"
16462,"528,529,530"
16463,"10,73,313"
16464,"528,529,530"
16465,"340,529,530"
16466,"498,529,530"
16467,"528,529,530"
16468,"216,370,425"
16469,"83,528,529"
16470,"382,529,530"
16471,"528,529,530"
16472,"528,529,530"
16473,"69,528,529"
16474,"4,182,528"
16475,"419,529,530"
16476,"2,128,476"
16477,"94,528,529"
16478,"417,529,530"
16479,"179,199,405"
16480,"528,529,530"
16481,"160,215,494"
16482,"12,528,529"
16483,"315,529,530"
16484,"187,241,480"
16485,"16,528,529"
16486,"187,241,382"
16487,"170,405,529"
16488,"124,243,334"
16489,"405,452,530"
16490,"8,206,313"
16491,"528,529,530"
16492,"108,124,455"
16493,"199,529,530"
16494,"199,529,530"
16495,"528,529,530"
16496,"173,455,529"
16497,"480,529,530"
16498,"69,160,179"
16499,"528,529,530"
16500,"355,397,424"
16501,"528,529,530"
16502,"45,528,529"
16503,"67,243,334"
16504,"452,529,530"
16505,"160,459,529"
16506,"528,529,530"
16507,"297,529,530"
16508,"438,456,465"
16509,"528,529,530"
16510,"29,179,405"
16511,"405,436,530"
16512,"220,242,528"
16513,"25,199,259"
16514,"139,187,241"
16515,"528,529,530"
16516,"245,328,455"
16517,"528,529,530"
16518,"528,529,530"
16519,"528,529,530"
16520,"187,241,528"
16521,"139,296,529"
16522,"528,529,530"
16523,"528,529,530"
16524,"199,529,530"
16525,"11,205,241"
16526,"16,204,340"
16527,"2,223,513"
16528,"2,216,513"
16529,"45,528,529"
16530,"528,529,530"
16531,"476,497,513"
16532,"100,194,200"
16533,"313,366,397"
16534,"25,455,529"
16535,"179,355,409"
16536,"45,200,364"
16537,"35,334,340"
16538,"69,364,529"
16539,"528,529,530"
16540,"528,529,530"
16541,"528,529,530"
16542,"187,241,528"
16543,"425,455,456"
16544,"528,529,530"
16545,"128,129,528"
16546,"323,419,455"
16547,"528,529,530"
16548,"444,529,530"
16549,"355,529,530"
16550,"128,179,313"
16551,"374,529,530"
16552,"528,529,530"
16553,"214,455,482"
16554,"187,241,315"
16555,"215,241,494"
16556,"340,409,455"
16557,"11,69,528"
16558,"528,529,530"
16559,"79,83,200"
16560,"40,368,529"
16561,"49,528,529"
16562,"313,529,530"
16563,"418,529,530"
16564,"528,529,530"
16565,"528,529,530"
16566,"270,529,530"
16567,"223,444,529"
16568,"528,529,530"
16569,"179,458,516"
16570,"25,220,340"
16571,"10,24,454"
16572,"528,529,530"
16573,"452,529,530"
16574,"223,455,498"
16575,"25,528,529"
16576,"100,187,241"
16577,"170,179,459"
16578,"73,528,529"
16579,"170,528,529"
16580,"220,528,529"
16581,"301,444,514"
16582,"271,352,425"
16583,"417,529,530"
16584,"528,529,530"
16585,"382,405,459"
16586,"528,529,530"
16587,"67,528,529"
16588,"528,529,530"
16589,"409,455,530"
16590,"277,413,497"
16591,"528,529,530"
16592,"528,529,530"
16593,"99,528,529"
16594,"199,529,530"
16595,"194,199,200"
16596,"214,340,359"
16597,"498,529,530"
16598,"182,528,529"
16599,"205,528,529"
16600,"45,187,241"
16601,"528,529,530"
16602,"45,128,455"
16603,"47,67,528"
16604,"301,340,530"
16605,"194,528,529"
16606,"226,528,529"
16607,"436,529,530"
16608,"528,529,530"
16609,"528,529,530"
16610,"343,436,530"
16611,"88,106,355"
16612,"528,529,530"
16613,"220,405,529"
16614,"340,529,530"
16615,"67,528,529"
16616,"528,529,530"
16617,"528,529,530"
16618,"405,498,514"
16619,"280,425,480"
16620,"187,241,528"
16621,"216,374,455"
16622,"107,452,529"
16623,"49,340,364"
16624,"418,529,530"
16625,"128,129,528"
16626,"215,315,405"
16627,"340,529,530"
16628,"220,242,528"
16629,"323,340,419"
16630,"83,172,402"
16631,"80,528,529"
16632,"8,206,444"
16633,"528,529,530"
16634,"182,528,529"
16635,"315,529,530"
16636,"528,529,530"
16637,"405,514,530"
16638,"45,315,382"
16639,"528,529,530"
16640,"315,340,455"
16641,"340,405,455"
16642,"215,247,315"
16643,"340,529,530"
16644,"25,220,498"
16645,"160,374,529"
16646,"269,355,444"
16647,"45,528,529"
16648,"23,26,251"
16649,"187,241,528"
16650,"152,302,315"
16651,"528,529,530"
16652,"213,425,482"
16653,"1,92,444"
16654,"160,273,455"
16655,"67,528,529"
16656,"528,529,530"
16657,"160,528,529"
16658,"8,206,349"
16659,"51,528,529"
16660,"455,529,530"
16661,"2,425,458"
16662,"40,368,529"
16663,"271,366,458"
16664,"170,313,498"
16665,"528,529,530"
16666,"215,315,529"
16667,"92,129,528"
16668,"301,459,530"
16669,"83,200,340"
16670,"8,206,220"
16671,"40,368,529"
16672,"8,206,251"
16673,"11,455,529"
16674,"528,529,530"
16675,"80,448,529"
16676,"357,360,455"
16677,"528,529,530"
16678,"528,529,530"
16679,"313,346,397"
16680,"528,529,530"
16681,"528,529,530"
16682,"108,301,459"
16683,"254,280,380"
16684,"187,216,241"
16685,"234,382,419"
16686,"497,529,530"
16687,"528,529,530"
16688,"196,514,529"
16689,"278,483,530"
16690,"128,313,518"
16691,"64,323,524"
16692,"88,106,528"
16693,"528,529,530"
16694,"213,280,529"
16695,"528,529,530"
16696,"73,135,528"
16697,"25,405,529"
16698,"528,529,530"
16699,"128,129,513"
16700,"128,129,528"
16701,"108,204,301"
16702,"425,529,530"
16703,"528,529,530"
16704,"10,24,220"
16705,"528,529,530"
16706,"160,374,529"
16707,"280,301,343"
16708,"92,128,129"
16709,"64,323,524"
16710,"528,529,530"
16711,"128,313,346"
16712,"108,334,406"
16713,"170,187,241"
16714,"49,528,529"
16715,"323,419,530"
16716,"45,67,498"
16717,"528,529,530"
16718,"277,376,413"
16719,"323,414,419"
16720,"11,69,528"
16721,"128,129,456"
16722,"170,359,405"
16723,"315,529,530"
16724,"8,216,235"
16725,"29,170,436"
16726,"88,106,528"
16727,"273,337,530"
16728,"405,455,530"
16729,"313,346,530"
16730,"528,529,530"
16731,"160,528,529"
16732,"528,529,530"
16733,"73,528,529"
16734,"313,346,455"
16735,"207,528,529"
16736,"128,131,296"
16737,"113,528,529"
16738,"528,529,530"
16739,"196,199,405"
16740,"405,409,498"
16741,"528,529,530"
16742,"8,206,528"
16743,"45,271,355"
16744,"340,529,530"
16745,"528,529,530"
16746,"528,529,530"
16747,"29,528,529"
16748,"8,220,235"
16749,"83,405,529"
16750,"528,529,530"
16751,"455,529,530"
16752,"25,340,529"
16753,"247,313,514"
16754,"23,26,251"
16755,"4,330,485"
16756,"528,529,530"
16757,"199,529,530"
16758,"528,529,530"
16759,"301,430,530"
16760,"459,529,530"
16761,"80,488,529"
16762,"528,529,530"
16763,"528,529,530"
16764,"528,529,530"
16765,"128,129,247"
16766,"4,182,528"
16767,"12,199,529"
16768,"528,529,530"
16769,"220,528,529"
16770,"45,364,529"
16771,"80,170,245"
16772,"187,241,528"
16773,"199,529,530"
16774,"528,529,530"
16775,"216,223,314"
16776,"10,323,419"
16777,"528,529,530"
16778,"196,436,529"
16779,"528,529,530"
16780,"340,529,530"
16781,"528,529,530"
16782,"44,45,73"
16783,"56,528,529"
16784,"528,529,530"
16785,"528,529,530"
16786,"73,179,405"
16787,"194,200,278"
16788,"194,200,255"
16789,"170,196,405"
16790,"340,374,530"
16791,"528,529,530"
16792,"444,529,530"
16793,"220,528,529"
16794,"45,67,69"
16795,"340,529,530"
16796,"528,529,530"
16797,"223,528,529"
16798,"484,498,530"
16799,"270,313,346"
16800,"8,128,206"
16801,"220,221,455"
16802,"528,529,530"
16803,"301,529,530"
16804,"528,529,530"
16805,"301,334,401"
16806,"528,529,530"
16807,"528,529,530"
16808,"528,529,530"
16809,"528,529,530"
16810,"40,368,529"
16811,"528,529,530"
16812,"528,529,530"
16813,"528,529,530"
16814,"29,313,529"
16815,"528,529,530"
16816,"213,280,482"
16817,"528,529,530"
16818,"528,529,530"
16819,"122,528,529"
16820,"528,529,530"
16821,"215,494,529"
16822,"127,170,263"
16823,"100,194,200"
16824,"528,529,530"
16825,"419,430,530"
16826,"45,468,529"
16827,"436,455,530"
16828,"528,529,530"
16829,"528,529,530"
16830,"301,529,530"
16831,"269,355,530"
16832,"106,405,422"
16833,"528,529,530"
16834,"405,498,514"
16835,"405,455,513"
16836,"528,529,530"
16837,"301,340,455"
16838,"528,529,530"
16839,"528,529,530"
16840,"100,194,200"
16841,"1,187,241"
16842,"528,529,530"
16843,"528,529,530"
16844,"528,529,530"
16845,"301,529,530"
16846,"79,528,529"
16847,"92,528,529"
16848,"40,368,529"
16849,"8,206,528"
16850,"340,357,398"
16851,"170,528,529"
16852,"213,271,482"
16853,"25,430,529"
16854,"528,529,530"
16855,"301,529,530"
16856,"301,459,530"
16857,"315,323,530"
16858,"121,181,528"
16859,"69,528,529"
16860,"40,368,529"
16861,"40,368,529"
16862,"366,397,468"
16863,"528,529,530"
16864,"313,340,359"
16865,"528,529,530"
16866,"69,528,529"
16867,"528,529,530"
16868,"8,206,405"
16869,"64,323,524"
16870,"340,529,530"
16871,"528,529,530"
16872,"124,243,334"
16873,"187,204,455"
16874,"12,280,529"
16875,"25,67,455"
16876,"100,194,200"
16877,"80,455,529"
16878,"498,529,530"
16879,"194,200,455"
16880,"528,529,530"
16881,"10,11,455"
16882,"528,529,530"
16883,"376,529,530"
16884,"528,529,530"
16885,"2,212,497"
16886,"140,528,529"
16887,"528,529,530"
16888,"51,401,529"
16889,"270,280,482"
16890,"80,182,528"
16891,"528,529,530"
16892,"29,170,405"
16893,"179,340,359"
16894,"315,340,530"
16895,"340,409,514"
16896,"182,270,340"
16897,"528,529,530"
16898,"220,221,528"
16899,"528,529,530"
16900,"170,182,200"
16901,"528,529,530"
16902,"528,529,530"
16903,"8,235,498"
16904,"179,200,497"
16905,"4,182,528"
16906,"4,182,528"
16907,"220,221,528"
16908,"4,182,528"
16909,"114,182,313"
16910,"528,529,530"
16911,"64,323,524"
16912,"313,529,530"
16913,"310,418,530"
16914,"4,364,455"
16915,"214,216,372"
16916,"179,187,405"
16917,"2,44,205"
16918,"528,529,530"
16919,"528,529,530"
16920,"67,220,528"
16921,"528,529,530"
16922,"127,187,263"
16923,"528,529,530"
16924,"11,69,455"
16925,"29,355,456"
16926,"425,455,498"
16927,"29,455,529"
16928,"64,323,524"
16929,"170,313,529"
16930,"455,529,530"
16931,"25,498,529"
16932,"216,271,405"
16933,"187,241,528"
16934,"170,182,528"
16935,"528,529,530"
16936,"170,528,529"
16937,"135,528,529"
16938,"204,215,315"
16939,"528,529,530"
16940,"25,528,529"
16941,"80,128,129"
16942,"10,24,455"
16943,"26,528,529"
16944,"528,529,530"
16945,"25,140,220"
16946,"128,528,529"
16947,"187,241,528"
16948,"4,182,528"
16949,"128,129,315"
16950,"199,405,430"
16951,"245,371,529"
16952,"98,528,529"
16953,"328,529,530"
16954,"528,529,530"
16955,"8,343,497"
16956,"376,409,482"
16957,"3,18,200"
16958,"29,450,529"
16959,"10,220,247"
16960,"29,340,529"
16961,"73,168,419"
16962,"528,529,530"
16963,"301,459,518"
16964,"528,529,530"
16965,"528,529,530"
16966,"528,529,530"
16967,"128,179,328"
16968,"182,196,199"
16969,"528,529,530"
16970,"10,205,221"
16971,"108,124,200"
16972,"528,529,530"
16973,"280,405,530"
16974,"49,528,529"
16975,"29,179,405"
16976,"69,204,340"
16977,"220,242,528"
16978,"182,528,529"
16979,"49,419,455"
16980,"108,301,340"
16981,"291,313,444"
16982,"528,529,530"
16983,"528,529,530"
16984,"528,529,530"
16985,"436,529,530"
16986,"128,129,196"
16987,"455,529,530"
16988,"315,529,530"
16989,"128,247,455"
16990,"397,444,456"
16991,"108,301,455"
16992,"528,529,530"
16993,"220,498,529"
16994,"528,529,530"
16995,"528,529,530"
16996,"25,128,528"
16997,"16,269,355"
16998,"10,24,220"
16999,"196,301,328"
17000,"213,214,482"
17001,"528,529,530"
17002,"528,529,530"
17003,"281,340,455"
17004,"108,124,528"
17005,"204,215,334"
17006,"182,528,529"
17007,"194,200,340"
17008,"254,310,529"
17009,"25,220,242"
17010,"528,529,530"
17011,"405,529,530"
17012,"4,182,315"
17013,"10,80,405"
17014,"113,528,529"
17015,"160,444,529"
17016,"528,529,530"
17017,"170,528,529"
17018,"67,73,323"
17019,"528,529,530"
17020,"528,529,530"
17021,"45,73,402"
17022,"194,199,200"
17023,"26,67,251"
17024,"528,529,530"
17025,"528,529,530"
17026,"528,529,530"
17027,"528,529,530"
17028,"315,364,455"
17029,"528,529,530"
17030,"199,452,530"
17031,"128,528,529"
17032,"45,528,529"
17033,"528,529,530"
17034,"10,23,251"
17035,"80,448,529"
17036,"187,241,340"
17037,"528,529,530"
17038,"4,182,364"
17039,"25,528,529"
17040,"10,528,529"
17041,"528,529,530"
17042,"100,194,200"
17043,"528,529,530"
17044,"1,354,366"
17045,"528,529,530"
17046,"204,215,315"
17047,"528,529,530"
17048,"340,409,514"
17049,"83,278,529"
17050,"135,528,529"
17051,"128,484,488"
17052,"528,529,530"
17053,"10,44,528"
17054,"528,529,530"
17055,"241,406,494"
17056,"8,67,448"
17057,"528,529,530"
17058,"29,199,529"
17059,"172,409,444"
17060,"166,221,419"
17061,"323,529,530"
17062,"2,212,497"
17063,"271,355,530"
17064,"214,313,346"
17065,"241,271,355"
17066,"16,108,124"
17067,"40,368,529"
17068,"207,301,459"
17069,"29,187,241"
17070,"271,366,515"
17071,"247,528,529"
17072,"170,528,529"
17073,"25,128,405"
17074,"528,529,530"
17075,"51,340,529"
17076,"528,529,530"
17077,"11,269,355"
17078,"364,529,530"
17079,"528,529,530"
17080,"73,187,199"
17081,"528,529,530"
17082,"417,529,530"
17083,"92,301,455"
17084,"241,406,494"
17085,"182,315,506"
17086,"64,323,524"
17087,"528,529,530"
17088,"409,529,530"
17089,"405,529,530"
17090,"83,405,529"
17091,"8,9,45"
17092,"173,343,529"
17093,"528,529,530"
17094,"296,498,530"
17095,"528,529,530"
17096,"128,129,528"
17097,"127,263,528"
17098,"25,220,242"
17099,"187,444,529"
17100,"200,340,480"
17101,"528,529,530"
17102,"172,179,455"
17103,"2,179,455"
17104,"364,529,530"
17105,"25,153,248"
17106,"393,529,530"
17107,"8,355,409"
17108,"67,528,529"
17109,"40,368,529"
17110,"313,340,488"
17111,"528,529,530"
17112,"182,528,529"
17113,"108,301,529"
17114,"310,340,530"
17115,"343,430,530"
17116,"10,528,529"
17117,"528,529,530"
17118,"235,340,529"
17119,"271,280,455"
17120,"26,67,84"
17121,"44,45,80"
17122,"160,302,455"
17123,"160,315,340"
17124,"220,528,529"
17125,"16,528,529"
17126,"199,311,455"
17127,"220,278,483"
17128,"528,529,530"
17129,"179,528,529"
17130,"528,529,530"
17131,"528,529,530"
17132,"25,39,528"
17133,"528,529,530"
17134,"528,529,530"
17135,"280,425,498"
17136,"269,355,456"
17137,"11,455,529"
17138,"528,529,530"
17139,"194,200,340"
17140,"528,529,530"
17141,"4,182,207"
17142,"29,528,529"
17143,"528,529,530"
17144,"40,368,529"
17145,"528,529,530"
17146,"3,18,200"
17147,"212,497,529"
17148,"69,528,529"
17149,"528,529,530"
17150,"25,528,529"
17151,"528,529,530"
17152,"16,173,455"
17153,"213,313,340"
17154,"528,529,530"
17155,"10,11,221"
17156,"45,160,528"
17157,"170,528,529"
17158,"214,216,277"
17159,"528,529,530"
17160,"357,398,529"
17161,"45,455,529"
17162,"405,438,456"
17163,"528,529,530"
17164,"44,80,448"
17165,"528,529,530"
17166,"73,108,444"
17167,"528,529,530"
17168,"405,529,530"
17169,"1,528,529"
17170,"4,182,376"
17171,"528,529,530"
17172,"49,419,448"
17173,"25,528,529"
17174,"100,220,506"
17175,"128,179,405"
17176,"10,25,330"
17177,"100,194,200"
17178,"199,323,530"
17179,"80,135,340"
17180,"152,302,315"
17181,"220,221,528"
17182,"73,528,529"
17183,"135,196,199"
17184,"528,529,530"
17185,"528,529,530"
17186,"187,528,529"
17187,"359,498,530"
17188,"528,529,530"
17189,"128,337,355"
17190,"12,528,529"
17191,"330,529,530"
17192,"8,216,235"
17193,"528,529,530"
17194,"25,220,221"
17195,"528,529,530"
17196,"528,529,530"
17197,"528,529,530"
17198,"127,187,241"
17199,"8,206,528"
17200,"45,528,529"
17201,"405,529,530"
17202,"187,528,529"
17203,"67,220,528"
17204,"8,206,409"
17205,"528,529,530"
17206,"247,355,397"
17207,"170,528,529"
17208,"108,301,529"
17209,"135,139,528"
17210,"311,401,530"
17211,"67,196,301"
17212,"182,528,529"
17213,"10,24,220"
17214,"45,313,420"
17215,"528,529,530"
17216,"455,529,530"
17217,"8,206,376"
17218,"528,529,530"
17219,"528,529,530"
17220,"25,170,240"
17221,"21,124,194"
17222,"11,69,406"
17223,"187,241,480"
17224,"182,528,529"
17225,"29,528,529"
17226,"313,529,530"
17227,"187,241,528"
17228,"528,529,530"
17229,"127,263,528"
17230,"528,529,530"
17231,"88,106,528"
17232,"45,405,425"
17233,"528,529,530"
17234,"160,215,334"
17235,"528,529,530"
17236,"3,200,340"
17237,"23,26,251"
17238,"455,529,530"
17239,"64,323,524"
17240,"3,5,200"
17241,"528,529,530"
17242,"160,343,436"
17243,"340,529,530"
17244,"4,182,528"
17245,"10,24,220"
17246,"108,204,301"
17247,"8,49,206"
17248,"528,529,530"
17249,"11,207,483"
17250,"220,430,529"
17251,"528,529,530"
17252,"29,528,529"
17253,"8,67,340"
17254,"194,355,488"
17255,"247,528,529"
17256,"139,155,312"
17257,"528,529,530"
17258,"113,170,199"
17259,"528,529,530"
17260,"12,140,506"
17261,"340,529,530"
17262,"45,528,529"
17263,"182,215,494"
17264,"67,99,528"
17265,"23,26,251"
17266,"528,529,530"
17267,"528,529,530"
17268,"179,216,405"
17269,"528,529,530"
17270,"528,529,530"
17271,"67,247,528"
17272,"199,529,530"
17273,"108,301,340"
17274,"4,182,528"
17275,"513,529,530"
17276,"216,254,528"
17277,"355,405,456"
17278,"128,179,528"
17279,"170,334,406"
17280,"340,430,530"
17281,"528,529,530"
17282,"455,456,482"
17283,"194,196,200"
17284,"271,363,498"
17285,"216,254,405"
17286,"8,206,249"
17287,"44,73,313"
17288,"340,529,530"
17289,"124,243,334"
17290,"160,528,529"
17291,"301,529,530"
17292,"200,278,405"
17293,"10,24,220"
17294,"67,182,301"
17295,"528,529,530"
17296,"220,221,425"
17297,"170,196,528"
17298,"182,355,480"
17299,"343,455,530"
17300,"165,528,529"
17301,"528,529,530"
17302,"179,200,223"
17303,"528,529,530"
17304,"29,179,280"
17305,"528,529,530"
17306,"528,529,530"
17307,"64,323,524"
17308,"41,405,455"
17309,"199,529,530"
17310,"69,528,529"
17311,"528,529,530"
17312,"25,220,221"
17313,"528,529,530"
17314,"528,529,530"
17315,"528,529,530"
17316,"528,529,530"
17317,"99,528,529"
17318,"10,24,454"
17319,"528,529,530"
17320,"376,425,530"
17321,"340,359,360"
17322,"187,241,455"
17323,"528,529,530"
17324,"528,529,530"
17325,"10,24,454"
17326,"56,455,529"
17327,"3,200,455"
17328,"160,315,529"
17329,"340,529,530"
17330,"62,364,529"
17331,"528,529,530"
17332,"3,18,200"
17333,"444,529,530"
17334,"39,455,529"
17335,"528,529,530"
17336,"528,529,530"
17337,"528,529,530"
17338,"314,425,530"
17339,"220,376,397"
17340,"100,194,200"
17341,"528,529,530"
17342,"44,67,360"
17343,"528,529,530"
17344,"69,170,199"
17345,"49,528,529"
17346,"40,182,368"
17347,"103,455,529"
17348,"245,376,455"
17349,"45,528,529"
17350,"8,67,160"
17351,"528,529,530"
17352,"135,374,529"
17353,"528,529,530"
17354,"8,206,340"
17355,"355,409,456"
17356,"204,215,334"
17357,"323,419,530"
17358,"204,215,315"
17359,"401,529,530"
17360,"528,529,530"
17361,"49,528,529"
17362,"364,529,530"
17363,"216,397,458"
17364,"223,417,529"
17365,"528,529,530"
17366,"67,405,529"
17367,"340,343,530"
17368,"528,529,530"
17369,"468,529,530"
17370,"170,528,529"
17371,"220,242,405"
17372,"528,529,530"
17373,"528,529,530"
17374,"88,106,528"
17375,"220,221,528"
17376,"360,455,498"
17377,"436,529,530"
17378,"2,179,513"
17379,"40,368,529"
17380,"380,497,530"
17381,"528,529,530"
17382,"199,213,280"
17383,"528,529,530"
17384,"49,528,529"
17385,"323,419,455"
17386,"49,199,223"
17387,"25,220,528"
17388,"455,529,530"
17389,"528,529,530"
17390,"194,419,529"
17391,"215,273,315"
17392,"83,135,528"
17393,"25,220,376"
17394,"25,67,220"
17395,"199,444,530"
17396,"340,529,530"
17397,"401,529,530"
17398,"11,69,528"
17399,"40,368,529"
17400,"182,444,529"
17401,"182,296,529"
17402,"528,529,530"
17403,"88,106,528"
17404,"528,529,530"
17405,"247,355,514"
17406,"187,241,528"
17407,"528,529,530"
17408,"100,194,200"
17409,"39,170,436"
17410,"405,529,530"
17411,"528,529,530"
17412,"25,220,221"
17413,"528,529,530"
17414,"355,455,530"
17415,"139,528,529"
17416,"8,206,349"
17417,"8,206,235"
17418,"25,328,405"
17419,"528,529,530"
17420,"160,334,374"
17421,"528,529,530"
17422,"340,529,530"
17423,"528,529,530"
17424,"83,196,315"
17425,"67,355,456"
17426,"128,129,528"
17427,"528,529,530"
17428,"340,364,409"
17429,"357,529,530"
17430,"10,364,529"
17431,"204,528,529"
17432,"323,419,530"
17433,"459,529,530"
17434,"204,215,315"
17435,"170,528,529"
17436,"56,528,529"
17437,"69,182,199"
17438,"455,529,530"
17439,"371,405,530"
17440,"172,528,529"
17441,"271,366,515"
17442,"315,529,530"
17443,"29,528,529"
17444,"8,235,366"
17445,"160,196,334"
17446,"8,235,313"
17447,"187,199,529"
17448,"67,528,529"
17449,"418,529,530"
17450,"360,488,498"
17451,"84,374,529"
17452,"45,220,528"
17453,"179,199,223"
17454,"45,528,529"
17455,"528,529,530"
17456,"528,529,530"
17457,"280,455,498"
17458,"1,323,529"
17459,"340,359,530"
17460,"29,172,220"
17461,"160,455,529"
17462,"25,528,529"
17463,"25,220,221"
17464,"207,301,459"
17465,"16,29,199"
17466,"528,529,530"
17467,"4,182,528"
17468,"312,529,530"
17469,"455,529,530"
17470,"359,529,530"
17471,"44,73,128"
17472,"40,196,290"
17473,"64,323,524"
17474,"10,196,221"
17475,"107,425,452"
17476,"528,529,530"
17477,"199,529,530"
17478,"528,529,530"
17479,"528,529,530"
17480,"25,220,221"
17481,"455,529,530"
17482,"44,216,455"
17483,"220,221,528"
17484,"355,456,524"
17485,"10,220,493"
17486,"135,528,529"
17487,"528,529,530"
17488,"528,529,530"
17489,"2,455,476"
17490,"528,529,530"
17491,"419,529,530"
17492,"135,340,529"
17493,"4,182,528"
17494,"405,529,530"
17495,"69,170,179"
17496,"528,529,530"
17497,"528,529,530"
17498,"139,301,340"
17499,"528,529,530"
17500,"172,340,529"
17501,"315,374,455"
17502,"528,529,530"
17503,"528,529,530"
17504,"187,194,396"
17505,"4,271,414"
17506,"235,528,529"
17507,"313,364,530"
17508,"323,402,419"
17509,"122,301,459"
17510,"205,455,529"
17511,"187,241,528"
17512,"215,315,405"
17513,"528,529,530"
17514,"528,529,530"
17515,"67,182,199"
17516,"41,528,529"
17517,"301,529,530"
17518,"528,529,530"
17519,"382,529,530"
17520,"173,528,529"
17521,"51,194,200"
17522,"100,194,200"
17523,"528,529,530"
17524,"187,241,273"
17525,"241,406,494"
17526,"25,220,221"
17527,"4,182,528"
17528,"271,355,530"
17529,"40,368,529"
17530,"8,9,498"
17531,"247,323,444"
17532,"128,129,528"
17533,"528,529,530"
17534,"179,455,529"
17535,"67,405,529"
17536,"255,343,436"
17537,"528,529,530"
17538,"247,528,529"
17539,"349,488,530"
17540,"528,529,530"
17541,"301,529,530"
17542,"2,405,513"
17543,"528,529,530"
17544,"187,480,506"
17545,"179,528,529"
17546,"69,170,179"
17547,"108,301,506"
17548,"100,194,200"
17549,"10,528,529"
17550,"108,301,455"
17551,"528,529,530"
17552,"170,179,455"
17553,"199,529,530"
17554,"40,368,515"
17555,"528,529,530"
17556,"528,529,530"
17557,"1,366,484"
17558,"165,405,529"
17559,"8,206,340"
17560,"23,251,340"
17561,"25,528,529"
17562,"405,529,530"
17563,"215,334,340"
17564,"8,206,360"
17565,"301,459,530"
17566,"64,323,524"
17567,"528,529,530"
17568,"421,498,530"
17569,"340,438,456"
17570,"108,241,340"
17571,"528,529,530"
17572,"528,529,530"
17573,"340,529,530"
17574,"100,194,200"
17575,"528,529,530"
17576,"45,187,528"
17577,"128,129,455"
17578,"49,528,529"
17579,"64,323,524"
17580,"313,346,530"
17581,"12,455,529"
17582,"528,529,530"
17583,"528,529,530"
17584,"455,529,530"
17585,"11,69,73"
17586,"4,182,528"
17587,"23,251,468"
17588,"49,528,529"
17589,"173,301,529"
17590,"334,406,430"
17591,"220,528,529"
17592,"199,529,530"
17593,"11,73,528"
17594,"528,529,530"
17595,"340,529,530"
17596,"187,200,241"
17597,"528,529,530"
17598,"313,346,530"
17599,"128,247,359"
17600,"3,5,200"
17601,"528,529,530"
17602,"4,194,364"
17603,"10,24,25"
17604,"216,220,221"
17605,"280,355,409"
17606,"124,243,334"
17607,"4,29,182"
17608,"372,397,444"
17609,"187,220,455"
17610,"16,528,529"
17611,"528,529,530"
17612,"196,301,340"
17613,"182,528,529"
17614,"187,241,528"
17615,"187,241,528"
17616,"528,529,530"
17617,"187,200,263"
17618,"528,529,530"
17619,"182,194,200"
17620,"340,529,530"
17621,"2,360,513"
17622,"182,196,528"
17623,"170,173,199"
17624,"170,528,529"
17625,"26,45,419"
17626,"528,529,530"
17627,"182,241,528"
17628,"10,25,220"
17629,"194,200,480"
17630,"528,529,530"
17631,"242,313,529"
17632,"25,528,529"
17633,"528,529,530"
17634,"8,206,425"
17635,"405,529,530"
17636,"187,200,241"
17637,"528,529,530"
17638,"1,92,135"
17639,"67,528,529"
17640,"89,310,529"
17641,"40,368,529"
17642,"430,529,530"
17643,"170,179,528"
17644,"187,241,528"
17645,"528,529,530"
17646,"44,528,529"
17647,"8,206,528"
17648,"402,405,455"
17649,"528,529,530"
17650,"528,529,530"
17651,"528,529,530"
17652,"528,529,530"
17653,"11,205,528"
17654,"520,529,530"
17655,"528,529,530"
17656,"45,160,528"
17657,"215,334,405"
17658,"47,528,529"
17659,"528,529,530"
17660,"366,397,497"
17661,"67,330,529"
17662,"528,529,530"
17663,"455,529,530"
17664,"528,529,530"
17665,"301,529,530"
17666,"100,194,200"
17667,"44,419,458"
17668,"11,45,67"
17669,"45,269,355"
17670,"528,529,530"
17671,"99,480,529"
17672,"528,529,530"
17673,"528,529,530"
17674,"10,24,454"
17675,"528,529,530"
17676,"25,220,221"
17677,"452,529,530"
17678,"405,529,530"
17679,"204,215,334"
17680,"220,221,528"
17681,"179,216,405"
17682,"45,528,529"
17683,"8,235,280"
17684,"8,29,206"
17685,"92,405,455"
17686,"16,301,444"
17687,"528,529,530"
17688,"430,529,530"
17689,"51,528,529"
17690,"528,529,530"
17691,"301,529,530"
17692,"29,528,529"
17693,"528,529,530"
17694,"340,360,397"
17695,"301,315,530"
17696,"10,135,323"
17697,"100,194,200"
17698,"128,129,455"
17699,"179,328,498"
17700,"44,220,455"
17701,"340,359,530"
17702,"69,179,199"
17703,"128,139,405"
17704,"528,529,530"
17705,"10,24,454"
17706,"108,204,301"
17707,"528,529,530"
17708,"235,528,529"
17709,"199,529,530"
17710,"182,255,528"
17711,"67,179,455"
17712,"204,215,315"
17713,"455,529,530"
17714,"528,529,530"
17715,"44,528,529"
17716,"528,529,530"
17717,"83,135,405"
17718,"182,196,528"
17719,"528,529,530"
17720,"67,528,529"
17721,"330,529,530"
17722,"528,529,530"
17723,"135,528,529"
17724,"170,194,200"
17725,"0,484,498"
17726,"168,194,200"
17727,"405,529,530"
17728,"405,529,530"
17729,"438,529,530"
17730,"528,529,530"
17731,"223,528,529"
17732,"315,345,530"
17733,"16,144,528"
17734,"4,182,340"
17735,"220,221,528"
17736,"528,529,530"
17737,"135,528,529"
17738,"25,528,529"
17739,"514,529,530"
17740,"247,323,524"
17741,"528,529,530"
17742,"108,301,331"
17743,"83,135,247"
17744,"4,182,528"
17745,"187,241,528"
17746,"21,124,396"
17747,"4,182,528"
17748,"528,529,530"
17749,"340,529,530"
17750,"313,529,530"
17751,"29,528,529"
17752,"25,528,529"
17753,"11,128,205"
17754,"405,529,530"
17755,"444,529,530"
17756,"528,529,530"
17757,"247,455,483"
17758,"528,529,530"
17759,"528,529,530"
17760,"430,529,530"
17761,"455,529,530"
17762,"455,529,530"
17763,"528,529,530"
17764,"528,529,530"
17765,"40,368,529"
17766,"8,355,409"
17767,"234,528,529"
17768,"528,529,530"
17769,"455,529,530"
17770,"528,529,530"
17771,"194,200,366"
17772,"315,529,530"
17773,"4,216,422"
17774,"16,204,340"
17775,"108,301,340"
17776,"297,409,514"
17777,"296,529,530"
17778,"128,425,497"
17779,"10,24,454"
17780,"366,397,455"
17781,"528,529,530"
17782,"340,444,455"
17783,"498,529,530"
17784,"25,220,221"
17785,"179,409,498"
17786,"182,301,498"
17787,"160,528,529"
17788,"528,529,530"
17789,"69,528,529"
17790,"528,529,530"
17791,"364,459,530"
17792,"340,529,530"
17793,"10,220,221"
17794,"187,241,528"
17795,"40,368,529"
17796,"340,359,530"
17797,"182,301,529"
17798,"528,529,530"
17799,"528,529,530"
17800,"455,529,530"
17801,"69,340,455"
17802,"528,529,530"
17803,"528,529,530"
17804,"349,376,397"
17805,"528,529,530"
17806,"140,323,524"
17807,"436,529,530"
17808,"4,160,182"
17809,"278,340,405"
17810,"480,529,530"
17811,"83,220,425"
17812,"135,528,529"
17813,"270,529,530"
17814,"409,529,530"
17815,"255,322,529"
17816,"270,529,530"
17817,"135,528,529"
17818,"199,273,480"
17819,"528,529,530"
17820,"204,296,315"
17821,"64,323,524"
17822,"194,200,436"
17823,"528,529,530"
17824,"155,194,248"
17825,"241,406,494"
17826,"199,529,530"
17827,"528,529,530"
17828,"313,314,360"
17829,"182,528,529"
17830,"73,528,529"
17831,"182,528,529"
17832,"73,108,301"
17833,"355,425,456"
17834,"528,529,530"
17835,"528,529,530"
17836,"528,529,530"
17837,"313,529,530"
17838,"528,529,530"
17839,"8,235,280"
17840,"45,528,529"
17841,"196,355,456"
17842,"340,529,530"
17843,"528,529,530"
17844,"128,129,528"
17845,"10,11,221"
17846,"8,206,528"
17847,"16,301,529"
17848,"419,430,530"
17849,"127,263,455"
17850,"187,241,340"
17851,"187,241,528"
17852,"528,529,530"
17853,"92,128,405"
17854,"528,529,530"
17855,"269,355,456"
17856,"220,242,528"
17857,"141,528,529"
17858,"8,206,498"
17859,"199,444,459"
17860,"313,529,530"
17861,"280,516,530"
17862,"170,528,529"
17863,"73,182,528"
17864,"528,529,530"
17865,"10,24,25"
17866,"419,529,530"
17867,"528,529,530"
17868,"234,419,529"
17869,"10,29,528"
17870,"296,529,530"
17871,"278,483,530"
17872,"196,199,529"
17873,"10,24,25"
17874,"3,18,200"
17875,"220,242,528"
17876,"528,529,530"
17877,"187,241,528"
17878,"425,455,456"
17879,"128,528,529"
17880,"67,455,529"
17881,"212,449,497"
17882,"528,529,530"
17883,"409,498,514"
17884,"29,498,529"
17885,"297,340,359"
17886,"182,301,455"
17887,"528,529,530"
17888,"128,366,405"
17889,"269,355,530"
17890,"419,529,530"
17891,"41,182,455"
17892,"49,528,529"
17893,"128,528,529"
17894,"170,528,529"
17895,"196,301,330"
17896,"528,529,530"
17897,"100,194,200"
17898,"4,182,455"
17899,"41,528,529"
17900,"29,528,529"
17901,"528,529,530"
17902,"94,401,529"
17903,"455,493,502"
17904,"271,355,530"
17905,"179,337,355"
17906,"393,529,530"
17907,"10,24,220"
17908,"528,529,530"
17909,"455,529,530"
17910,"528,529,530"
17911,"528,529,530"
17912,"44,187,241"
17913,"430,529,530"
17914,"528,529,530"
17915,"95,313,524"
17916,"528,529,530"
17917,"10,528,529"
17918,"170,364,455"
17919,"199,455,530"
17920,"73,337,498"
17921,"40,368,529"
17922,"528,529,530"
17923,"340,529,530"
17924,"23,26,251"
17925,"8,235,405"
17926,"514,529,530"
17927,"528,529,530"
17928,"39,199,529"
17929,"67,249,484"
17930,"528,529,530"
17931,"128,528,529"
17932,"213,313,456"
17933,"40,368,529"
17934,"140,528,529"
17935,"100,194,200"
17936,"528,529,530"
17937,"4,16,301"
17938,"528,529,530"
17939,"8,69,206"
17940,"67,528,529"
17941,"528,529,530"
17942,"2,425,476"
17943,"205,528,529"
17944,"528,529,530"
17945,"64,323,524"
17946,"528,529,530"
17947,"35,317,334"
17948,"528,529,530"
17949,"29,41,419"
17950,"528,529,530"
17951,"215,311,334"
17952,"196,518,529"
17953,"182,405,455"
17954,"8,313,346"
17955,"528,529,530"
17956,"528,529,530"
17957,"528,529,530"
17958,"301,529,530"
17959,"214,271,482"
17960,"139,528,529"
17961,"12,528,529"
17962,"4,108,124"
17963,"165,528,529"
17964,"25,220,528"
17965,"29,160,255"
17966,"44,45,528"
17967,"528,529,530"
17968,"528,529,530"
17969,"357,360,455"
17970,"107,135,452"
17971,"528,529,530"
17972,"4,182,301"
17973,"179,340,366"
17974,"204,215,315"
17975,"8,206,528"
17976,"528,529,530"
17977,"528,529,530"
17978,"121,181,221"
17979,"8,235,528"
17980,"187,241,528"
17981,"41,528,529"
17982,"430,529,530"
17983,"128,455,529"
17984,"10,24,454"
17985,"25,528,529"
17986,"340,388,430"
17987,"528,529,530"
17988,"199,529,530"
17989,"128,129,528"
17990,"187,241,528"
17991,"247,273,455"
17992,"528,529,530"
17993,"108,301,340"
17994,"528,529,530"
17995,"1,528,529"
17996,"40,368,529"
17997,"29,528,529"
17998,"67,528,529"
17999,"199,529,530"
18000,"83,204,419"
18001,"374,529,530"
18002,"277,413,455"
18003,"25,405,455"
18004,"220,221,498"
18005,"357,455,498"
18006,"528,529,530"
18007,"528,529,530"
18008,"340,529,530"
18009,"301,340,444"
18010,"528,529,530"
18011,"528,529,530"
18012,"528,529,530"
18013,"45,128,172"
18014,"187,241,528"
18015,"170,528,529"
18016,"528,529,530"
18017,"280,359,516"
18018,"179,398,498"
18019,"459,529,530"
18020,"83,322,529"
18021,"10,25,220"
18022,"78,226,334"
18023,"141,300,529"
18024,"44,528,529"
18025,"56,528,529"
18026,"214,456,482"
18027,"528,529,530"
18028,"23,26,251"
18029,"459,529,530"
18030,"8,235,528"
18031,"528,529,530"
18032,"528,529,530"
18033,"67,248,528"
18034,"25,220,242"
18035,"182,194,200"
18036,"170,528,529"
18037,"179,405,417"
18038,"12,241,343"
18039,"67,455,529"
18040,"10,376,529"
18041,"528,529,530"
18042,"340,425,530"
18043,"8,182,340"
18044,"160,430,529"
18045,"84,173,528"
18046,"83,135,528"
18047,"100,503,529"
18048,"528,529,530"
18049,"340,529,530"
18050,"204,215,315"
18051,"83,340,405"
18052,"83,135,315"
18053,"108,124,204"
18054,"108,301,529"
18055,"99,444,529"
18056,"528,529,530"
18057,"187,241,528"
18058,"528,529,530"
18059,"51,528,529"
18060,"29,40,368"
18061,"73,436,529"
18062,"528,529,530"
18063,"8,11,205"
18064,"405,529,530"
18065,"10,220,221"
18066,"160,194,200"
18067,"455,529,530"
18068,"170,200,419"
18069,"455,529,530"
18070,"528,529,530"
18071,"528,529,530"
18072,"41,182,528"
18073,"374,529,530"
18074,"80,182,528"
18075,"528,529,530"
18076,"69,313,529"
18077,"245,528,529"
18078,"528,529,530"
18079,"3,200,455"
18080,"528,529,530"
18081,"401,529,530"
18082,"323,419,530"
18083,"528,529,530"
18084,"528,529,530"
18085,"528,529,530"
18086,"528,529,530"
18087,"405,529,530"
18088,"301,455,459"
18089,"315,529,530"
18090,"1,528,529"
18091,"459,518,530"
18092,"139,170,459"
18093,"80,313,529"
18094,"160,528,529"
18095,"187,241,528"
18096,"170,528,529"
18097,"25,301,529"
18098,"83,323,524"
18099,"8,206,360"
18100,"12,528,529"
18101,"155,194,248"
18102,"73,528,529"
18103,"455,529,530"
18104,"528,529,530"
18105,"128,528,529"
18106,"315,359,430"
18107,"528,529,530"
18108,"40,368,425"
18109,"11,69,528"
18110,"340,529,530"
18111,"220,313,346"
18112,"108,301,449"
18113,"528,529,530"
18114,"301,529,530"
18115,"215,455,529"
18116,"45,528,529"
18117,"56,301,455"
18118,"528,529,530"
18119,"100,194,200"
18120,"528,529,530"
18121,"334,406,518"
18122,"45,528,529"
18123,"170,528,529"
18124,"528,529,530"
18125,"8,220,221"
18126,"528,529,530"
18127,"506,529,530"
18128,"397,458,480"
18129,"528,529,530"
18130,"8,216,235"
18131,"528,529,530"
18132,"25,220,376"
18133,"528,529,530"
18134,"271,280,488"
18135,"528,529,530"
18136,"528,529,530"
18137,"49,436,529"
18138,"340,529,530"
18139,"64,323,524"
18140,"99,528,529"
18141,"409,529,530"
18142,"182,405,524"
18143,"528,529,530"
18144,"528,529,530"
18145,"220,359,425"
18146,"160,528,529"
18147,"528,529,530"
18148,"528,529,530"
18149,"108,247,301"
18150,"29,455,529"
18151,"45,135,528"
18152,"80,313,425"
18153,"323,340,524"
18154,"8,45,206"
18155,"25,67,205"
18156,"73,315,340"
18157,"135,528,529"
18158,"382,529,530"
18159,"100,503,529"
18160,"4,29,182"
18161,"182,196,528"
18162,"3,18,200"
18163,"23,26,251"
18164,"64,323,524"
18165,"247,355,456"
18166,"528,529,530"
18167,"69,528,529"
18168,"67,80,220"
18169,"187,241,340"
18170,"106,340,359"
18171,"207,528,529"
18172,"528,529,530"
18173,"49,205,245"
18174,"69,200,340"
18175,"170,179,528"
18176,"4,141,364"
18177,"528,529,530"
18178,"409,455,498"
18179,"278,483,506"
18180,"220,221,528"
18181,"528,529,530"
18182,"455,465,515"
18183,"459,529,530"
18184,"528,529,530"
18185,"16,45,455"
18186,"401,449,455"
18187,"10,528,529"
18188,"67,328,455"
18189,"528,529,530"
18190,"67,334,430"
18191,"269,355,376"
18192,"215,494,529"
18193,"69,376,425"
18194,"241,406,494"
18195,"528,529,530"
18196,"528,529,530"
18197,"528,529,530"
18198,"128,129,366"
18199,"528,529,530"
18200,"313,346,530"
18201,"10,170,323"
18202,"44,45,220"
18203,"179,528,529"
18204,"83,215,315"
18205,"483,529,530"
18206,"128,528,529"
18207,"409,455,530"
18208,"73,340,529"
18209,"528,529,530"
18210,"528,529,530"
18211,"528,529,530"
18212,"204,215,315"
18213,"29,528,529"
18214,"128,328,438"
18215,"418,529,530"
18216,"528,529,530"
18217,"340,401,530"
18218,"56,200,328"
18219,"160,200,340"
18220,"128,129,528"
18221,"409,498,530"
18222,"140,301,529"
18223,"8,127,263"
18224,"444,498,530"
18225,"528,529,530"
18226,"179,223,417"
18227,"430,529,530"
18228,"64,323,524"
18229,"40,368,529"
18230,"67,528,529"
18231,"108,301,459"
18232,"8,206,455"
18233,"528,529,530"
18234,"528,529,530"
18235,"16,204,528"
18236,"528,529,530"
18237,"273,313,314"
18238,"271,366,397"
18239,"247,528,529"
18240,"69,528,529"
18241,"199,529,530"
18242,"172,313,529"
18243,"528,529,530"
18244,"364,455,530"
18245,"200,340,343"
18246,"405,529,530"
18247,"122,160,528"
18248,"170,223,528"
18249,"204,215,334"
18250,"480,497,520"
18251,"29,170,528"
18252,"220,242,528"
18253,"73,187,241"
18254,"64,323,524"
18255,"405,529,530"
18256,"527,529,530"
18257,"182,340,459"
18258,"25,528,529"
18259,"165,528,529"
18260,"528,529,530"
18261,"160,248,455"
18262,"170,528,529"
18263,"528,529,530"
18264,"10,24,454"
18265,"514,529,530"
18266,"269,355,409"
18267,"179,311,456"
18268,"11,205,528"
18269,"187,220,241"
18270,"187,200,241"
18271,"3,18,200"
18272,"528,529,530"
18273,"128,455,529"
18274,"8,206,340"
18275,"382,455,530"
18276,"124,243,334"
18277,"380,497,530"
18278,"2,455,476"
18279,"67,196,425"
18280,"528,529,530"
18281,"44,84,468"
18282,"128,458,482"
18283,"108,204,301"
18284,"4,182,340"
18285,"372,455,482"
18286,"528,529,530"
18287,"528,529,530"
18288,"528,529,530"
18289,"528,529,530"
18290,"69,393,425"
18291,"528,529,530"
18292,"528,529,530"
18293,"194,200,340"
18294,"100,194,200"
18295,"108,204,301"
18296,"528,529,530"
18297,"129,528,529"
18298,"271,355,530"
18299,"528,529,530"
18300,"47,196,528"
18301,"528,529,530"
18302,"173,280,455"
18303,"94,401,529"
18304,"528,529,530"
18305,"4,173,182"
18306,"409,425,455"
18307,"425,529,530"
18308,"10,455,529"
18309,"247,528,529"
18310,"83,528,529"
18311,"444,529,530"
18312,"25,425,498"
18313,"160,182,528"
18314,"179,480,529"
18315,"528,529,530"
18316,"8,206,528"
18317,"47,360,455"
18318,"528,529,530"
18319,"170,376,425"
18320,"45,187,425"
18321,"187,241,528"
18322,"16,204,514"
18323,"528,529,530"
18324,"64,323,524"
18325,"187,241,528"
18326,"216,355,456"
18327,"220,221,524"
18328,"199,334,406"
18329,"100,194,200"
18330,"44,528,529"
18331,"528,529,530"
18332,"108,301,529"
18333,"45,528,529"
18334,"173,528,529"
18335,"128,313,529"
18336,"25,67,528"
18337,"135,315,455"
18338,"528,529,530"
18339,"315,529,530"
18340,"16,182,340"
18341,"194,200,455"
18342,"247,528,529"
18343,"220,242,528"
18344,"29,108,127"
18345,"10,24,454"
18346,"152,302,315"
18347,"528,529,530"
18348,"194,200,419"
18349,"528,529,530"
18350,"528,529,530"
18351,"528,529,530"
18352,"160,430,529"
18353,"128,129,455"
18354,"528,529,530"
18355,"528,529,530"
18356,"25,220,242"
18357,"16,194,200"
18358,"25,528,529"
18359,"182,528,529"
18360,"455,529,530"
18361,"4,100,196"
18362,"3,5,200"
18363,"528,529,530"
18364,"528,529,530"
18365,"187,205,241"
18366,"69,528,529"
18367,"528,529,530"
18368,"271,280,366"
18369,"135,528,529"
18370,"8,206,455"
18371,"528,529,530"
18372,"108,301,459"
18373,"182,196,199"
18374,"528,529,530"
18375,"528,529,530"
18376,"528,529,530"
18377,"40,368,529"
18378,"528,529,530"
18379,"4,182,528"
18380,"528,529,530"
18381,"16,204,528"
18382,"187,200,241"
18383,"528,529,530"
18384,"173,301,334"
18385,"40,368,529"
18386,"73,374,529"
18387,"26,67,83"
18388,"528,529,530"
18389,"397,498,530"
18390,"355,409,456"
18391,"315,401,530"
18392,"8,235,270"
18393,"528,529,530"
18394,"269,313,355"
18395,"528,529,530"
18396,"8,206,528"
18397,"140,173,528"
18398,"40,368,455"
18399,"199,529,530"
18400,"357,406,498"
18401,"200,374,405"
18402,"200,340,374"
18403,"220,221,528"
18404,"29,360,498"
18405,"528,529,530"
18406,"200,340,456"
18407,"128,360,455"
18408,"48,528,529"
18409,"528,529,530"
18410,"152,459,529"
18411,"128,346,376"
18412,"528,529,530"
18413,"528,529,530"
18414,"45,528,529"
18415,"135,179,513"
18416,"528,529,530"
18417,"100,194,200"
18418,"108,124,528"
18419,"271,455,456"
18420,"528,529,530"
18421,"528,529,530"
18422,"528,529,530"
18423,"280,456,497"
18424,"371,455,530"
18425,"528,529,530"
18426,"76,128,366"
18427,"194,528,529"
18428,"313,529,530"
18429,"196,405,436"
18430,"528,529,530"
18431,"419,529,530"
18432,"194,200,340"
18433,"100,128,503"
18434,"187,241,528"
18435,"528,529,530"
18436,"160,334,406"
18437,"528,529,530"
18438,"528,529,530"
18439,"29,340,455"
18440,"204,215,315"
18441,"199,200,417"
18442,"4,182,528"
18443,"182,187,241"
18444,"187,241,448"
18445,"12,528,529"
18446,"187,241,340"
18447,"315,529,530"
18448,"405,529,530"
18449,"340,529,530"
18450,"2,366,449"
18451,"29,241,493"
18452,"455,529,530"
18453,"364,529,530"
18454,"355,409,456"
18455,"280,366,397"
18456,"40,368,376"
18457,"200,405,436"
18458,"340,409,514"
18459,"528,529,530"
18460,"8,206,313"
18461,"528,529,530"
18462,"528,529,530"
18463,"29,301,374"
18464,"528,529,530"
18465,"179,484,497"
18466,"430,529,530"
18467,"69,73,168"
18468,"528,529,530"
18469,"10,44,205"
18470,"25,95,524"
18471,"405,529,530"
18472,"25,214,337"
18473,"528,529,530"
18474,"528,529,530"
18475,"23,26,251"
18476,"199,259,405"
18477,"152,459,529"
18478,"187,241,528"
18479,"528,529,530"
18480,"139,141,374"
18481,"528,529,530"
18482,"100,255,503"
18483,"430,529,530"
18484,"108,301,455"
18485,"29,528,529"
18486,"340,529,530"
18487,"528,529,530"
18488,"444,455,530"
18489,"100,194,200"
18490,"10,44,221"
18491,"83,160,376"
18492,"313,529,530"
18493,"1,528,529"
18494,"528,529,530"
18495,"271,355,438"
18496,"204,528,529"
18497,"528,529,530"
18498,"528,529,530"
18499,"45,528,529"
18500,"67,73,101"
18501,"281,334,406"
18502,"334,406,411"
18503,"528,529,530"
18504,"528,529,530"
18505,"528,529,530"
18506,"69,73,528"
18507,"270,340,374"
18508,"44,45,73"
18509,"405,529,530"
18510,"221,528,529"
18511,"323,529,530"
18512,"170,313,346"
18513,"187,194,241"
18514,"3,5,200"
18515,"67,220,528"
18516,"10,128,129"
18517,"528,529,530"
18518,"528,529,530"
18519,"528,529,530"
18520,"528,529,530"
18521,"355,405,456"
18522,"23,26,251"
18523,"402,529,530"
18524,"73,205,455"
18525,"528,529,530"
18526,"67,528,529"
18527,"242,313,529"
18528,"528,529,530"
18529,"16,315,529"
18530,"315,405,530"
18531,"205,528,529"
18532,"528,529,530"
18533,"128,430,529"
18534,"1,212,366"
18535,"108,204,301"
18536,"528,529,530"
18537,"187,241,455"
18538,"528,529,530"
18539,"468,529,530"
18540,"128,313,346"
18541,"528,529,530"
18542,"528,529,530"
18543,"271,366,515"
18544,"405,455,530"
18545,"213,280,482"
18546,"2,214,216"
18547,"108,241,425"
18548,"528,529,530"
18549,"108,301,340"
18550,"340,359,436"
18551,"455,529,530"
18552,"67,313,366"
18553,"425,529,530"
18554,"16,528,529"
18555,"16,528,529"
18556,"528,529,530"
18557,"528,529,530"
18558,"528,529,530"
18559,"11,205,528"
18560,"405,529,530"
18561,"44,528,529"
18562,"100,194,200"
18563,"179,528,529"
18564,"199,529,530"
18565,"128,172,405"
18566,"10,83,498"
18567,"328,497,530"
18568,"528,529,530"
18569,"528,529,530"
18570,"10,205,221"
18571,"296,315,530"
18572,"41,528,529"
18573,"528,529,530"
18574,"139,270,312"
18575,"56,528,529"
18576,"16,528,529"
18577,"528,529,530"
18578,"8,345,455"
18579,"100,194,200"
18580,"405,529,530"
18581,"29,170,301"
18582,"196,199,200"
18583,"67,376,529"
18584,"40,368,425"
18585,"528,529,530"
18586,"528,529,530"
18587,"528,529,530"
18588,"313,529,530"
18589,"128,220,455"
18590,"1,366,455"
18591,"25,67,528"
18592,"187,200,241"
18593,"215,494,529"
18594,"528,529,530"
18595,"528,529,530"
18596,"128,179,215"
18597,"173,301,455"
18598,"89,455,529"
18599,"170,528,529"
18600,"528,529,530"
18601,"194,200,340"
18602,"455,529,530"
18603,"40,368,529"
18604,"29,452,529"
18605,"152,315,513"
18606,"25,220,221"
18607,"2,49,476"
18608,"528,529,530"
18609,"270,513,530"
18610,"204,215,315"
18611,"528,529,530"
18612,"528,529,530"
18613,"204,215,315"
18614,"49,199,529"
18615,"2,449,476"
18616,"4,182,340"
18617,"73,528,529"
18618,"528,529,530"
18619,"8,206,425"
18620,"419,529,530"
18621,"214,397,515"
18622,"528,529,530"
18623,"39,323,524"
18624,"204,301,340"
18625,"528,529,530"
18626,"528,529,530"
18627,"135,528,529"
18628,"528,529,530"
18629,"528,529,530"
18630,"528,529,530"
18631,"364,529,530"
18632,"3,5,200"
18633,"528,529,530"
18634,"8,206,405"
18635,"108,301,529"
18636,"165,247,334"
18637,"10,25,220"
18638,"135,364,529"
18639,"220,242,528"
18640,"528,529,530"
18641,"528,529,530"
18642,"528,529,530"
18643,"64,323,524"
18644,"194,200,455"
18645,"528,529,530"
18646,"199,259,444"
18647,"45,528,529"
18648,"528,529,530"
18649,"205,528,529"
18650,"528,529,530"
18651,"108,194,200"
18652,"187,455,529"
18653,"88,106,528"
18654,"3,18,200"
18655,"100,194,200"
18656,"172,409,529"
18657,"409,529,530"
18658,"313,529,530"
18659,"100,194,200"
18660,"179,199,223"
18661,"8,206,216"
18662,"69,430,455"
18663,"40,368,529"
18664,"528,529,530"
18665,"44,73,128"
18666,"67,313,498"
18667,"160,334,406"
18668,"313,314,497"
18669,"160,243,334"
18670,"220,528,529"
18671,"67,269,355"
18672,"113,340,364"
18673,"92,498,529"
18674,"216,480,498"
18675,"29,528,529"
18676,"170,528,529"
18677,"528,529,530"
18678,"64,323,524"
18679,"528,529,530"
18680,"8,206,405"
18681,"215,376,425"
18682,"170,528,529"
18683,"409,529,530"
18684,"187,241,528"
18685,"49,334,518"
18686,"301,455,459"
18687,"528,529,530"
18688,"401,529,530"
18689,"528,529,530"
18690,"8,235,340"
18691,"88,106,528"
18692,"528,529,530"
18693,"528,529,530"
18694,"10,24,25"
18695,"528,529,530"
18696,"528,529,530"
18697,"170,343,529"
18698,"92,187,241"
18699,"528,529,530"
18700,"528,529,530"
18701,"2,223,476"
18702,"528,529,530"
18703,"23,26,251"
18704,"182,187,241"
18705,"311,343,436"
18706,"64,323,524"
18707,"100,194,200"
18708,"2,449,529"
18709,"313,485,530"
18710,"170,179,223"
18711,"187,241,528"
18712,"29,337,425"
18713,"199,529,530"
18714,"216,422,529"
18715,"528,529,530"
18716,"182,528,529"
18717,"182,528,529"
18718,"214,528,529"
18719,"528,529,530"
18720,"128,179,528"
18721,"83,135,315"
18722,"497,529,530"
18723,"67,364,366"
18724,"528,529,530"
18725,"199,529,530"
18726,"480,529,530"
18727,"199,204,480"
18728,"297,529,530"
18729,"528,529,530"
18730,"313,366,514"
18731,"528,529,530"
18732,"360,444,455"
18733,"40,368,529"
18734,"170,173,179"
18735,"528,529,530"
18736,"45,528,529"
18737,"405,529,530"
18738,"528,529,530"
18739,"374,529,530"
18740,"160,247,313"
18741,"528,529,530"
18742,"122,528,529"
18743,"313,346,530"
18744,"3,200,340"
18745,"40,368,529"
18746,"25,528,529"
18747,"172,364,529"
18748,"135,528,529"
18749,"199,529,530"
18750,"528,529,530"
18751,"51,528,529"
18752,"528,529,530"
18753,"40,215,494"
18754,"8,206,273"
18755,"430,438,530"
18756,"44,67,524"
18757,"528,529,530"
18758,"49,528,529"
18759,"128,270,340"
18760,"528,529,530"
18761,"67,528,529"
18762,"313,529,530"
18763,"100,194,200"
18764,"11,205,313"
18765,"160,334,406"
18766,"528,529,530"
18767,"528,529,530"
18768,"528,529,530"
18769,"290,529,530"
18770,"8,206,528"
18771,"100,194,200"
18772,"128,129,528"
18773,"40,368,529"
18774,"323,529,530"
18775,"528,529,530"
18776,"16,528,529"
18777,"340,529,530"
18778,"45,528,529"
18779,"528,529,530"
18780,"528,529,530"
18781,"528,529,530"
18782,"25,128,528"
18783,"182,196,528"
18784,"528,529,530"
18785,"528,529,530"
18786,"45,59,95"
18787,"271,361,372"
18788,"45,528,529"
18789,"64,323,524"
18790,"182,528,529"
18791,"516,529,530"
18792,"8,206,528"
18793,"281,301,340"
18794,"16,204,528"
18795,"73,173,528"
18796,"269,355,366"
18797,"170,405,480"
18798,"405,529,530"
18799,"528,529,530"
18800,"3,200,340"
18801,"10,67,323"
18802,"170,528,529"
18803,"271,361,372"
18804,"220,221,528"
18805,"187,263,528"
18806,"64,323,524"
18807,"67,528,529"
18808,"340,529,530"
18809,"25,39,425"
18810,"173,247,364"
18811,"528,529,530"
18812,"313,346,530"
18813,"1,67,498"
18814,"160,241,334"
18815,"8,206,480"
18816,"12,528,529"
18817,"59,95,524"
18818,"528,529,530"
18819,"528,529,530"
18820,"528,529,530"
18821,"528,529,530"
18822,"8,235,528"
18823,"96,419,420"
18824,"528,529,530"
18825,"124,243,334"
18826,"187,241,528"
18827,"45,67,170"
18828,"528,529,530"
18829,"270,340,498"
18830,"16,204,528"
18831,"528,529,530"
18832,"372,529,530"
18833,"340,529,530"
18834,"187,241,528"
18835,"528,529,530"
18836,"8,235,444"
18837,"170,528,529"
18838,"194,200,301"
18839,"80,182,524"
18840,"160,528,529"
18841,"38,67,455"
18842,"340,425,456"
18843,"528,529,530"
18844,"528,529,530"
18845,"528,529,530"
18846,"10,24,454"
18847,"135,315,455"
18848,"10,24,67"
18849,"29,528,529"
18850,"80,340,455"
18851,"51,340,529"
18852,"170,282,529"
18853,"528,529,530"
18854,"25,528,529"
18855,"409,425,498"
18856,"199,529,530"
18857,"49,405,529"
18858,"226,528,529"
18859,"108,172,196"
18860,"139,196,436"
18861,"376,397,480"
18862,"25,73,405"
18863,"528,529,530"
18864,"194,199,483"
18865,"187,241,528"
18866,"26,251,498"
18867,"67,83,455"
18868,"247,374,529"
18869,"425,455,530"
18870,"528,529,530"
18871,"45,67,73"
18872,"40,368,529"
18873,"213,313,529"
18874,"1,45,528"
18875,"2,69,528"
18876,"528,529,530"
18877,"199,213,280"
18878,"301,376,425"
18879,"16,166,221"
18880,"271,361,372"
18881,"160,418,459"
18882,"528,529,530"
18883,"444,529,530"
18884,"518,529,530"
18885,"67,128,216"
18886,"64,323,524"
18887,"187,241,528"
18888,"16,340,455"
18889,"8,206,498"
18890,"313,366,397"
18891,"1,528,529"
18892,"366,449,515"
18893,"187,241,278"
18894,"8,206,249"
18895,"100,194,200"
18896,"67,241,313"
18897,"45,59,95"
18898,"528,529,530"
18899,"29,67,196"
18900,"16,204,340"
18901,"528,529,530"
18902,"528,529,530"
18903,"25,241,430"
18904,"152,459,529"
18905,"64,323,524"
18906,"182,251,270"
18907,"10,11,221"
18908,"528,529,530"
18909,"204,215,315"
18910,"108,124,528"
18911,"528,529,530"
18912,"340,529,530"
18913,"528,529,530"
18914,"436,455,530"
18915,"280,359,455"
18916,"528,529,530"
18917,"528,529,530"
18918,"528,529,530"
18919,"45,528,529"
18920,"528,529,530"
18921,"528,529,530"
18922,"29,360,397"
18923,"25,67,220"
18924,"199,529,530"
18925,"3,18,200"
18926,"528,529,530"
18927,"182,528,529"
18928,"301,459,530"
18929,"44,455,529"
18930,"417,529,530"
18931,"468,529,530"
18932,"23,26,251"
18933,"88,106,528"
18934,"528,529,530"
18935,"83,528,529"
18936,"10,323,343"
18937,"271,340,363"
18938,"528,529,530"
18939,"528,529,530"
18940,"8,235,498"
18941,"455,529,530"
18942,"170,425,529"
18943,"528,529,530"
18944,"355,409,425"
18945,"455,529,530"
18946,"271,280,530"
18947,"215,334,364"
18948,"10,24,220"
18949,"187,241,528"
18950,"3,187,200"
18951,"220,221,242"
18952,"409,458,482"
18953,"340,529,530"
18954,"528,529,530"
18955,"528,529,530"
18956,"212,254,497"
18957,"8,235,405"
18958,"83,315,405"
18959,"422,455,530"
18960,"528,529,530"
18961,"436,529,530"
18962,"313,355,456"
18963,"528,529,530"
18964,"438,456,465"
18965,"172,340,456"
18966,"528,529,530"
18967,"127,170,263"
18968,"16,100,194"
18969,"160,334,406"
18970,"41,487,529"
18971,"3,18,200"
18972,"337,405,530"
18973,"528,529,530"
18974,"100,194,200"
18975,"301,529,530"
18976,"528,529,530"
18977,"179,405,529"
18978,"401,529,530"
18979,"168,528,529"
18980,"113,340,518"
18981,"187,241,528"
18982,"187,241,528"
18983,"528,529,530"
18984,"100,503,529"
18985,"45,528,529"
18986,"187,241,528"
18987,"64,323,524"
18988,"29,200,340"
18989,"45,488,524"
18990,"528,529,530"
18991,"528,529,530"
18992,"220,493,529"
18993,"182,215,248"
18994,"528,529,530"
18995,"205,528,529"
18996,"199,529,530"
18997,"122,528,529"
18998,"122,528,529"
18999,"313,402,530"
19000,"135,215,315"
19001,"528,529,530"
19002,"182,364,518"
19003,"528,529,530"
19004,"100,194,200"
19005,"8,455,514"
19006,"455,529,530"
19007,"160,528,529"
19008,"39,199,223"
19009,"528,529,530"
19010,"340,359,530"
19011,"35,334,455"
19012,"315,529,530"
19013,"40,368,529"
19014,"528,529,530"
19015,"16,528,529"
19016,"3,18,200"
19017,"182,528,529"
19018,"220,221,425"
19019,"271,313,456"
19020,"430,518,530"
19021,"196,459,529"
19022,"419,422,530"
19023,"220,221,528"
19024,"340,364,530"
19025,"40,194,200"
19026,"528,529,530"
19027,"528,529,530"
19028,"528,529,530"
19029,"528,529,530"
19030,"67,315,529"
19031,"45,135,458"
19032,"528,529,530"
19033,"200,340,455"
19034,"80,448,524"
19035,"8,206,271"
19036,"528,529,530"
19037,"128,129,313"
19038,"528,529,530"
19039,"76,405,529"
19040,"528,529,530"
19041,"3,5,200"
19042,"12,221,455"
19043,"44,69,313"
19044,"204,215,315"
19045,"340,529,530"
19046,"528,529,530"
19047,"4,311,455"
19048,"528,529,530"
19049,"280,376,409"
19050,"241,406,494"
19051,"528,529,530"
19052,"340,359,405"
19053,"8,206,409"
19054,"220,221,528"
19055,"313,480,516"
19056,"340,529,530"
19057,"528,529,530"
19058,"10,221,419"
19059,"83,135,528"
19060,"16,301,340"
19061,"12,528,529"
19062,"273,498,530"
19063,"199,343,374"
19064,"528,529,530"
19065,"168,310,455"
19066,"301,529,530"
19067,"455,529,530"
19068,"67,168,207"
19069,"349,488,530"
19070,"4,182,340"
19071,"108,301,529"
19072,"418,529,530"
19073,"108,173,301"
19074,"100,194,200"
19075,"528,529,530"
19076,"528,529,530"
19077,"528,529,530"
19078,"11,44,313"
19079,"313,529,530"
19080,"340,359,530"
19081,"528,529,530"
19082,"196,215,334"
19083,"170,528,529"
19084,"291,406,444"
19085,"179,376,529"
19086,"79,313,529"
19087,"528,529,530"
19088,"155,194,248"
19089,"251,313,346"
19090,"140,168,528"
19091,"528,529,530"
19092,"528,529,530"
19093,"528,529,530"
19094,"83,179,311"
19095,"528,529,530"
19096,"518,529,530"
19097,"528,529,530"
19098,"10,24,454"
19099,"528,529,530"
19100,"528,529,530"
19101,"128,129,196"
19102,"528,529,530"
19103,"528,529,530"
19104,"135,528,529"
19105,"2,425,513"
19106,"528,529,530"
19107,"528,529,530"
19108,"528,529,530"
19109,"528,529,530"
19110,"182,196,199"
19111,"8,206,313"
19112,"64,323,524"
19113,"340,529,530"
19114,"64,323,524"
19115,"405,529,530"
19116,"216,422,436"
19117,"528,529,530"
19118,"317,529,530"
19119,"528,529,530"
19120,"67,280,313"
19121,"108,204,301"
19122,"340,359,455"
19123,"179,528,529"
19124,"100,194,200"
19125,"49,528,529"
19126,"56,301,529"
19127,"528,529,530"
19128,"528,529,530"
19129,"67,128,129"
19130,"340,529,530"
19131,"199,340,484"
19132,"100,194,200"
19133,"170,528,529"
19134,"179,359,529"
19135,"135,247,430"
19136,"213,359,482"
19137,"528,529,530"
19138,"40,194,368"
19139,"528,529,530"
19140,"2,458,520"
19141,"402,529,530"
19142,"528,529,530"
19143,"108,301,409"
19144,"179,528,529"
19145,"528,529,530"
19146,"2,128,449"
19147,"8,235,528"
19148,"100,194,200"
19149,"528,529,530"
19150,"271,409,515"
19151,"270,301,340"
19152,"135,199,259"
19153,"40,200,368"
19154,"49,528,529"
19155,"355,409,456"
19156,"528,529,530"
19157,"269,355,359"
19158,"64,323,524"
19159,"220,313,529"
19160,"382,529,530"
19161,"44,405,498"
19162,"8,206,216"
19163,"528,529,530"
19164,"374,419,530"
19165,"199,343,405"
19166,"64,323,524"
19167,"73,366,405"
19168,"528,529,530"
19169,"100,194,200"
19170,"528,529,530"
19171,"100,194,200"
19172,"334,406,455"
19173,"528,529,530"
19174,"45,69,480"
19175,"187,241,528"
19176,"215,406,494"
19177,"528,529,530"
19178,"528,529,530"
19179,"67,455,529"
19180,"25,220,221"
19181,"340,359,360"
19182,"56,113,301"
19183,"128,313,346"
19184,"528,529,530"
19185,"8,206,458"
19186,"271,280,530"
19187,"124,243,334"
19188,"221,301,340"
19189,"220,242,528"
19190,"528,529,530"
19191,"67,528,529"
19192,"83,452,529"
19193,"182,323,419"
19194,"528,529,530"
19195,"141,300,529"
19196,"313,346,530"
19197,"349,418,530"
19198,"187,200,241"
19199,"277,413,498"
19200,"51,340,529"
19201,"3,18,200"
19202,"340,355,409"
19203,"340,359,422"
19204,"139,340,529"
19205,"498,529,530"
19206,"528,529,530"
19207,"528,529,530"
19208,"311,529,530"
19209,"271,280,530"
19210,"528,529,530"
19211,"270,529,530"
19212,"528,529,530"
19213,"528,529,530"
19214,"444,529,530"
19215,"194,200,270"
19216,"10,25,220"
19217,"340,529,530"
19218,"45,313,514"
19219,"187,220,241"
19220,"98,528,529"
19221,"528,529,530"
19222,"528,529,530"
19223,"1,330,364"
19224,"8,206,280"
19225,"25,220,528"
19226,"64,323,524"
19227,"170,340,529"
19228,"528,529,530"
19229,"187,241,528"
19230,"100,194,200"
19231,"204,215,334"
19232,"108,301,455"
19233,"528,529,530"
19234,"44,69,313"
19235,"204,215,315"
19236,"187,241,528"
19237,"25,196,359"
19238,"103,528,529"
19239,"528,529,530"
19240,"25,220,221"
19241,"405,529,530"
19242,"366,484,515"
19243,"179,459,529"
19244,"160,182,528"
19245,"382,529,530"
19246,"455,529,530"
19247,"179,199,444"
19248,"296,529,530"
19249,"4,16,182"
19250,"160,301,459"
19251,"44,528,529"
19252,"214,216,448"
19253,"160,328,529"
19254,"187,241,528"
19255,"405,529,530"
19256,"135,187,340"
19257,"528,529,530"
19258,"528,529,530"
19259,"160,313,346"
19260,"528,529,530"
19261,"187,241,528"
19262,"223,528,529"
19263,"528,529,530"
19264,"179,340,497"
19265,"29,127,263"
19266,"528,529,530"
19267,"301,529,530"
19268,"99,528,529"
19269,"245,313,529"
19270,"528,529,530"
19271,"108,124,528"
19272,"349,488,530"
19273,"241,310,313"
19274,"528,529,530"
19275,"128,528,529"
19276,"92,528,529"
19277,"4,160,182"
19278,"170,382,529"
19279,"8,206,528"
19280,"364,529,530"
19281,"468,529,530"
19282,"364,529,530"
19283,"83,493,502"
19284,"4,127,263"
19285,"108,301,311"
19286,"323,452,524"
19287,"100,194,200"
19288,"173,194,200"
19289,"8,425,444"
19290,"528,529,530"
19291,"216,313,346"
19292,"8,206,455"
19293,"405,498,530"
19294,"40,368,529"
19295,"135,182,436"
19296,"281,455,483"
19297,"187,256,271"
19298,"528,529,530"
19299,"100,194,200"
19300,"528,529,530"
19301,"194,200,271"
19302,"152,200,459"
19303,"528,529,530"
19304,"187,241,528"
19305,"29,108,438"
19306,"168,194,528"
19307,"182,301,493"
19308,"455,529,530"
19309,"67,409,455"
19310,"67,528,529"
19311,"323,430,530"
19312,"94,452,529"
19313,"340,359,444"
19314,"528,529,530"
19315,"8,280,359"
19316,"280,409,498"
19317,"205,360,397"
19318,"182,528,529"
19319,"271,280,340"
19320,"100,194,200"
19321,"182,528,529"
19322,"220,242,528"
19323,"528,529,530"
19324,"528,529,530"
19325,"528,529,530"
19326,"170,528,529"
19327,"313,529,530"
19328,"45,455,524"
19329,"4,182,311"
19330,"108,124,364"
19331,"80,313,448"
19332,"73,204,207"
19333,"220,221,528"
19334,"280,438,455"
19335,"170,528,529"
19336,"315,529,530"
19337,"199,529,530"
19338,"69,528,529"
19339,"25,528,529"
19340,"10,170,322"
19341,"343,436,513"
19342,"108,124,528"
19343,"8,206,455"
19344,"528,529,530"
19345,"168,382,529"
19346,"128,528,529"
19347,"528,529,530"
19348,"2,170,179"
19349,"16,204,528"
19350,"528,529,530"
19351,"528,529,530"
19352,"452,529,530"
19353,"528,529,530"
19354,"25,220,242"
19355,"528,529,530"
19356,"215,315,405"
19357,"528,529,530"
19358,"528,529,530"
19359,"249,484,529"
19360,"528,529,530"
19361,"25,528,529"
19362,"40,368,529"
19363,"16,173,301"
19364,"128,187,241"
19365,"444,529,530"
19366,"100,372,503"
19367,"528,529,530"
19368,"11,528,529"
19369,"67,528,529"
19370,"313,355,397"
19371,"313,346,480"
19372,"528,529,530"
19373,"364,414,530"
19374,"41,528,529"
19375,"187,241,528"
19376,"528,529,530"
19377,"199,529,530"
19378,"220,242,528"
19379,"45,313,455"
19380,"179,340,359"
19381,"11,205,455"
19382,"103,179,425"
19383,"182,382,529"
19384,"528,529,530"
19385,"528,529,530"
19386,"182,196,528"
19387,"455,529,530"
19388,"45,528,529"
19389,"528,529,530"
19390,"11,205,498"
19391,"480,498,527"
19392,"419,529,530"
19393,"405,529,530"
19394,"223,387,455"
19395,"67,187,241"
19396,"160,199,529"
19397,"67,241,480"
19398,"528,529,530"
19399,"10,220,405"
19400,"340,359,455"
19401,"2,340,359"
19402,"170,528,529"
19403,"67,108,301"
19404,"528,529,530"
19405,"67,220,524"
19406,"528,529,530"
19407,"270,296,530"
19408,"514,529,530"
19409,"528,529,530"
19410,"528,529,530"
19411,"528,529,530"
19412,"165,334,468"
19413,"69,92,382"
19414,"64,323,524"
19415,"3,5,200"
19416,"8,235,340"
19417,"405,529,530"
19418,"140,166,221"
19419,"100,194,200"
19420,"528,529,530"
19421,"405,529,530"
19422,"270,455,530"
19423,"204,215,315"
19424,"301,374,455"
19425,"8,206,280"
19426,"11,45,69"
19427,"528,529,530"
19428,"528,529,530"
19429,"528,529,530"
19430,"528,529,530"
19431,"187,241,480"
19432,"528,529,530"
19433,"528,529,530"
19434,"194,200,223"
19435,"528,529,530"
19436,"45,255,301"
19437,"528,529,530"
19438,"173,194,364"
19439,"340,529,530"
19440,"11,69,455"
19441,"49,528,529"
19442,"45,528,529"
19443,"405,529,530"
19444,"179,328,405"
19445,"83,220,405"
19446,"498,529,530"
19447,"340,359,455"
19448,"528,529,530"
19449,"16,91,204"
19450,"128,313,346"
19451,"409,458,482"
19452,"100,194,200"
19453,"182,528,529"
19454,"256,528,529"
19455,"528,529,530"
19456,"280,422,438"
19457,"280,313,400"
19458,"528,529,530"
19459,"170,528,529"
19460,"297,349,418"
19461,"160,334,529"
19462,"302,340,530"
19463,"528,529,530"
19464,"528,529,530"
19465,"11,205,436"
19466,"216,528,529"
19467,"29,498,529"
19468,"194,200,301"
19469,"528,529,530"
19470,"10,11,221"
19471,"374,529,530"
19472,"528,529,530"
19473,"108,340,529"
19474,"528,529,530"
19475,"528,529,530"
19476,"160,194,200"
19477,"165,168,528"
19478,"207,528,529"
19479,"528,529,530"
19480,"376,425,530"
19481,"170,405,455"
19482,"528,529,530"
19483,"340,455,498"
19484,"401,414,430"
19485,"528,529,530"
19486,"528,529,530"
19487,"528,529,530"
19488,"204,340,401"
19489,"528,529,530"
19490,"40,368,529"
19491,"40,241,368"
19492,"135,528,529"
19493,"207,301,459"
19494,"528,529,530"
19495,"199,529,530"
19496,"11,205,359"
19497,"528,529,530"
19498,"468,529,530"
19499,"271,355,530"
19500,"8,206,249"
19501,"528,529,530"
19502,"313,346,530"
19503,"25,528,529"
19504,"528,529,530"
19505,"528,529,530"
19506,"528,529,530"
19507,"528,529,530"
19508,"313,529,530"
19509,"459,529,530"
19510,"73,528,529"
19511,"170,372,418"
19512,"25,528,529"
19513,"291,444,530"
19514,"194,200,436"
19515,"528,529,530"
19516,"108,204,301"
19517,"128,204,374"
19518,"430,529,530"
19519,"11,73,221"
19520,"340,455,530"
19521,"8,235,340"
19522,"135,528,529"
19523,"528,529,530"
19524,"182,330,529"
19525,"1,334,406"
19526,"182,196,528"
19527,"108,245,455"
19528,"67,528,529"
19529,"301,529,530"
19530,"301,529,530"
19531,"290,529,530"
19532,"528,529,530"
19533,"528,529,530"
19534,"10,24,220"
19535,"528,529,530"
19536,"67,241,248"
19537,"83,528,529"
19538,"366,405,513"
19539,"135,301,497"
19540,"8,206,455"
19541,"374,529,530"
19542,"204,215,315"
19543,"528,529,530"
19544,"280,340,359"
19545,"199,340,425"
19546,"25,220,242"
19547,"108,301,374"
19548,"340,359,497"
19549,"528,529,530"
19550,"528,529,530"
19551,"182,528,529"
19552,"40,368,529"
19553,"84,468,529"
19554,"83,199,524"
19555,"281,529,530"
19556,"216,366,497"
19557,"11,182,313"
19558,"179,528,529"
19559,"528,529,530"
19560,"199,215,494"
19561,"328,529,530"
19562,"528,529,530"
19563,"128,528,529"
19564,"128,129,455"
19565,"67,528,529"
19566,"204,215,334"
19567,"528,529,530"
19568,"455,529,530"
19569,"313,355,456"
19570,"296,405,530"
19571,"528,529,530"
19572,"528,529,530"
19573,"220,313,430"
19574,"425,529,530"
19575,"204,215,315"
19576,"528,529,530"
19577,"528,529,530"
19578,"528,529,530"
19579,"528,529,530"
19580,"187,425,444"
19581,"108,204,301"
19582,"528,529,530"
19583,"128,129,528"
19584,"528,529,530"
19585,"179,528,529"
19586,"455,529,530"
19587,"340,529,530"
19588,"64,323,524"
19589,"271,361,372"
19590,"49,528,529"
19591,"187,241,315"
19592,"135,139,296"
19593,"187,205,241"
19594,"340,359,530"
19595,"330,529,530"
19596,"4,182,340"
19597,"130,468,529"
19598,"69,170,179"
19599,"267,529,530"
19600,"455,529,530"
19601,"2,199,455"
19602,"196,528,529"
19603,"25,220,455"
19604,"301,459,530"
19605,"16,204,337"
19606,"528,529,530"
19607,"29,108,301"
19608,"2,360,455"
19609,"11,69,455"
19610,"108,124,301"
19611,"122,160,215"
19612,"128,129,247"
19613,"49,455,529"
19614,"8,206,455"
19615,"127,263,301"
19616,"528,529,530"
19617,"405,529,530"
19618,"196,405,498"
19619,"25,220,242"
19620,"256,311,340"
19621,"100,194,200"
19622,"278,483,530"
19623,"528,529,530"
19624,"199,297,530"
19625,"528,529,530"
19626,"173,301,529"
19627,"8,206,528"
19628,"40,368,480"
19629,"84,468,529"
19630,"44,80,514"
19631,"128,497,529"
19632,"108,301,529"
19633,"528,529,530"
19634,"296,452,530"
19635,"135,528,529"
19636,"182,374,529"
19637,"528,529,530"
19638,"349,418,530"
19639,"528,529,530"
19640,"83,374,405"
19641,"173,187,241"
19642,"10,128,129"
19643,"135,528,529"
19644,"16,194,204"
19645,"44,73,220"
19646,"170,179,528"
19647,"179,355,456"
19648,"455,529,530"
19649,"270,444,530"
19650,"528,529,530"
19651,"280,529,530"
19652,"528,529,530"
19653,"45,430,529"
19654,"40,368,529"
19655,"313,529,530"
19656,"528,529,530"
19657,"528,529,530"
