id,labels
0,"0,1"
1,"17,168"
2,"0,1"
3,"0,1"
4,"28,271,456"
5,"265,271,349"
6,"0,131,241"
7,"0,1"
8,"24,49,271"
9,"21,108,187"
10,"131,241,265"
11,"0,1"
12,"40,160"
13,"271,355,456"
14,"0,1"
15,"21,28,172"
16,"0,1"
17,"0,1"
18,"0,1"
19,"10,220"
20,"0,1"
21,"0,1"
22,"13,15,16"
23,"53,265,340"
24,"0,1"
25,"0,1"
26,"0,1"
27,"0,1"
28,"3,200,337"
29,"21,182"
30,"0,1"
31,"0,1"
32,"0,1"
33,"0,1"
34,"10,220,242"
35,"265,340"
36,"0,1"
37,"13,296,300"
38,"0,1"
39,"0,1"
40,"271,444"
41,"200,265,337"
42,"0,1"
43,"0,1"
44,"0,1"
45,"0,1"
46,"17,168"
47,"11,419"
48,"0,1"
49,"11,296,417"
50,"0,1"
51,"0,1"
52,"10,64,220"
53,"11,265,340"
54,"21,182,301"
55,"0,1"
56,"220,221,271"
57,"21,182,277"
58,"0,1"
59,"145,194"
60,"0,1"
61,"10,64,199"
62,"277,288,458"
63,"0,1"
64,"0,1"
65,"265,340"
66,"0,1"
67,"0,1"
68,"21,187"
69,"277,278"
70,"0,1"
71,"0,1"
72,"337,339"
73,"53,430"
74,"10,23,24"
75,"265,271,340"
76,"131,241"
77,"271,355,456"
78,"13,160,204"
79,"10,24,25"
80,"0,1"
81,"0,1"
82,"0,1"
83,"0,1"
84,"0,1"
85,"0,1"
86,"0,1"
87,"21,182"
88,"26,40,89"
89,"0,1"
90,"0,271,313"
91,"24,25,220"
92,"0,216,271"
93,"0,1"
94,"0,1"
95,"0,296,313"
96,"24,49"
97,"145,194,199"
98,"64,145,402"
99,"23,251,337"
100,"0,313"
101,"0,1"
102,"0,1"
103,"13,21,108"
104,"44,145"
105,"0,271,313"
106,"0,1"
107,"0,1"
108,"1,2,277"
109,"277,288,458"
110,"0,1"
111,"40,128,129"
112,"0,1"
113,"21,131,187"
114,"10,24,25"
115,"0,1"
116,"0,13,204"
117,"0,1"
118,"0,1"
119,"21,131,187"
120,"0,1"
121,"265,340"
122,"21,131,187"
123,"0,1"
124,"0,1"
125,"169,311"
126,"271,444"
127,"0,1"
128,"0,21,172"
129,"64,265,340"
130,"21,131,187"
131,"0,1"
132,"0,1"
133,"28,364"
134,"169,311"
135,"21,131,187"
136,"0,313"
137,"0,313"
138,"0,265,313"
139,"28,207"
140,"145,194,199"
141,"312,426"
142,"0,255"
143,"0,1"
144,"0,1"
145,"0,1"
146,"11,21,182"
147,"0,1"
148,"0,10,11"
149,"40,160,196"
150,"271,313,397"
151,"0,1"
152,"21,182"
153,"265,271,355"
154,"17,145,168"
155,"40,128,129"
156,"11,31,328"
157,"64,145,402"
158,"21,172"
159,"271,455"
160,"0,1"
161,"0,1"
162,"21,182"
163,"0,1"
164,"265,288,425"
165,"31,328"
166,"0,1"
167,"0,1"
168,"0,313"
169,"0,1"
170,"0,1"
171,"0,1"
172,"0,1"
173,"271,455"
174,"0,1"
175,"28,29,277"
176,"271,455"
177,"0,1"
178,"0,1"
179,"23,26,251"
180,"1,483"
181,"0,1"
182,"0,265,313"
183,"3,51"
184,"0,213,214"
185,"0,1"
186,"212,216,254"
187,"21,170,301"
188,"0,1"
189,"40,128,129"
190,"0,1"
191,"0,1"
192,"0,1"
193,"0,1"
194,"0,1"
195,"218,271,456"
196,"0,1"
197,"151,152,160"
198,"40,128,129"
199,"0,1"
200,"0,1"
201,"41,184,215"
202,"0,1"
203,"0,1"
204,"160,315"
205,"0,1"
206,"0,1"
207,"38,91"
208,"271,444"
209,"0,1"
210,"0,1"
211,"0,1"
212,"265,340"
213,"265,340"
214,"265,271,418"
215,"0,1"
216,"0,1"
217,"199,382"
218,"0,1"
219,"40,160"
220,"38,39"
221,"271,355,456"
222,"265,340"
223,"0,1"
224,"0,1"
225,"277,288,458"
226,"0,1"
227,"0,1"
228,"3,200,337"
229,"0,1"
230,"10,145,220"
231,"0,1"
232,"0,1,357"
233,"15,16,144"
234,"21,131,187"
235,"170,436"
236,"0,1"
237,"0,1"
238,"10,220"
239,"8,514"
240,"0,1"
241,"0,1,357"
242,"13,296,300"
243,"60,92"
244,"213,214,271"
245,"131,241,271"
246,"11,419"
247,"40,131,160"
248,"3,200,337"
249,"271,366"
250,"0,1"
251,"10,220,265"
252,"0,1"
253,"28,265,364"
254,"0,1"
255,"0,313"
256,"0,1"
257,"0,1"
258,"296,417"
259,"0,313"
260,"213,359"
261,"0,1"
262,"0,1"
263,"0,1"
264,"145,194,199"
265,"0,271"
266,"0,1"
267,"271,455"
268,"21,182"
269,"40,160"
270,"21,124,184"
271,"0,1"
272,"24,49,170"
273,"265,340"
274,"0,1"
275,"0,1"
276,"0,1"
277,"0,1"
278,"0,1"
279,"0,1"
280,"0,1"
281,"23,24,25"
282,"0,271,313"
283,"131,241"
284,"199,374"
285,"21,53,108"
286,"0,1"
287,"0,1"
288,"0,1"
289,"40,128,129"
290,"0,271,313"
291,"0,1"
292,"0,23,24"
293,"0,1"
294,"0,1"
295,"0,1"
296,"0,1"
297,"0,1"
298,"199,374"
299,"21,170,301"
300,"0,1"
301,"21,34,127"
302,"17,168,213"
303,"0,1"
304,"0,1"
305,"0,28,29"
306,"0,1"
307,"23,26,251"
308,"10,23,24"
309,"265,340"
310,"0,1"
311,"0,213,271"
312,"265,340"
313,"0,1"
314,"11,220,221"
315,"0,271,313"
316,"41,184,215"
317,"0,1"
318,"21,182,199"
319,"0,313"
320,"0,249"
321,"21,131,187"
322,"0,1"
323,"0,216,265"
324,"40,160"
325,"0,1"
326,"28,364"
327,"0,1"
328,"0,1"
329,"255,271,444"
330,"0,1"
331,"0,1"
332,"265,271,449"
333,"265,340"
334,"0,213,214"
335,"0,1"
336,"60,92,296"
337,"21,187,271"
338,"0,1"
339,"21,301"
340,"10,220"
341,"13,21,108"
342,"40,128,129"
343,"0,1"
344,"0,1"
345,"10,220,265"
346,"160,296,315"
347,"0,1"
348,"0,1"
349,"296,300"
350,"10,11,44"
351,"0,1"
352,"13,204"
353,"0,1"
354,"21,111,267"
355,"10,220,221"
356,"40,128,129"
357,"64,448"
358,"0,1,357"
359,"10,64,199"
360,"265,340"
361,"64,145,402"
362,"21,170,301"
363,"271,366"
364,"10,220"
365,"213,252,255"
366,"0,1"
367,"0,1"
368,"0,1"
369,"0,1"
370,"21,182"
371,"0,1"
372,"8,160,196"
373,"0,1"
374,"28,265,310"
375,"131,220,221"
376,"0,1"
377,"0,1"
378,"11,28,29"
379,"24,25,213"
380,"0,1"
381,"0,1"
382,"0,1"
383,"21,131,187"
384,"199,382"
385,"23,24,170"
386,"24,25"
387,"0,1"
388,"288,497"
389,"0,1"
390,"23,24,25"
391,"0,1"
392,"265,271,280"
393,"0,1"
394,"10,220,265"
395,"0,1"
396,"10,64,199"
397,"0,1"
398,"0,1"
399,"265,273"
400,"10,44,145"
401,"0,1"
402,"21,301"
403,"40,160,255"
404,"0,1"
405,"0,1,357"
406,"0,1"
407,"28,29,271"
408,"21,131,187"
409,"0,1"
410,"265,425"
411,"15,16,28"
412,"24,49"
413,"0,1"
414,"0,1"
415,"0,1"
416,"0,1"
417,"10,220,265"
418,"0,255"
419,"0,1"
420,"0,1"
421,"10,220"
422,"271,355,456"
423,"0,1"
424,"271,355,456"
425,"0,271,277"
426,"0,313"
427,"0,1"
428,"21,131,187"
429,"271,444"
430,"0,1"
431,"26,350"
432,"0,1"
433,"0,1,357"
434,"11,419"
435,"271,455"
436,"271,444"
437,"10,220,221"
438,"0,1"
439,"169,337"
440,"0,1"
441,"10,220,265"
442,"0,1"
443,"21,172"
444,"0,1"
445,"13,204,265"
446,"265,340"
447,"0,1"
448,"0,1"
449,"0,313"
450,"8,271,444"
451,"213,214,288"
452,"28,364"
453,"265,340"
454,"21,172"
455,"0,1"
456,"0,1"
457,"10,64,448"
458,"0,1"
459,"199,374"
460,"28,29,271"
461,"21,34,127"
462,"8,514"
463,"0,1"
464,"271,313,360"
465,"28,29,271"
466,"0,1"
467,"40,128,129"
468,"10,11"
469,"1,277,278"
470,"0,1"
471,"8,514"
472,"0,1"
473,"0,216,255"
474,"8,514"
475,"0,271,355"
476,"0,1"
477,"17,168"
478,"160,315"
479,"0,1"
480,"296,452"
481,"0,1"
482,"0,1"
483,"0,313"
484,"28,29,271"
485,"10,220,265"
486,"0,1"
487,"265,277,425"
488,"0,1"
489,"28,160,315"
490,"10,64,199"
491,"13,296,300"
492,"199,323"
493,"277,458"
494,"0,1"
495,"213,214"
496,"0,1"
497,"0,10,216"
498,"0,1"
499,"64,288,448"
500,"0,1"
501,"0,1"
502,"0,1"
503,"10,64,199"
504,"3,200,337"
505,"0,1"
506,"0,1"
507,"131,241,271"
508,"21,108,301"
509,"53,393"
510,"13,160,204"
511,"13,160,204"
512,"0,1"
513,"0,1"
514,"15,16,265"
515,"40,131,160"
516,"131,241,255"
517,"0,1"
518,"0,10"
519,"15,16"
520,"10,220,265"
521,"255,288,484"
522,"0,1"
523,"17,145,168"
524,"0,1"
525,"28,29"
526,"0,1"
527,"0,1"
528,"40,131,160"
529,"21,187"
530,"0,1"
531,"10,24,25"
532,"0,1"
533,"255,277,458"
534,"265,271,449"
535,"28,29"
536,"0,1"
537,"271,280,288"
538,"265,340"
539,"0,1"
540,"271,313,360"
541,"0,1"
542,"0,1"
543,"21,34,127"
544,"11,40,41"
545,"0,1"
546,"0,1"
547,"0,1"
548,"21,182"
549,"199,323"
550,"21,170,301"
551,"0,1"
552,"23,76"
553,"8,160,196"
554,"0,313"
555,"0,1"
556,"0,1"
557,"0,1"
558,"0,1"
559,"31,328"
560,"220,221,265"
561,"265,340"
562,"220,221,242"
563,"170,265,376"
564,"0,1"
565,"0,1"
566,"0,313"
567,"271,355,456"
568,"0,1"
569,"10,11"
570,"0,1"
571,"271,455"
572,"296,428,452"
573,"0,1"
574,"0,1"
575,"0,1"
576,"0,1"
577,"0,313"
578,"0,1"
579,"10,40,160"
580,"10,64,199"
581,"1,2,483"
582,"0,213,255"
583,"0,1"
584,"40,160"
585,"0,1,357"
586,"24,25,220"
587,"271,455"
588,"0,1"
589,"21,170,301"
590,"0,1"
591,"0,1"
592,"0,1"
593,"0,1"
594,"10,24,25"
595,"0,13,216"
596,"0,1"
597,"28,518"
598,"21,265,301"
599,"0,1"
600,"160,296,315"
601,"60,92"
602,"3,200,337"
603,"265,349,418"
604,"21,182"
605,"0,1"
606,"40,41,160"
607,"265,271,340"
608,"0,271"
609,"271,355"
610,"28,40,160"
611,"28,29"
612,"170,265,340"
613,"3,200,337"
614,"0,1"
615,"0,271,313"
616,"10,23,24"
617,"31,290"
618,"0,1"
619,"0,1"
620,"271,355,456"
621,"0,1"
622,"0,1"
623,"0,1"
624,"0,1"
625,"0,271,313"
626,"24,25"
627,"21,199,301"
628,"0,216"
629,"21,182"
630,"10,31,220"
631,"265,340"
632,"0,1"
633,"0,1"
634,"271,313,397"
635,"8,514"
636,"13,401"
637,"160,315"
638,"151,152,160"
639,"21,172,271"
640,"8,170,436"
641,"21,131,187"
642,"199,374"
643,"0,1"
644,"0,1"
645,"40,128,129"
646,"0,1"
647,"0,1"
648,"0,1"
649,"0,1"
650,"38,240"
651,"28,29"
652,"0,1"
653,"40,41"
654,"0,1"
655,"255,372"
656,"21,182,265"
657,"271,280"
658,"265,340"
659,"0,1"
660,"265,340"
661,"271,296,452"
662,"0,1"
663,"0,1"
664,"10,11,13"
665,"0,1"
666,"0,1"
667,"24,25"
668,"0,28,29"
669,"0,1"
670,"0,1"
671,"64,145,402"
672,"10,145,220"
673,"0,1,271"
674,"13,296,300"
675,"64,80"
676,"64,80"
677,"3,200,337"
678,"0,1"
679,"10,220"
680,"0,1"
681,"0,1"
682,"10,64,199"
683,"0,1"
684,"40,160"
685,"271,455"
686,"10,220"
687,"271,444"
688,"24,25"
689,"10,220,242"
690,"0,1"
691,"0,1"
692,"0,1"
693,"0,1"
694,"0,1"
695,"38,39"
696,"41,184,215"
697,"255,480"
698,"0,1"
699,"60,92"
700,"0,1"
701,"0,1"
702,"21,131,187"
703,"0,1"
704,"120,121,145"
705,"265,271,340"
706,"0,1"
707,"28,29"
708,"265,271,355"
709,"21,24,49"
710,"0,1"
711,"199,374"
712,"15,16"
713,"288,497,498"
714,"10,64,271"
715,"24,49"
716,"265,340"
717,"0,1"
718,"0,1"
719,"199,382"
720,"0,1"
721,"0,1"
722,"21,169,187"
723,"21,265,301"
724,"0,1"
725,"0,1"
726,"0,271,444"
727,"313,511"
728,"0,1"
729,"11,28,29"
730,"23,251,337"
731,"213,359"
732,"3,200,337"
733,"0,1"
734,"0,1"
735,"0,1"
736,"0,1"
737,"0,1"
738,"0,1"
739,"0,8,313"
740,"0,1"
741,"271,355"
742,"21,40,160"
743,"0,1"
744,"0,1"
745,"0,1"
746,"0,1"
747,"0,1"
748,"265,273"
749,"0,1"
750,"0,1"
751,"60,92"
752,"24,25,265"
753,"0,1"
754,"0,1"
755,"0,1"
756,"220,221"
757,"131,241"
758,"0,1"
759,"13,15,16"
760,"0,1"
761,"60,92"
762,"0,1"
763,"0,1"
764,"0,1"
765,"0,1"
766,"265,271,340"
767,"0,1"
768,"0,255,265"
769,"0,1"
770,"0,1"
771,"10,64,199"
772,"0,1"
773,"28,29,265"
774,"0,1"
775,"0,1"
776,"0,1"
777,"21,182"
778,"0,1"
779,"0,1"
780,"0,1"
781,"0,1"
782,"271,355,455"
783,"0,1"
784,"21,108,301"
785,"265,425"
786,"213,214,288"
787,"0,1"
788,"0,1"
789,"0,313"
790,"0,1"
791,"24,25,220"
792,"0,10,313"
793,"0,1"
794,"24,25"
795,"0,1"
796,"265,340"
797,"0,1"
798,"21,60,92"
799,"0,1"
800,"0,1"
801,"0,1"
802,"0,1"
803,"0,1"
804,"271,455"
805,"10,24,25"
806,"0,313"
807,"0,1"
808,"21,131,187"
809,"10,31,220"
810,"0,1"
811,"0,313"
812,"40,160"
813,"0,1,357"
814,"160,265,315"
815,"0,1"
816,"213,214"
817,"0,1"
818,"0,1"
819,"0,1"
820,"277,313,397"
821,"21,182"
822,"0,1"
823,"0,1"
824,"0,1"
825,"0,1"
826,"271,355,456"
827,"255,372"
828,"0,1"
829,"21,131,187"
830,"0,1"
831,"0,213,214"
832,"23,26"
833,"0,1"
834,"21,64,80"
835,"160,296,315"
836,"0,1"
837,"13,199,204"
838,"21,182"
839,"0,1"
840,"28,29,40"
841,"199,374"
842,"3,200,337"
843,"0,1"
844,"0,1"
845,"0,1"
846,"0,1"
847,"0,313"
848,"271,355,456"
849,"0,1"
850,"0,1"
851,"0,313"
852,"0,1"
853,"17,168"
854,"0,271"
855,"160,315"
856,"21,131,187"
857,"21,131,187"
858,"0,1"
859,"40,160"
860,"28,29"
861,"0,1"
862,"0,1"
863,"0,1"
864,"0,1"
865,"53,199,281"
866,"21,170,301"
867,"0,1"
868,"21,170,301"
869,"0,1"
870,"21,131,187"
871,"13,160,204"
872,"0,1"
873,"0,1"
874,"0,213,214"
875,"0,1"
876,"13,122"
877,"0,1"
878,"0,1"
879,"28,29"
880,"21,28,301"
881,"0,1"
882,"64,145,402"
883,"0,1"
884,"44,64,145"
885,"0,1"
886,"24,25,31"
887,"0,1"
888,"0,1"
889,"0,1"
890,"0,313"
891,"0,1"
892,"0,1"
893,"10,11"
894,"0,313"
895,"265,340"
896,"10,220"
897,"0,1"
898,"13,160,204"
899,"0,1"
900,"0,1"
901,"0,1"
902,"0,40,160"
903,"0,1"
904,"0,1"
905,"0,1"
906,"0,1,357"
907,"271,313,360"
908,"0,1"
909,"8,131,241"
910,"10,220,242"
911,"313,397"
912,"10,23,24"
913,"8,64,448"
914,"10,64,199"
915,"0,1"
916,"0,1"
917,"0,1"
918,"21,108,301"
919,"0,1"
920,"0,1"
921,"11,13,204"
922,"11,28,113"
923,"0,1"
924,"160,315"
925,"0,1"
926,"11,419"
927,"0,313"
928,"0,1"
929,"0,1"
930,"26,40,89"
931,"0,1"
932,"0,1"
933,"0,1"
934,"30,117,199"
935,"40,128,129"
936,"0,1"
937,"21,301"
938,"0,1"
939,"0,1"
940,"0,1"
941,"40,128,129"
942,"0,1"
943,"0,1"
944,"21,182"
945,"0,1"
946,"271,288,455"
947,"0,1"
948,"0,1"
949,"0,1"
950,"0,271,455"
951,"199,323"
952,"0,1"
953,"271,444"
954,"0,1"
955,"277,288,458"
956,"0,1"
957,"199,323"
958,"11,419"
959,"0,10"
960,"0,1"
961,"1,277,278"
962,"40,128,129"
963,"0,1"
964,"0,1"
965,"0,313"
966,"21,131,187"
967,"213,214"
968,"0,1"
969,"0,1"
970,"160,199,315"
971,"0,1"
972,"0,1"
973,"0,1"
974,"24,25"
975,"255,277,372"
976,"0,1"
977,"160,315"
978,"21,131,187"
979,"21,33,74"
980,"0,1"
981,"1,2,255"
982,"265,340"
983,"0,1"
984,"0,1"
985,"151,152,160"
986,"0,1"
987,"0,1"
988,"0,1"
989,"145,194"
990,"21,131,187"
991,"213,220,242"
992,"0,1"
993,"0,1"
994,"0,1"
995,"271,366,444"
996,"160,296,315"
997,"0,1"
998,"21,301"
999,"160,296,315"
1000,"23,26,265"
1001,"21,108,271"
1002,"0,213,214"
1003,"0,255"
1004,"0,21,108"
1005,"277,288,458"
1006,"0,1"
1007,"10,23,24"
1008,"0,1"
1009,"0,1"
1010,"160,196,271"
1011,"271,455"
1012,"0,216"
1013,"10,64,199"
1014,"0,1"
1015,"265,418"
1016,"0,1"
1017,"337,339"
1018,"21,187,271"
1019,"255,265,340"
1020,"0,1,28"
1021,"24,25,220"
1022,"271,313,360"
1023,"23,26,251"
1024,"0,1"
1025,"131,241"
1026,"0,213,313"
1027,"271,291,444"
1028,"21,131,187"
1029,"0,1"
1030,"13,271,401"
1031,"0,1"
1032,"271,455"
1033,"213,214"
1034,"0,1"
1035,"0,1"
1036,"0,1"
1037,"271,291,444"
1038,"40,139"
1039,"0,1"
1040,"0,1"
1041,"0,313"
1042,"265,271,349"
1043,"265,340,425"
1044,"265,376"
1045,"0,1"
1046,"0,1"
1047,"0,313"
1048,"10,220"
1049,"0,1"
1050,"0,1"
1051,"0,1"
1052,"10,220,242"
1053,"0,1"
1054,"0,1"
1055,"21,131,187"
1056,"10,220,221"
1057,"0,1"
1058,"21,301"
1059,"21,301"
1060,"0,1"
1061,"28,170,207"
1062,"265,340"
1063,"271,288,449"
1064,"179,271,426"
1065,"199,265,340"
1066,"0,64,313"
1067,"26,89"
1068,"265,273"
1069,"40,44,73"
1070,"200,265,337"
1071,"53,265,425"
1072,"199,271,323"
1073,"277,288,458"
1074,"0,1"
1075,"0,1"
1076,"251,265,337"
1077,"21,28,29"
1078,"160,296,315"
1079,"0,1"
1080,"13,21,108"
1081,"0,1"
1082,"0,1"
1083,"21,182"
1084,"151,152,160"
1085,"271,355,456"
1086,"0,277,413"
1087,"0,1"
1088,"1,277,278"
1089,"21,160,182"
1090,"277,278"
1091,"11,419"
1092,"199,382"
1093,"0,1"
1094,"0,1"
1095,"271,288,456"
1096,"21,170,301"
1097,"0,1"
1098,"277,513"
1099,"0,1"
1100,"0,271,277"
1101,"0,1,2"
1102,"0,1"
1103,"131,145,241"
1104,"0,1"
1105,"199,382"
1106,"0,1"
1107,"40,128,129"
1108,"0,1"
1109,"0,1"
1110,"0,1"
1111,"0,1"
1112,"0,1"
1113,"265,340"
1114,"0,1"
1115,"40,160,213"
1116,"13,21,108"
1117,"265,349"
1118,"179,265,340"
1119,"28,199,374"
1120,"0,1"
1121,"21,108,145"
1122,"0,1"
1123,"265,271,340"
1124,"0,1"
1125,"170,213,359"
1126,"0,1"
1127,"271,444"
1128,"0,1"
1129,"0,271,360"
1130,"0,313"
1131,"0,1"
1132,"0,1"
1133,"64,145,448"
1134,"220,221"
1135,"288,497"
1136,"0,1"
1137,"0,1"
1138,"10,220,288"
1139,"0,1"
1140,"28,29"
1141,"0,1"
1142,"10,220,221"
1143,"271,444"
1144,"265,376"
1145,"0,1"
1146,"28,207"
1147,"28,29,271"
1148,"23,251,337"
1149,"0,1"
1150,"21,34,127"
1151,"0,1"
1152,"0,1"
1153,"10,220"
1154,"10,17,168"
1155,"8,120,121"
1156,"40,128,129"
1157,"271,313,397"
1158,"28,29"
1159,"8,514"
1160,"0,1"
1161,"21,131,182"
1162,"40,128,129"
1163,"0,1"
1164,"265,340,488"
1165,"271,366"
1166,"0,1"
1167,"0,1"
1168,"271,355,424"
1169,"31,245"
1170,"213,214,288"
1171,"0,1"
1172,"0,1"
1173,"265,425,488"
1174,"0,1"
1175,"21,131,187"
1176,"0,1"
1177,"265,340,425"
1178,"0,1"
1179,"0,1"
1180,"0,1"
1181,"0,1"
1182,"265,340,425"
1183,"1,28,29"
1184,"8,514"
1185,"0,1"
1186,"24,25,220"
1187,"0,1"
1188,"0,1"
1189,"213,359"
1190,"0,1"
1191,"271,455"
1192,"11,21,301"
1193,"160,315"
1194,"265,340,349"
1195,"265,273"
1196,"0,1"
1197,"151,152,160"
1198,"216,422"
1199,"120,121,145"
1200,"64,145,402"
1201,"0,1"
1202,"265,340"
1203,"265,340"
1204,"21,131,187"
1205,"0,1"
1206,"0,1"
1207,"265,271,280"
1208,"10,23,24"
1209,"0,1"
1210,"0,1"
1211,"0,1"
1212,"64,145,448"
1213,"17,24,25"
1214,"271,355,456"
1215,"10,23,24"
1216,"0,1"
1217,"170,265,340"
1218,"21,182,271"
1219,"24,25"
1220,"0,1"
1221,"220,221,265"
1222,"0,1"
1223,"199,271,374"
1224,"60,92"
1225,"10,11,151"
1226,"21,182,199"
1227,"0,1"
1228,"0,1"
1229,"0,1"
1230,"0,1"
1231,"0,1"
1232,"216,288,380"
1233,"0,1"
1234,"0,313"
1235,"13,160,204"
1236,"10,220,242"
1237,"0,1"
1238,"0,1"
1239,"0,1"
1240,"271,355"
1241,"28,29"
1242,"0,40,128"
1243,"53,430"
1244,"21,131,187"
1245,"0,271,313"
1246,"0,1"
1247,"199,382"
1248,"0,1"
1249,"0,1"
1250,"265,340"
1251,"0,1"
1252,"0,1"
1253,"160,296,315"
1254,"160,315"
1255,"0,255,313"
1256,"21,182"
1257,"0,131,241"
1258,"271,444"
1259,"271,355"
1260,"265,340"
1261,"0,1"
1262,"0,1"
1263,"0,1"
1264,"0,313"
1265,"0,1"
1266,"0,1"
1267,"265,376,425"
1268,"21,160,182"
1269,"0,1"
1270,"40,139,153"
1271,"0,64,80"
1272,"0,1"
1273,"0,1"
1274,"0,1"
1275,"0,1"
1276,"0,1"
1277,"111,265,267"
1278,"0,1"
1279,"0,1"
1280,"0,1"
1281,"0,1"
1282,"28,518"
1283,"0,1"
1284,"169,311"
1285,"145,194,271"
1286,"255,271,456"
1287,"0,1"
1288,"0,313"
1289,"265,376"
1290,"10,220,242"
1291,"0,1"
1292,"255,480"
1293,"0,1"
1294,"4,176"
1295,"0,1"
1296,"0,1"
1297,"0,1"
1298,"265,340"
1299,"160,296,315"
1300,"0,1"
1301,"0,1"
1302,"0,1"
1303,"31,265,290"
1304,"0,1"
1305,"0,1"
1306,"0,1"
1307,"0,1"
1308,"0,1"
1309,"0,1"
1310,"0,1"
1311,"199,382"
1312,"271,355"
1313,"0,28,29"
1314,"60,92"
1315,"265,273,296"
1316,"0,1"
1317,"53,265,340"
1318,"0,1"
1319,"271,455"
1320,"0,1"
1321,"23,24,25"
1322,"265,340"
1323,"0,1"
1324,"0,1"
1325,"0,1"
1326,"0,1"
1327,"10,24,25"
1328,"271,455"
1329,"265,271,340"
1330,"0,1"
1331,"0,1"
1332,"1,277,278"
1333,"28,29,271"
1334,"0,213,271"
1335,"21,28,108"
1336,"170,199,343"
1337,"10,23,24"
1338,"0,1"
1339,"0,1"
1340,"21,131,187"
1341,"0,1"
1342,"53,430"
1343,"0,1"
1344,"0,1"
1345,"0,1"
1346,"0,216,313"
1347,"0,1"
1348,"0,1"
1349,"199,323"
1350,"0,1"
1351,"0,1"
1352,"0,1"
1353,"0,313"
1354,"0,1"
1355,"0,1,357"
1356,"0,1"
1357,"21,265,301"
1358,"0,1"
1359,"265,340"
1360,"0,1"
1361,"0,1"
1362,"0,1"
1363,"0,1"
1364,"265,273"
1365,"24,25,265"
1366,"0,1"
1367,"28,310"
1368,"0,1"
1369,"0,1"
1370,"288,498"
1371,"0,1"
1372,"44,64,145"
1373,"0,1"
1374,"265,271,280"
1375,"0,10"
1376,"271,455"
1377,"8,270"
1378,"271,288,456"
1379,"0,1"
1380,"0,313"
1381,"0,1"
1382,"21,301"
1383,"0,1"
1384,"0,1"
1385,"53,199,374"
1386,"0,1"
1387,"23,26,265"
1388,"0,1"
1389,"0,1"
1390,"0,1"
1391,"0,216,313"
1392,"21,34,127"
1393,"40,41,131"
1394,"0,1"
1395,"0,1"
1396,"0,313"
1397,"0,271,313"
1398,"0,1"
1399,"170,436"
1400,"0,1"
1401,"0,1"
1402,"0,1"
1403,"21,160,187"
1404,"0,271,313"
1405,"199,271,323"
1406,"3,200,337"
1407,"0,1"
1408,"265,376,425"
1409,"13,21,108"
1410,"0,1"
1411,"251,265,337"
1412,"21,131,187"
1413,"0,1"
1414,"10,220,242"
1415,"11,220,221"
1416,"0,1"
1417,"0,1"
1418,"200,271,337"
1419,"271,355,449"
1420,"53,430"
1421,"0,1"
1422,"151,152,160"
1423,"23,251,337"
1424,"0,1"
1425,"0,1"
1426,"265,273"
1427,"0,1"
1428,"40,160"
1429,"0,1"
1430,"0,10"
1431,"28,29,271"
1432,"0,313"
1433,"0,1"
1434,"213,214"
1435,"0,1"
1436,"0,1"
1437,"271,313,360"
1438,"0,1"
1439,"0,1"
1440,"265,271,340"
1441,"21,170,301"
1442,"277,513"
1443,"0,1"
1444,"0,1"
1445,"120,121,145"
1446,"0,1"
1447,"0,1"
1448,"21,53,182"
1449,"0,1"
1450,"271,280,355"
1451,"265,340"
1452,"11,53,419"
1453,"0,1"
1454,"24,25,199"
1455,"40,160,213"
1456,"21,182,265"
1457,"28,29"
1458,"131,241"
1459,"0,1"
1460,"13,15,16"
1461,"0,1"
1462,"40,128,129"
1463,"0,313"
1464,"0,1"
1465,"0,213,313"
1466,"265,271,280"
1467,"337,339"
1468,"218,271,456"
1469,"8,160,196"
1470,"0,1"
1471,"21,131,187"
1472,"265,288,340"
1473,"0,1"
1474,"21,108,301"
1475,"0,1"
1476,"17,38,168"
1477,"21,182,271"
1478,"40,160,271"
1479,"53,271,430"
1480,"0,1"
1481,"0,1"
1482,"0,1"
1483,"40,160,271"
1484,"24,49"
1485,"15,144"
1486,"255,265,340"
1487,"0,1"
1488,"0,1"
1489,"0,1"
1490,"0,1"
1491,"0,1"
1492,"0,1"
1493,"218,271,280"
1494,"0,1"
1495,"0,1"
1496,"0,1"
1497,"0,1"
1498,"0,1"
1499,"271,444"
1500,"24,25"
1501,"0,1"
1502,"0,1"
1503,"10,24,25"
1504,"21,131,187"
1505,"0,1"
1506,"0,1"
1507,"0,271,313"
1508,"0,1"
1509,"0,213,255"
1510,"277,278"
1511,"41,184,215"
1512,"0,1"
1513,"265,340"
1514,"21,131,187"
1515,"21,108,301"
1516,"13,21,108"
1517,"0,1"
1518,"0,1"
1519,"145,194,265"
1520,"160,296,315"
1521,"0,1"
1522,"0,1"
1523,"0,1"
1524,"0,1"
1525,"10,11,44"
1526,"24,49"
1527,"0,1"
1528,"255,288,480"
1529,"64,448"
1530,"28,518"
1531,"24,25"
1532,"0,1,271"
1533,"0,1"
1534,"271,355,456"
1535,"24,25"
1536,"0,1,2"
1537,"13,15,16"
1538,"0,1"
1539,"0,1"
1540,"28,29"
1541,"271,444"
1542,"0,1"
1543,"160,265,315"
1544,"120,121,145"
1545,"0,1"
1546,"0,1"
1547,"11,419"
1548,"40,128,129"
1549,"0,10,313"
1550,"0,1"
1551,"0,1"
1552,"160,296,315"
1553,"0,1"
1554,"0,1"
1555,"0,1"
1556,"0,218,313"
1557,"0,1"
1558,"24,25"
1559,"0,1"
1560,"265,340"
1561,"0,1"
1562,"0,1"
1563,"11,419"
1564,"0,1"
1565,"0,1"
1566,"0,313"
1567,"271,313,355"
1568,"0,1"
1569,"218,271,456"
1570,"0,313"
1571,"44,145"
1572,"21,187"
1573,"0,1"
1574,"0,1"
1575,"23,24,220"
1576,"0,1"
1577,"0,1"
1578,"0,1"
1579,"1,2"
1580,"0,1"
1581,"0,1"
1582,"0,1"
1583,"0,1"
1584,"265,340"
1585,"40,139"
1586,"0,1"
1587,"21,28,182"
1588,"0,1"
1589,"160,296,315"
1590,"21,131,187"
1591,"0,131,241"
1592,"0,1"
1593,"0,1"
1594,"0,1"
1595,"0,1"
1596,"0,1"
1597,"0,1"
1598,"0,1"
1599,"4,19"
1600,"0,1"
1601,"21,131,187"
1602,"271,444"
1603,"131,241,271"
1604,"0,1"
1605,"21,34,127"
1606,"40,41,160"
1607,"0,1"
1608,"21,301"
1609,"15,16"
1610,"24,49,271"
1611,"0,1"
1612,"0,1"
1613,"0,1"
1614,"0,1"
1615,"265,340"
1616,"255,372"
1617,"28,29,40"
1618,"265,340"
1619,"10,24,25"
1620,"0,1"
1621,"0,1"
1622,"199,281"
1623,"0,1"
1624,"271,277,455"
1625,"0,1"
1626,"265,271,280"
1627,"0,1"
1628,"13,160,204"
1629,"0,1"
1630,"265,340"
1631,"23,24,313"
1632,"255,484"
1633,"271,455"
1634,"10,64,199"
1635,"0,1"
1636,"0,1"
1637,"271,355,455"
1638,"0,1"
1639,"10,199,374"
1640,"0,1"
1641,"8,184,243"
1642,"0,1"
1643,"0,1"
1644,"0,1"
1645,"213,214"
1646,"0,1"
1647,"0,1"
1648,"0,1"
1649,"0,1"
1650,"0,1"
1651,"131,241,265"
1652,"0,1"
1653,"0,1"
1654,"21,108,145"
1655,"0,255"
1656,"24,49,145"
1657,"24,25"
1658,"0,1"
1659,"0,313"
1660,"24,25"
1661,"3,200,337"
1662,"40,160"
1663,"0,1"
1664,"21,182"
1665,"64,145,402"
1666,"21,301"
1667,"40,128,129"
1668,"0,1"
1669,"60,92"
1670,"64,265,340"
1671,"10,11"
1672,"0,1"
1673,"265,340"
1674,"0,1"
1675,"0,1"
1676,"0,271,288"
1677,"271,355,456"
1678,"0,313"
1679,"0,1"
1680,"0,1"
1681,"255,394,400"
1682,"53,430"
1683,"0,255,271"
1684,"0,255"
1685,"0,1"
1686,"21,108,301"
1687,"53,200,337"
1688,"0,1"
1689,"0,1"
1690,"0,1"
1691,"0,1"
1692,"0,1"
1693,"265,340"
1694,"255,277,458"
1695,"128,131,186"
1696,"265,376,425"
1697,"0,313"
1698,"21,182,265"
1699,"0,1"
1700,"10,11"
1701,"0,216,254"
1702,"0,1"
1703,"213,214,265"
1704,"10,11,419"
1705,"53,430"
1706,"0,1"
1707,"0,216,422"
1708,"0,1"
1709,"0,1"
1710,"28,364"
1711,"0,216"
1712,"0,1"
1713,"28,29,169"
1714,"17,56,277"
1715,"0,1"
1716,"53,430"
1717,"0,1"
1718,"0,1"
1719,"0,1"
1720,"0,1"
1721,"0,1"
1722,"0,1"
1723,"10,23,26"
1724,"0,1"
1725,"10,220"
1726,"8,514"
1727,"0,1"
1728,"21,131,187"
1729,"145,493"
1730,"131,241,265"
1731,"0,10"
1732,"0,1"
1733,"0,1"
1734,"21,131,187"
1735,"0,271"
1736,"0,1"
1737,"11,220,221"
1738,"0,1"
1739,"0,1"
1740,"0,1"
1741,"0,1"
1742,"0,216"
1743,"0,1,2"
1744,"28,29"
1745,"0,1"
1746,"265,273"
1747,"21,108,301"
1748,"265,271,280"
1749,"64,80,448"
1750,"21,131,187"
1751,"0,1"
1752,"0,1"
1753,"271,455,456"
1754,"0,1"
1755,"0,1"
1756,"0,1"
1757,"0,1"
1758,"0,313"
1759,"8,160,196"
1760,"0,1"
1761,"0,1"
1762,"0,313"
1763,"24,25,265"
1764,"24,25,220"
1765,"0,1"
1766,"13,21,108"
1767,"271,288,456"
1768,"3,51"
1769,"0,1"
1770,"265,340"
1771,"0,1"
1772,"0,131,241"
1773,"23,76"
1774,"0,1"
1775,"0,1"
1776,"0,1"
1777,"265,340"
1778,"0,1"
1779,"21,170,301"
1780,"170,199,343"
1781,"40,160"
1782,"0,271,277"
1783,"0,1"
1784,"0,1"
1785,"0,1"
1786,"0,1"
1787,"10,23,24"
1788,"0,1"
1789,"0,1"
1790,"40,160"
1791,"10,220,242"
1792,"13,160,196"
1793,"0,1"
1794,"0,1"
1795,"277,458"
1796,"23,251,337"
1797,"24,25"
1798,"0,1"
1799,"0,1"
1800,"0,1"
1801,"0,1"
1802,"131,241"
1803,"0,1"
1804,"21,182"
1805,"8,235"
1806,"265,273"
1807,"0,1"
1808,"53,265,340"
1809,"0,1"
1810,"31,454"
1811,"21,108,301"
1812,"0,1"
1813,"23,24,220"
1814,"296,452"
1815,"0,1"
1816,"21,187,265"
1817,"11,419"
1818,"0,1"
1819,"0,1"
1820,"40,128,129"
1821,"0,1"
1822,"21,34,127"
1823,"40,128,129"
1824,"0,1"
1825,"0,1"
1826,"0,1"
1827,"10,220"
1828,"145,194,271"
1829,"0,1"
1830,"0,1"
1831,"0,271,313"
1832,"0,1"
1833,"265,277,340"
1834,"0,229,296"
1835,"0,313"
1836,"21,131,187"
1837,"0,1"
1838,"0,1"
1839,"0,1"
1840,"0,1"
1841,"0,1"
1842,"0,1"
1843,"145,194"
1844,"0,1,357"
1845,"0,10,220"
1846,"0,1"
1847,"0,1"
1848,"271,355,456"
1849,"0,1"
1850,"15,16,28"
1851,"0,1"
1852,"0,1"
1853,"13,122,184"
1854,"160,296,315"
1855,"0,1"
1856,"271,280"
1857,"21,182"
1858,"21,33,74"
1859,"0,1"
1860,"271,455"
1861,"160,199,315"
1862,"271,355,456"
1863,"170,271,436"
1864,"28,265,340"
1865,"0,1"
1866,"277,458"
1867,"28,29"
1868,"0,1"
1869,"0,1"
1870,"0,1"
1871,"0,271,313"
1872,"8,514"
1873,"265,340,349"
1874,"0,1"
1875,"0,313"
1876,"31,328"
1877,"0,1"
1878,"0,1"
1879,"271,355,456"
1880,"271,355,456"
1881,"0,1"
1882,"0,10"
1883,"0,1"
1884,"21,187"
1885,"0,1"
1886,"0,1"
1887,"0,1"
1888,"13,160,204"
1889,"265,340"
1890,"8,514"
1891,"13,15,16"
1892,"271,360,455"
1893,"10,220"
1894,"10,64,199"
1895,"271,313,360"
1896,"0,1"
1897,"23,26,251"
1898,"0,1"
1899,"0,271,313"
1900,"199,374"
1901,"3,200,337"
1902,"0,1"
1903,"21,108,271"
1904,"0,10"
1905,"0,1"
1906,"271,288,456"
1907,"265,340"
1908,"265,340"
1909,"21,182"
1910,"0,1"
1911,"220,221"
1912,"40,128,160"
1913,"170,436"
1914,"160,296,315"
1915,"0,1,271"
1916,"28,364"
1917,"271,355,456"
1918,"213,359"
1919,"0,1"
1920,"0,1"
1921,"10,64,199"
1922,"8,28,514"
1923,"0,1"
1924,"21,53,172"
1925,"21,182"
1926,"13,160,204"
1927,"271,280,355"
1928,"0,1"
1929,"21,301"
1930,"0,1"
1931,"40,128,129"
1932,"0,265,271"
1933,"0,1"
1934,"10,220,242"
1935,"0,1"
1936,"0,1"
1937,"21,34,127"
1938,"265,340"
1939,"24,25,213"
1940,"0,1"
1941,"10,220"
1942,"271,355,456"
1943,"0,288,357"
1944,"8,514"
1945,"0,1"
1946,"0,1"
1947,"0,1"
1948,"10,220"
1949,"10,11,44"
1950,"0,1"
1951,"0,1"
1952,"21,131,182"
1953,"40,160"
1954,"10,220,221"
1955,"0,1"
1956,"0,1"
1957,"0,1"
1958,"0,1"
1959,"265,340"
1960,"0,1"
1961,"0,1"
1962,"24,25"
1963,"21,301"
1964,"0,1"
1965,"271,291,444"
1966,"0,1"
1967,"0,1"
1968,"0,1"
1969,"0,313,397"
1970,"0,1"
1971,"10,23,24"
1972,"24,25,220"
1973,"17,168,199"
1974,"10,220,221"
1975,"265,277,340"
1976,"271,355,455"
1977,"1,277,278"
1978,"265,425,488"
1979,"265,288,340"
1980,"0,1"
1981,"0,1"
1982,"24,25"
1983,"0,1"
1984,"8,235"
1985,"160,296,315"
1986,"277,413"
1987,"271,355,456"
1988,"0,1"
1989,"10,24,25"
1990,"0,1"
1991,"0,265,313"
1992,"0,1"
1993,"0,1"
1994,"160,315"
1995,"0,1"
1996,"0,1"
1997,"0,1"
1998,"271,444"
1999,"0,1"
2000,"271,313,360"
2001,"0,1"
2002,"0,1"
2003,"0,1"
2004,"21,34,187"
2005,"0,1"
2006,"21,160,182"
2007,"0,1"
2008,"31,245"
2009,"11,419"
2010,"0,1"
2011,"1,2,271"
2012,"0,1"
2013,"271,280,355"
2014,"0,1,357"
2015,"271,288,455"
2016,"265,340"
2017,"11,21,182"
2018,"0,1"
2019,"10,24,25"
2020,"0,1"
2021,"0,1"
2022,"265,340"
2023,"0,1"
2024,"0,1"
2025,"40,131,160"
2026,"0,1"
2027,"23,251,337"
2028,"0,1"
2029,"0,1"
2030,"213,359"
2031,"0,1"
2032,"0,1"
2033,"0,1"
2034,"160,315"
2035,"170,199,343"
2036,"0,1"
2037,"3,200,337"
2038,"131,241"
2039,"0,1"
2040,"0,1"
2041,"21,131,241"
2042,"0,1"
2043,"64,265,340"
2044,"212,216,288"
2045,"0,1"
2046,"0,271,313"
2047,"0,1"
2048,"64,145,402"
2049,"0,1"
2050,"0,313"
2051,"0,1"
2052,"296,417"
2053,"0,1"
2054,"0,1"
2055,"53,131,241"
2056,"0,1"
2057,"265,271,340"
2058,"0,1"
2059,"0,271,313"
2060,"0,1"
2061,"265,271,340"
2062,"0,1"
2063,"0,1"
2064,"0,1"
2065,"271,455"
2066,"24,25,170"
2067,"0,1"
2068,"0,1"
2069,"24,49"
2070,"24,25"
2071,"3,200,337"
2072,"0,1"
2073,"17,168"
2074,"0,1"
2075,"0,1"
2076,"0,1"
2077,"0,1"
2078,"0,1"
2079,"0,1"
2080,"0,313"
2081,"0,1"
2082,"271,444,455"
2083,"1,2,255"
2084,"21,169,182"
2085,"0,1"
2086,"0,1"
2087,"265,277,340"
2088,"0,1"
2089,"0,271,313"
2090,"0,1"
2091,"265,271,449"
2092,"21,265,301"
2093,"265,271,366"
2094,"0,1"
2095,"8,235,271"
2096,"0,1"
2097,"265,340"
2098,"0,1"
2099,"0,1"
2100,"0,1"
2101,"160,265,273"
2102,"265,340"
2103,"28,518"
2104,"10,64,170"
2105,"0,1"
2106,"0,1"
2107,"0,1"
2108,"0,1"
2109,"0,1"
2110,"0,1"
2111,"0,1"
2112,"213,214,288"
2113,"13,131,204"
2114,"0,1"
2115,"265,425,488"
2116,"0,1"
2117,"265,425,488"
2118,"44,145"
2119,"0,1"
2120,"21,124,184"
2121,"26,271,350"
2122,"0,1"
2123,"0,1"
2124,"0,1,199"
2125,"24,49"
2126,"0,1"
2127,"13,21,108"
2128,"277,313,397"
2129,"0,1"
2130,"10,11,44"
2131,"0,1"
2132,"21,131,187"
2133,"28,29"
2134,"21,124,184"
2135,"0,1"
2136,"0,1"
2137,"10,23,24"
2138,"0,1"
2139,"0,1"
2140,"28,29"
2141,"0,1"
2142,"0,1"
2143,"0,1"
2144,"24,49"
2145,"0,1"
2146,"296,452"
2147,"0,8"
2148,"10,220,242"
2149,"265,349"
2150,"0,1"
2151,"0,1"
2152,"13,21,108"
2153,"313,397"
2154,"271,355,456"
2155,"265,340"
2156,"0,1"
2157,"0,1,199"
2158,"0,1"
2159,"0,1"
2160,"0,1"
2161,"0,1"
2162,"220,221"
2163,"21,182,265"
2164,"40,160"
2165,"0,1"
2166,"24,25,220"
2167,"0,1"
2168,"0,1"
2169,"199,323"
2170,"0,271,280"
2171,"53,430"
2172,"11,220,221"
2173,"0,1"
2174,"0,1"
2175,"0,1"
2176,"13,160,204"
2177,"0,1"
2178,"0,1"
2179,"3,200,337"
2180,"170,436"
2181,"17,60,92"
2182,"0,1"
2183,"271,355,456"
2184,"0,271,291"
2185,"13,21,108"
2186,"21,127"
2187,"160,315"
2188,"0,1"
2189,"1,277,278"
2190,"0,1"
2191,"0,1"
2192,"0,1"
2193,"13,15,16"
2194,"0,271"
2195,"265,340"
2196,"271,444"
2197,"131,160,241"
2198,"10,220,242"
2199,"0,1"
2200,"11,419"
2201,"271,355,456"
2202,"21,131,187"
2203,"0,1"
2204,"0,1"
2205,"0,1"
2206,"0,1"
2207,"0,265,271"
2208,"0,313"
2209,"0,1"
2210,"0,1"
2211,"271,455"
2212,"13,21,108"
2213,"0,1"
2214,"0,1"
2215,"13,160,204"
2216,"265,340"
2217,"0,1"
2218,"10,220,242"
2219,"145,493"
2220,"24,25"
2221,"0,1"
2222,"199,374"
2223,"0,1,313"
2224,"0,64,80"
2225,"21,182"
2226,"1,2,483"
2227,"10,220,242"
2228,"13,15,16"
2229,"1,2,271"
2230,"0,1"
2231,"10,220,242"
2232,"0,1"
2233,"271,355,456"
2234,"0,1"
2235,"10,220"
2236,"24,25,265"
2237,"271,355,456"
2238,"10,23,24"
2239,"265,340,425"
2240,"0,1"
2241,"0,1"
2242,"21,182,265"
2243,"0,1"
2244,"10,64,199"
2245,"271,444"
2246,"0,1"
2247,"24,25,220"
2248,"0,1"
2249,"64,448"
2250,"40,160"
2251,"0,1"
2252,"0,1"
2253,"24,25,220"
2254,"53,296,417"
2255,"10,11"
2256,"17,168,199"
2257,"265,271,376"
2258,"0,271,444"
2259,"10,220,221"
2260,"0,1"
2261,"13,15,16"
2262,"0,1"
2263,"0,1"
2264,"212,216,254"
2265,"11,419"
2266,"0,1"
2267,"0,1"
2268,"271,288,449"
2269,"0,1"
2270,"0,1"
2271,"0,313"
2272,"53,199,382"
2273,"21,182,213"
2274,"0,1"
2275,"0,1"
2276,"0,1"
2277,"0,1"
2278,"0,1"
2279,"271,313,397"
2280,"0,1,271"
2281,"0,1"
2282,"28,29,199"
2283,"0,1"
2284,"0,1"
2285,"265,340"
2286,"3,200,337"
2287,"21,301"
2288,"11,169,311"
2289,"10,220,242"
2290,"0,1"
2291,"0,1"
2292,"21,172"
2293,"53,430"
2294,"0,1"
2295,"220,221"
2296,"23,24,25"
2297,"271,455"
2298,"24,25"
2299,"0,1"
2300,"0,271,313"
2301,"13,160,204"
2302,"0,1"
2303,"13,271,401"
2304,"21,187"
2305,"0,1"
2306,"271,455"
2307,"13,160,204"
2308,"271,355,456"
2309,"0,1"
2310,"0,10,220"
2311,"277,278"
2312,"0,1"
2313,"0,1"
2314,"24,25"
2315,"24,25"
2316,"0,40,128"
2317,"60,92,265"
2318,"23,24,265"
2319,"265,271,340"
2320,"13,21,182"
2321,"0,1"
2322,"0,1"
2323,"255,480,484"
2324,"271,444"
2325,"0,1"
2326,"255,480"
2327,"28,29"
2328,"0,1"
2329,"160,170,334"
2330,"0,1"
2331,"0,1"
2332,"265,340"
2333,"0,1"
2334,"0,216"
2335,"28,29"
2336,"3,35,160"
2337,"53,220,242"
2338,"0,1"
2339,"21,182"
2340,"160,296,315"
2341,"0,313"
2342,"265,340"
2343,"24,25"
2344,"0,1"
2345,"21,124,184"
2346,"271,455"
2347,"10,23,24"
2348,"10,28,29"
2349,"40,160"
2350,"64,80,448"
2351,"10,11,419"
2352,"0,21,108"
2353,"10,23,24"
2354,"255,271,355"
2355,"10,11,44"
2356,"265,340"
2357,"28,29,213"
2358,"0,1"
2359,"24,25"
2360,"0,1"
2361,"0,10,220"
2362,"271,313,366"
2363,"28,29,337"
2364,"0,1"
2365,"0,1"
2366,"10,220,242"
2367,"0,1"
2368,"0,1"
2369,"0,1"
2370,"0,1"
2371,"0,1"
2372,"0,1"
2373,"10,220,242"
2374,"40,128,220"
2375,"0,1"
2376,"21,182,265"
2377,"0,131,241"
2378,"0,1"
2379,"218,271,456"
2380,"265,271,360"
2381,"0,1,53"
2382,"0,1"
2383,"312,426"
2384,"0,1"
2385,"3,51"
2386,"13,15,16"
2387,"21,160,182"
2388,"0,40,128"
2389,"0,1"
2390,"21,301"
2391,"11,40,160"
2392,"40,131,160"
2393,"13,21,182"
2394,"40,131,160"
2395,"0,1"
2396,"24,25"
2397,"64,448"
2398,"0,1"
2399,"28,29,265"
2400,"10,23,24"
2401,"24,49,271"
2402,"0,1"
2403,"1,2,265"
2404,"21,108,301"
2405,"0,1"
2406,"151,152,160"
2407,"10,220,221"
2408,"0,1"
2409,"44,73,145"
2410,"8,514"
2411,"0,1"
2412,"277,313,397"
2413,"0,1"
2414,"265,340"
2415,"15,16,277"
2416,"13,160,204"
2417,"0,1"
2418,"0,1"
2419,"199,323"
2420,"131,169,241"
2421,"0,1"
2422,"0,1"
2423,"0,1"
2424,"0,1"
2425,"10,64,199"
2426,"21,28,108"
2427,"23,26,251"
2428,"0,1"
2429,"0,1"
2430,"0,1"
2431,"40,128,129"
2432,"0,213,214"
2433,"53,265,340"
2434,"255,480"
2435,"337,339"
2436,"0,1"
2437,"0,1"
2438,"21,182"
2439,"0,1"
2440,"0,1"
2441,"265,271,425"
2442,"0,1"
2443,"0,1"
2444,"0,1"
2445,"0,1"
2446,"0,1"
2447,"0,1"
2448,"10,220,265"
2449,"10,24,25"
2450,"265,271,340"
2451,"271,355,456"
2452,"0,1"
2453,"0,1"
2454,"0,1"
2455,"179,265,340"
2456,"40,128,129"
2457,"0,1"
2458,"0,1"
2459,"10,11,220"
2460,"0,1"
2461,"10,64,448"
2462,"11,21,301"
2463,"271,455"
2464,"24,25"
2465,"265,340"
2466,"0,255"
2467,"0,1"
2468,"10,220,242"
2469,"0,1"
2470,"64,145,402"
2471,"10,220,242"
2472,"40,131,160"
2473,"3,200,337"
2474,"0,160,313"
2475,"296,428,452"
2476,"0,1"
2477,"0,1"
2478,"0,1"
2479,"0,1"
2480,"0,1"
2481,"0,1"
2482,"170,436"
2483,"0,1"
2484,"0,1"
2485,"24,25,277"
2486,"1,2,288"
2487,"53,265,340"
2488,"0,1"
2489,"0,1"
2490,"21,131,187"
2491,"271,355"
2492,"218,265,387"
2493,"0,1"
2494,"271,288,449"
2495,"0,216,220"
2496,"40,41"
2497,"0,1"
2498,"40,131,139"
2499,"255,480"
2500,"0,1"
2501,"28,170,207"
2502,"0,1"
2503,"0,265,313"
2504,"0,1"
2505,"271,355,456"
2506,"60,92"
2507,"265,340"
2508,"10,220"
2509,"1,2,288"
2510,"40,131,160"
2511,"0,1"
2512,"255,271,280"
2513,"40,128,129"
2514,"0,1"
2515,"21,131,187"
2516,"0,313"
2517,"0,1"
2518,"21,182"
2519,"0,1"
2520,"28,29,271"
2521,"271,455"
2522,"21,182,271"
2523,"0,1"
2524,"213,359"
2525,"271,355,456"
2526,"0,1"
2527,"24,25"
2528,"0,1"
2529,"0,1"
2530,"0,255"
2531,"10,31,220"
2532,"277,458"
2533,"0,1"
2534,"0,313"
2535,"0,1"
2536,"277,313,397"
2537,"0,1"
2538,"0,1"
2539,"0,1"
2540,"13,296,300"
2541,"0,1"
2542,"26,350"
2543,"17,168"
2544,"0,213,255"
2545,"0,1"
2546,"271,313,360"
2547,"13,28,364"
2548,"265,271,340"
2549,"0,1"
2550,"151,152,170"
2551,"0,1"
2552,"271,455"
2553,"0,1"
2554,"0,1"
2555,"21,111,267"
2556,"21,131,187"
2557,"0,1"
2558,"0,1"
2559,"53,265,340"
2560,"265,376"
2561,"0,1"
2562,"170,271,436"
2563,"265,271,360"
2564,"53,265,376"
2565,"0,10"
2566,"0,1"
2567,"24,25"
2568,"213,359"
2569,"10,220,265"
2570,"0,271,280"
2571,"0,1"
2572,"13,21,108"
2573,"271,366"
2574,"0,1"
2575,"0,1"
2576,"21,108,213"
2577,"0,1"
2578,"21,124,184"
2579,"120,121,145"
2580,"1,2,255"
2581,"10,220,242"
2582,"265,271,355"
2583,"40,160"
2584,"0,1"
2585,"296,300"
2586,"0,1"
2587,"271,455"
2588,"17,56"
2589,"24,25"
2590,"21,301"
2591,"0,1"
2592,"0,1"
2593,"0,1"
2594,"0,1"
2595,"0,1"
2596,"0,1"
2597,"0,1"
2598,"13,21,108"
2599,"10,220,265"
2600,"21,182"
2601,"0,1,271"
2602,"0,1"
2603,"0,1"
2604,"3,200,337"
2605,"271,355,456"
2606,"271,280"
2607,"0,1"
2608,"8,514"
2609,"0,1"
2610,"0,313"
2611,"0,1,357"
2612,"0,1"
2613,"44,145"
2614,"0,1"
2615,"0,1"
2616,"40,53,160"
2617,"0,313"
2618,"271,355,456"
2619,"0,1"
2620,"10,64,199"
2621,"21,23,26"
2622,"160,199,315"
2623,"0,1"
2624,"265,340"
2625,"0,1,265"
2626,"21,131,187"
2627,"0,1"
2628,"0,1"
2629,"0,1"
2630,"0,1"
2631,"0,40,160"
2632,"0,1"
2633,"0,1"
2634,"0,199,255"
2635,"40,160"
2636,"255,484"
2637,"28,364"
2638,"0,1"
2639,"271,455"
2640,"0,1"
2641,"0,1"
2642,"0,1"
2643,"0,1"
2644,"160,196"
2645,"0,1"
2646,"0,1"
2647,"21,108,301"
2648,"0,1"
2649,"271,355"
2650,"0,1"
2651,"0,1"
2652,"64,80,131"
2653,"0,1"
2654,"0,1"
2655,"0,1"
2656,"0,1"
2657,"21,182"
2658,"28,364"
2659,"10,220,242"
2660,"40,160"
2661,"0,1"
2662,"0,1"
2663,"0,1"
2664,"0,1"
2665,"40,128,271"
2666,"21,182"
2667,"13,21,108"
2668,"0,1"
2669,"0,1"
2670,"24,25"
2671,"0,1"
2672,"21,182,271"
2673,"10,220"
2674,"10,11,44"
2675,"0,1"
2676,"0,1"
2677,"3,200,337"
2678,"0,1"
2679,"0,1"
2680,"271,355"
2681,"271,444"
2682,"271,355,456"
2683,"21,108,301"
2684,"1,2,277"
2685,"0,1"
2686,"255,271,372"
2687,"40,160"
2688,"0,1"
2689,"0,1"
2690,"53,430"
2691,"0,1"
2692,"0,1"
2693,"13,296,300"
2694,"21,131,187"
2695,"0,1"
2696,"0,1"
2697,"10,24,25"
2698,"199,374"
2699,"13,296,300"
2700,"337,339"
2701,"21,265,301"
2702,"23,24,220"
2703,"21,182"
2704,"265,273"
2705,"0,1"
2706,"0,1"
2707,"265,273"
2708,"0,1"
2709,"0,184,313"
2710,"21,182"
2711,"0,1"
2712,"0,213,214"
2713,"11,220,221"
2714,"0,1"
2715,"169,311"
2716,"265,271,340"
2717,"0,1"
2718,"0,1"
2719,"21,33,74"
2720,"0,1"
2721,"28,29"
2722,"0,213,214"
2723,"21,34,127"
2724,"24,49"
2725,"271,355,456"
2726,"28,170,207"
2727,"0,1"
2728,"24,25,220"
2729,"0,1"
2730,"41,184,215"
2731,"0,1"
2732,"160,296,315"
2733,"11,213,359"
2734,"0,199,255"
2735,"64,145,402"
2736,"0,1"
2737,"0,1"
2738,"0,1"
2739,"10,24,25"
2740,"199,374"
2741,"10,220,271"
2742,"0,1"
2743,"0,1"
2744,"0,1"
2745,"0,1"
2746,"131,241,271"
2747,"0,1"
2748,"0,1"
2749,"0,1"
2750,"64,80"
2751,"0,1"
2752,"271,455"
2753,"0,1"
2754,"0,1"
2755,"24,25,28"
2756,"0,271"
2757,"28,364"
2758,"10,24,25"
2759,"8,24,25"
2760,"0,1"
2761,"0,1"
2762,"21,124,184"
2763,"220,221"
2764,"160,196,265"
2765,"271,280"
2766,"53,160,315"
2767,"21,108,301"
2768,"40,160,315"
2769,"40,160"
2770,"0,1"
2771,"11,13,204"
2772,"0,1"
2773,"199,323"
2774,"0,1"
2775,"13,15,16"
2776,"0,1"
2777,"0,1"
2778,"1,2,277"
2779,"0,216"
2780,"0,1"
2781,"0,1"
2782,"0,213,214"
2783,"44,145"
2784,"0,1"
2785,"10,220,242"
2786,"0,1"
2787,"0,1"
2788,"21,131,187"
2789,"0,1"
2790,"0,1"
2791,"0,1"
2792,"13,160,204"
2793,"0,1"
2794,"0,1"
2795,"271,444"
2796,"0,199,248"
2797,"213,214,288"
2798,"21,108,271"
2799,"21,131,187"
2800,"0,1"
2801,"0,1"
2802,"0,1"
2803,"0,1"
2804,"0,1"
2805,"24,49"
2806,"28,29"
2807,"0,1"
2808,"131,241,271"
2809,"21,131,187"
2810,"0,1,357"
2811,"0,1"
2812,"0,1"
2813,"0,1"
2814,"0,1"
2815,"271,455"
2816,"0,1"
2817,"13,296,300"
2818,"0,1"
2819,"1,277,278"
2820,"265,340"
2821,"13,160,204"
2822,"0,1"
2823,"271,296,300"
2824,"17,168,271"
2825,"271,455"
2826,"0,1"
2827,"0,1,357"
2828,"17,168,199"
2829,"0,216,313"
2830,"3,35,160"
2831,"0,313"
2832,"0,1"
2833,"199,374"
2834,"0,1"
2835,"265,340"
2836,"145,160,196"
2837,"21,131,187"
2838,"24,25"
2839,"31,290"
2840,"40,131,160"
2841,"0,1"
2842,"23,26"
2843,"265,273,277"
2844,"265,340"
2845,"265,340"
2846,"28,518"
2847,"0,1"
2848,"40,160,288"
2849,"10,220,221"
2850,"296,452"
2851,"0,1"
2852,"0,1"
2853,"271,455"
2854,"0,1"
2855,"0,1"
2856,"265,273"
2857,"0,1"
2858,"0,1"
2859,"0,1,357"
2860,"170,199,343"
2861,"0,1,357"
2862,"13,204,265"
2863,"0,1"
2864,"0,1"
2865,"10,53,220"
2866,"10,64,199"
2867,"0,1"
2868,"199,323"
2869,"0,1"
2870,"0,213,265"
2871,"0,1"
2872,"0,1"
2873,"0,288,313"
2874,"0,1"
2875,"0,313"
2876,"0,1"
2877,"0,1"
2878,"0,313"
2879,"0,1"
2880,"8,265,425"
2881,"0,1"
2882,"0,1"
2883,"0,1"
2884,"271,280"
2885,"10,24,25"
2886,"0,1"
2887,"0,271,313"
2888,"24,47,53"
2889,"0,313"
2890,"0,10,220"
2891,"0,1"
2892,"0,1"
2893,"21,160,182"
2894,"0,1"
2895,"13,160,204"
2896,"265,340"
2897,"0,1"
2898,"21,170,301"
2899,"0,1"
2900,"0,1"
2901,"0,1"
2902,"0,313"
2903,"265,340"
2904,"0,1"
2905,"0,1"
2906,"265,271,340"
2907,"265,340"
2908,"0,1"
2909,"0,1"
2910,"17,145,168"
2911,"21,172"
2912,"0,1"
2913,"40,128,129"
2914,"216,422"
2915,"0,1"
2916,"271,291,444"
2917,"10,11,220"
2918,"0,1"
2919,"213,252,255"
2920,"0,1"
2921,"53,430"
2922,"13,21,204"
2923,"0,1"
2924,"0,1"
2925,"0,1"
2926,"0,1"
2927,"0,1"
2928,"3,35,160"
2929,"0,1"
2930,"44,468"
2931,"0,1"
2932,"0,21,182"
2933,"0,1"
2934,"0,1"
2935,"28,207"
2936,"277,513"
2937,"21,108,301"
2938,"0,1"
2939,"0,1"
2940,"0,1"
2941,"265,340,425"
2942,"160,315"
2943,"0,1"
2944,"0,1"
2945,"0,1"
2946,"28,364"
2947,"0,1"
2948,"23,26,271"
2949,"0,1"
2950,"21,108,301"
2951,"0,1"
2952,"0,1"
2953,"0,1"
2954,"0,1"
2955,"0,1"
2956,"160,196"
2957,"220,221,313"
2958,"0,1"
2959,"271,355,455"
2960,"0,1"
2961,"0,1"
2962,"0,1"
2963,"0,1"
2964,"265,425,488"
2965,"0,1"
2966,"0,1"
2967,"0,1"
2968,"0,1"
2969,"24,49,199"
2970,"0,1"
2971,"0,1"
2972,"21,182"
2973,"0,1"
2974,"0,1"
2975,"0,1"
2976,"160,296,315"
2977,"28,53,430"
2978,"170,265,340"
2979,"0,1"
2980,"24,25,271"
2981,"10,220,288"
2982,"271,455"
2983,"64,145,402"
2984,"0,1"
2985,"277,458"
2986,"0,313"
2987,"160,296,315"
2988,"0,1"
2989,"0,313"
2990,"0,1"
2991,"0,1"
2992,"0,1"
2993,"0,313"
2994,"0,1"
2995,"10,220,221"
2996,"0,1"
2997,"0,1"
2998,"0,1"
2999,"0,1"
3000,"0,1"
3001,"0,1"
3002,"0,1"
3003,"0,1"
3004,"0,1"
3005,"271,455"
3006,"0,216"
3007,"0,1"
3008,"0,1"
3009,"0,1"
3010,"0,1"
3011,"10,11,17"
3012,"31,328"
3013,"10,64,199"
3014,"53,265,340"
3015,"0,1"
3016,"24,25,38"
3017,"40,128,129"
3018,"40,160,255"
3019,"0,1"
3020,"0,1"
3021,"21,127"
3022,"0,1"
3023,"23,24,64"
3024,"0,1"
3025,"0,313"
3026,"0,1"
3027,"40,128,129"
3028,"64,448"
3029,"271,455"
3030,"0,1"
3031,"0,1"
3032,"21,182,271"
3033,"0,271"
3034,"0,1"
3035,"0,1"
3036,"0,1"
3037,"160,296,315"
3038,"169,311"
3039,"10,220"
3040,"23,26,251"
3041,"13,401"
3042,"0,1"
3043,"0,271"
3044,"0,1"
3045,"21,182"
3046,"21,131,187"
3047,"0,1"
3048,"0,1"
3049,"0,1"
3050,"151,152,265"
3051,"60,92"
3052,"255,372"
3053,"0,1"
3054,"28,265,340"
3055,"271,366"
3056,"0,1"
3057,"271,355,456"
3058,"265,271,340"
3059,"296,417"
3060,"271,280"
3061,"0,1"
3062,"0,1"
3063,"271,455"
3064,"0,313"
3065,"0,1"
3066,"0,1"
3067,"0,1"
3068,"0,1"
3069,"0,1"
3070,"216,257,271"
3071,"0,131,241"
3072,"160,296,315"
3073,"10,31,220"
3074,"169,337"
3075,"3,200,337"
3076,"0,1"
3077,"21,182"
3078,"0,1"
3079,"0,1"
3080,"0,1"
3081,"0,1"
3082,"3,51"
3083,"0,1"
3084,"0,1"
3085,"0,1"
3086,"0,1"
3087,"3,51,271"
3088,"0,1"
3089,"0,1"
3090,"0,1"
3091,"0,1"
3092,"64,145,402"
3093,"0,1"
3094,"28,29,40"
3095,"0,1"
3096,"160,315"
3097,"271,355,456"
3098,"21,172,271"
3099,"271,455"
3100,"271,455"
3101,"0,1"
3102,"0,1"
3103,"160,184,243"
3104,"265,340"
3105,"0,1"
3106,"0,1"
3107,"160,271,315"
3108,"0,1"
3109,"0,1"
3110,"0,1"
3111,"0,10,216"
3112,"0,1"
3113,"265,340"
3114,"11,419"
3115,"0,1"
3116,"0,1"
3117,"0,1"
3118,"0,1"
3119,"160,315"
3120,"0,1"
3121,"0,1"
3122,"23,26,251"
3123,"0,1"
3124,"0,10,220"
3125,"160,296,315"
3126,"24,25,64"
3127,"0,1"
3128,"0,1"
3129,"271,455"
3130,"0,1"
3131,"0,1"
3132,"13,53,204"
3133,"0,1"
3134,"271,455"
3135,"13,21,108"
3136,"0,1"
3137,"160,196,199"
3138,"0,1"
3139,"131,241"
3140,"0,1"
3141,"3,35,160"
3142,"21,34,127"
3143,"0,1"
3144,"0,271,424"
3145,"21,182"
3146,"0,1"
3147,"265,340"
3148,"21,170,301"
3149,"0,1"
3150,"145,194"
3151,"0,1"
3152,"0,1"
3153,"0,1"
3154,"0,1"
3155,"31,454"
3156,"0,1"
3157,"220,221"
3158,"0,1"
3159,"0,1"
3160,"21,182"
3161,"0,1"
3162,"10,64,199"
3163,"21,131,187"
3164,"0,313"
3165,"0,1"
3166,"0,1,357"
3167,"271,444"
3168,"131,241"
3169,"0,10"
3170,"265,340"
3171,"0,1"
3172,"0,1"
3173,"0,1"
3174,"0,1"
3175,"265,425,488"
3176,"28,271,280"
3177,"28,29"
3178,"0,1"
3179,"271,355,456"
3180,"0,1"
3181,"265,376"
3182,"131,241"
3183,"40,160"
3184,"0,1"
3185,"0,1"
3186,"0,1"
3187,"10,220,242"
3188,"105,106"
3189,"0,1"
3190,"170,436"
3191,"0,1"
3192,"0,1"
3193,"0,1"
3194,"35,36"
3195,"13,21,108"
3196,"0,1"
3197,"0,1,216"
3198,"296,417"
3199,"44,73"
3200,"0,1"
3201,"213,214,288"
3202,"0,1,271"
3203,"8,514"
3204,"0,10"
3205,"0,1"
3206,"271,455"
3207,"0,1"
3208,"160,315"
3209,"0,1"
3210,"21,182"
3211,"24,25,265"
3212,"21,182"
3213,"0,1"
3214,"0,1"
3215,"0,1"
3216,"64,80,448"
3217,"0,1"
3218,"160,315"
3219,"0,1"
3220,"0,1"
3221,"131,199,241"
3222,"0,1"
3223,"0,216,265"
3224,"0,1"
3225,"0,1"
3226,"0,1"
3227,"160,196,271"
3228,"218,271,455"
3229,"271,280,455"
3230,"0,216,255"
3231,"0,1"
3232,"0,1"
3233,"0,10,313"
3234,"0,1"
3235,"0,1"
3236,"21,131,187"
3237,"10,64,199"
3238,"24,25"
3239,"0,1"
3240,"0,1"
3241,"28,29,518"
3242,"0,1"
3243,"0,1"
3244,"44,73,145"
3245,"0,1"
3246,"21,124,184"
3247,"10,11,265"
3248,"265,425,488"
3249,"40,160,265"
3250,"271,355,456"
3251,"0,1"
3252,"0,1"
3253,"0,1"
3254,"265,340"
3255,"213,252,255"
3256,"265,271,340"
3257,"255,313,372"
3258,"271,455"
3259,"0,1"
3260,"265,340"
3261,"24,25"
3262,"40,160,271"
3263,"21,131,187"
3264,"0,1"
3265,"0,1"
3266,"337,339"
3267,"288,498"
3268,"0,1,271"
3269,"265,340,425"
3270,"64,271,366"
3271,"213,359"
3272,"0,265,271"
3273,"0,1"
3274,"145,194,265"
3275,"53,430"
3276,"0,24,25"
3277,"17,168"
3278,"0,255"
3279,"0,1"
3280,"0,1"
3281,"53,430"
3282,"17,168"
3283,"0,1"
3284,"0,1"
3285,"0,1"
3286,"271,355,456"
3287,"288,497"
3288,"3,200,337"
3289,"131,241"
3290,"21,187,199"
3291,"131,241,265"
3292,"0,1"
3293,"0,1"
3294,"0,1"
3295,"170,436"
3296,"0,1"
3297,"24,25,220"
3298,"0,1"
3299,"28,29,131"
3300,"0,1"
3301,"0,1"
3302,"271,291,444"
3303,"0,1"
3304,"13,401"
3305,"0,265,313"
3306,"0,216,271"
3307,"24,25"
3308,"288,497"
3309,"0,1"
3310,"0,1"
3311,"145,199,382"
3312,"0,1"
3313,"0,1"
3314,"21,131,187"
3315,"24,49"
3316,"265,340"
3317,"0,1,357"
3318,"0,1"
3319,"265,271,418"
3320,"265,340"
3321,"0,1"
3322,"31,54,95"
3323,"160,196"
3324,"40,160,265"
3325,"3,200,337"
3326,"0,1"
3327,"0,1"
3328,"220,221,265"
3329,"1,2,21"
3330,"11,419"
3331,"0,1"
3332,"218,269,271"
3333,"0,1"
3334,"0,1"
3335,"0,1"
3336,"271,455"
3337,"17,21,127"
3338,"0,1"
3339,"0,265,271"
3340,"31,245,328"
3341,"24,49,271"
3342,"0,1"
3343,"0,1"
3344,"0,1"
3345,"10,23,24"
3346,"0,1"
3347,"13,21,108"
3348,"271,355"
3349,"0,1"
3350,"0,1"
3351,"271,355,456"
3352,"10,64,199"
3353,"0,1"
3354,"0,1"
3355,"0,1"
3356,"40,131,160"
3357,"11,220,221"
3358,"0,1"
3359,"23,251,337"
3360,"0,255,288"
3361,"0,216,265"
3362,"0,1"
3363,"0,313"
3364,"0,1"
3365,"21,131,187"
3366,"53,265,340"
3367,"0,1"
3368,"0,10"
3369,"0,1,271"
3370,"0,1"
3371,"0,1"
3372,"0,1"
3373,"0,28,313"
3374,"31,328"
3375,"0,1"
3376,"255,372"
3377,"0,1"
3378,"0,1"
3379,"40,131,160"
3380,"0,1"
3381,"271,355"
3382,"53,430"
3383,"0,1"
3384,"0,1"
3385,"21,182"
3386,"199,248"
3387,"0,1"
3388,"277,288,413"
3389,"60,92"
3390,"21,33,265"
3391,"0,1"
3392,"0,10"
3393,"0,1"
3394,"271,355"
3395,"13,15,16"
3396,"0,1"
3397,"0,1"
3398,"0,1"
3399,"23,26,251"
3400,"0,1"
3401,"21,28,108"
3402,"0,1"
3403,"0,28,29"
3404,"21,131,187"
3405,"0,1"
3406,"10,199,323"
3407,"0,1"
3408,"296,417"
3409,"64,80"
3410,"53,393"
3411,"10,131,220"
3412,"8,514"
3413,"0,1"
3414,"0,1"
3415,"0,1"
3416,"199,382"
3417,"0,1"
3418,"0,1"
3419,"21,182"
3420,"265,313,397"
3421,"10,64,199"
3422,"24,49"
3423,"0,1"
3424,"0,1"
3425,"0,1"
3426,"265,340"
3427,"0,271"
3428,"0,1"
3429,"271,455"
3430,"13,21,108"
3431,"0,1"
3432,"40,160"
3433,"21,131,187"
3434,"0,1"
3435,"160,296,315"
3436,"0,1"
3437,"0,1"
3438,"0,1"
3439,"0,1"
3440,"271,444,455"
3441,"0,1"
3442,"271,355"
3443,"179,265,340"
3444,"0,1"
3445,"0,1"
3446,"0,1"
3447,"0,1"
3448,"160,315"
3449,"265,340"
3450,"0,1"
3451,"0,1"
3452,"271,355,456"
3453,"0,1"
3454,"0,1"
3455,"265,271,355"
3456,"40,160"
3457,"265,340"
3458,"0,1"
3459,"24,49"
3460,"0,1"
3461,"271,355,456"
3462,"0,1"
3463,"0,271"
3464,"271,355,456"
3465,"0,255"
3466,"0,40,128"
3467,"28,207"
3468,"21,182,265"
3469,"24,25,64"
3470,"0,1"
3471,"0,213,214"
3472,"28,364"
3473,"21,160,182"
3474,"0,1"
3475,"10,11"
3476,"0,1"
3477,"265,340"
3478,"0,1"
3479,"10,11,13"
3480,"160,196,271"
3481,"145,271,455"
3482,"0,1"
3483,"21,131,187"
3484,"21,182"
3485,"0,1"
3486,"0,1"
3487,"21,131,187"
3488,"28,29"
3489,"271,455"
3490,"0,1"
3491,"0,1"
3492,"0,1"
3493,"0,1"
3494,"28,364"
3495,"23,26,251"
3496,"0,1"
3497,"21,131,187"
3498,"0,1"
3499,"40,160"
3500,"265,425"
3501,"0,1"
3502,"0,1"
3503,"0,313"
3504,"0,1"
3505,"21,187"
3506,"10,11"
3507,"0,1"
3508,"10,220,242"
3509,"0,1"
3510,"0,1,271"
3511,"0,1"
3512,"8,160,196"
3513,"0,1"
3514,"0,1"
3515,"21,187"
3516,"0,1"
3517,"199,374"
3518,"160,315"
3519,"0,265,313"
3520,"0,1"
3521,"0,1"
3522,"41,184,215"
3523,"0,1"
3524,"3,35,160"
3525,"131,241,265"
3526,"271,455"
3527,"0,1"
3528,"0,1"
3529,"160,315"
3530,"265,340"
3531,"10,24,25"
3532,"0,1"
3533,"255,480"
3534,"21,301"
3535,"0,1"
3536,"28,29,265"
3537,"0,1"
3538,"0,1"
3539,"21,271,301"
3540,"40,160"
3541,"24,49"
3542,"265,349,418"
3543,"0,1"
3544,"0,1"
3545,"0,1"
3546,"271,280,444"
3547,"0,1"
3548,"8,235"
3549,"0,271"
3550,"0,1"
3551,"0,1"
3552,"0,1"
3553,"0,1"
3554,"21,108,301"
3555,"28,207"
3556,"21,170,301"
3557,"40,139,155"
3558,"13,15,16"
3559,"0,1"
3560,"199,374"
3561,"0,1"
3562,"0,1"
3563,"160,315"
3564,"0,1"
3565,"0,1"
3566,"11,13,401"
3567,"0,1"
3568,"0,1"
3569,"21,182,296"
3570,"265,425"
3571,"0,1"
3572,"0,1"
3573,"0,1"
3574,"40,131,160"
3575,"255,372"
3576,"271,366"
3577,"220,221"
3578,"0,313"
3579,"28,29"
3580,"10,64,271"
3581,"179,265,340"
3582,"0,10"
3583,"17,56,265"
3584,"131,241,277"
3585,"0,1"
3586,"0,1"
3587,"21,108,301"
3588,"0,1"
3589,"28,29,255"
3590,"10,23,24"
3591,"265,271,340"
3592,"0,1"
3593,"40,160"
3594,"160,271,315"
3595,"0,1"
3596,"277,296,413"
3597,"0,1"
3598,"0,1"
3599,"41,184,215"
3600,"0,1"
3601,"160,296,315"
3602,"312,426"
3603,"271,455"
3604,"0,1"
3605,"0,265,313"
3606,"179,265,340"
3607,"0,1"
3608,"24,49,199"
3609,"271,455"
3610,"0,1"
3611,"265,340"
3612,"0,1"
3613,"0,1"
3614,"0,1"
3615,"271,280,516"
3616,"0,40,128"
3617,"60,92"
3618,"0,1"
3619,"160,296,315"
3620,"0,1,271"
3621,"0,1"
3622,"24,25"
3623,"28,310"
3624,"13,122"
3625,"24,25"
3626,"0,1"
3627,"21,131,187"
3628,"0,1"
3629,"21,33,74"
3630,"0,1"
3631,"0,1"
3632,"40,128,129"
3633,"0,1"
3634,"0,1"
3635,"145,194,271"
3636,"0,10"
3637,"17,168,220"
3638,"28,29,265"
3639,"0,1"
3640,"0,313"
3641,"0,1"
3642,"0,313"
3643,"0,1"
3644,"21,182"
3645,"13,21,108"
3646,"0,271,280"
3647,"0,1"
3648,"0,1"
3649,"0,1"
3650,"0,1"
3651,"21,44,73"
3652,"0,1"
3653,"265,425"
3654,"0,1"
3655,"0,1"
3656,"0,313"
3657,"0,313"
3658,"0,1"
3659,"0,216,265"
3660,"0,1"
3661,"0,1"
3662,"0,1"
3663,"40,160,334"
3664,"10,160,196"
3665,"0,1"
3666,"213,359"
3667,"10,11,28"
3668,"0,1"
3669,"0,1"
3670,"0,1"
3671,"0,1"
3672,"21,34,127"
3673,"213,359"
3674,"0,1"
3675,"0,1"
3676,"0,1"
3677,"0,1"
3678,"40,160,271"
3679,"0,213,271"
3680,"13,296,300"
3681,"28,29,518"
3682,"0,1"
3683,"15,16,277"
3684,"265,340"
3685,"265,340"
3686,"11,28,29"
3687,"8,271,456"
3688,"145,194,199"
3689,"0,1"
3690,"21,33,74"
3691,"24,25"
3692,"28,29"
3693,"0,1"
3694,"265,271,340"
3695,"10,11,40"
3696,"0,213,271"
3697,"53,430"
3698,"21,170,301"
3699,"21,131,182"
3700,"21,40,128"
3701,"0,1"
3702,"0,1"
3703,"3,111"
3704,"0,1"
3705,"0,1"
3706,"265,340"
3707,"0,1"
3708,"0,1"
3709,"170,436"
3710,"0,1"
3711,"220,221"
3712,"21,182,265"
3713,"160,296,315"
3714,"31,245"
3715,"10,23,24"
3716,"255,271,280"
3717,"220,221"
3718,"0,1"
3719,"21,131,187"
3720,"145,194"
3721,"0,1"
3722,"0,1"
3723,"0,1"
3724,"0,1"
3725,"265,340"
3726,"0,1"
3727,"0,1"
3728,"0,1"
3729,"0,1"
3730,"131,241,296"
3731,"21,131,187"
3732,"0,313,397"
3733,"0,313"
3734,"0,1"
3735,"10,23,24"
3736,"0,1"
3737,"0,1"
3738,"0,1"
3739,"265,273"
3740,"0,1"
3741,"0,1,357"
3742,"0,1"
3743,"0,1"
3744,"0,277,476"
3745,"271,313,397"
3746,"10,24,25"
3747,"0,1"
3748,"0,1"
3749,"0,313"
3750,"0,1"
3751,"0,255"
3752,"23,251,337"
3753,"0,1"
3754,"0,21,172"
3755,"0,1"
3756,"0,1"
3757,"28,29,38"
3758,"0,1"
3759,"28,29"
3760,"0,1"
3761,"0,1,28"
3762,"11,419"
3763,"24,49"
3764,"0,1"
3765,"21,182"
3766,"0,1"
3767,"10,220,242"
3768,"21,182"
3769,"24,25"
3770,"13,21,108"
3771,"0,1"
3772,"0,271,313"
3773,"0,1"
3774,"0,1"
3775,"265,271,280"
3776,"0,1"
3777,"0,1"
3778,"21,182"
3779,"0,1"
3780,"21,182"
3781,"0,1"
3782,"151,152,170"
3783,"0,1"
3784,"0,1"
3785,"0,1"
3786,"0,1"
3787,"0,1"
3788,"0,1"
3789,"0,1"
3790,"21,131,187"
3791,"213,252,255"
3792,"0,40,128"
3793,"0,1"
3794,"0,1"
3795,"0,1"
3796,"10,24,25"
3797,"0,1"
3798,"0,1"
3799,"23,251,337"
3800,"0,1"
3801,"0,1"
3802,"271,455"
3803,"28,29,265"
3804,"0,44,145"
3805,"28,29,271"
3806,"218,271,456"
3807,"0,1"
3808,"0,1"
3809,"265,271,340"
3810,"13,160,204"
3811,"0,1"
3812,"0,1"
3813,"0,1"
3814,"23,26,251"
3815,"265,340"
3816,"0,1"
3817,"0,10,220"
3818,"0,1"
3819,"1,15,16"
3820,"0,64,313"
3821,"0,271,280"
3822,"0,1"
3823,"40,160,334"
3824,"10,220,221"
3825,"0,1"
3826,"0,313"
3827,"0,1"
3828,"0,1"
3829,"0,1"
3830,"0,271,313"
3831,"0,216"
3832,"0,1"
3833,"271,366"
3834,"0,1"
3835,"24,25,220"
3836,"0,1,357"
3837,"0,1"
3838,"271,288,456"
3839,"220,221,288"
3840,"271,355,456"
3841,"0,1"
3842,"10,53,430"
3843,"3,200,337"
3844,"0,1"
3845,"28,29"
3846,"10,24,25"
3847,"0,1"
3848,"21,131,187"
3849,"21,131,187"
3850,"21,170,301"
3851,"1,2"
3852,"160,315"
3853,"40,160"
3854,"0,1"
3855,"0,1"
3856,"0,1"
3857,"0,1"
3858,"0,1"
3859,"0,1"
3860,"145,194"
3861,"0,1"
3862,"28,29,131"
3863,"184,199,243"
3864,"21,182,296"
3865,"220,221,271"
3866,"60,92,213"
3867,"26,89"
3868,"24,49"
3869,"0,1,357"
3870,"0,1"
3871,"0,1"
3872,"0,1"
3873,"0,1"
3874,"10,64,271"
3875,"255,484"
3876,"255,271,280"
3877,"213,214"
3878,"21,108,301"
3879,"0,1"
3880,"0,1"
3881,"13,160,204"
3882,"0,1"
3883,"44,145,265"
3884,"265,271,425"
3885,"199,382"
3886,"271,455"
3887,"0,1"
3888,"11,220,221"
3889,"0,10"
3890,"10,11"
3891,"0,1"
3892,"0,249"
3893,"21,28,182"
3894,"0,1"
3895,"271,455"
3896,"21,111,267"
3897,"15,16"
3898,"0,1"
3899,"0,1"
3900,"0,1"
3901,"0,1"
3902,"38,39"
3903,"213,214"
3904,"0,1"
3905,"0,1"
3906,"1,2,271"
3907,"0,1"
3908,"23,251,337"
3909,"0,1"
3910,"11,131,241"
3911,"40,131,139"
3912,"40,160,271"
3913,"28,53,430"
3914,"10,220,242"
3915,"0,1"
3916,"0,1"
3917,"21,131,187"
3918,"0,1,357"
3919,"0,1"
3920,"265,340"
3921,"0,1"
3922,"145,265,425"
3923,"160,296,315"
3924,"0,1"
3925,"24,49"
3926,"0,1"
3927,"0,1"
3928,"0,1"
3929,"0,1"
3930,"0,1"
3931,"0,1"
3932,"64,145,448"
3933,"220,221"
3934,"28,29,337"
3935,"1,2,213"
3936,"21,108,301"
3937,"0,1"
3938,"0,271,313"
3939,"199,374"
3940,"0,21,182"
3941,"0,1"
3942,"0,1"
3943,"199,382"
3944,"0,271,355"
3945,"0,1"
3946,"44,145,288"
3947,"10,64,145"
3948,"0,1"
3949,"0,1"
3950,"0,1"
3951,"0,1"
3952,"199,374"
3953,"0,1"
3954,"0,1"
3955,"0,313"
3956,"0,1"
3957,"288,498"
3958,"0,1"
3959,"21,131,187"
3960,"199,323"
3961,"0,1"
3962,"0,1"
3963,"265,340"
3964,"271,455"
3965,"13,401"
3966,"28,29,265"
3967,"24,25,220"
3968,"0,313"
3969,"218,271,456"
3970,"0,1"
3971,"21,24,49"
3972,"271,455"
3973,"0,1"
3974,"0,1"
3975,"271,355,456"
3976,"21,182"
3977,"0,1"
3978,"0,1"
3979,"1,2,255"
3980,"0,1"
3981,"0,1"
3982,"271,288,366"
3983,"265,376"
3984,"0,271,355"
3985,"13,21,108"
3986,"21,131,187"
3987,"0,1"
3988,"265,340"
3989,"11,160,315"
3990,"296,452"
3991,"0,1"
3992,"40,128,129"
3993,"213,214,265"
3994,"60,64,92"
3995,"10,220"
3996,"0,1"
3997,"0,1"
3998,"0,1"
3999,"169,199,337"
4000,"28,364"
4001,"265,271,280"
4002,"21,265,301"
4003,"0,1"
4004,"0,21,182"
4005,"0,1"
4006,"0,1"
4007,"265,340"
4008,"28,29"
4009,"10,64,199"
4010,"265,376,425"
4011,"21,170,301"
4012,"21,131,187"
4013,"0,1"
4014,"0,1"
4015,"21,170,301"
4016,"160,296,315"
4017,"0,1"
4018,"0,1"
4019,"0,1"
4020,"24,25,28"
4021,"0,1"
4022,"8,514"
4023,"0,1"
4024,"265,340"
4025,"0,1"
4026,"0,1"
4027,"0,1"
4028,"0,1"
4029,"21,160,182"
4030,"0,1"
4031,"0,1"
4032,"265,340,425"
4033,"145,194"
4034,"0,1"
4035,"0,1"
4036,"0,1"
4037,"0,1"
4038,"271,291,444"
4039,"21,108,301"
4040,"0,131,241"
4041,"21,170,301"
4042,"265,273,340"
4043,"0,1"
4044,"0,1"
4045,"0,1"
4046,"21,131,187"
4047,"0,1"
4048,"0,271"
4049,"0,213,214"
4050,"23,26,265"
4051,"10,220"
4052,"0,1"
4053,"0,1"
4054,"8,235"
4055,"0,64,313"
4056,"0,1"
4057,"0,1"
4058,"0,1"
4059,"0,213,214"
4060,"11,220,221"
4061,"0,1"
4062,"28,29,277"
4063,"199,323"
4064,"23,24,220"
4065,"265,340"
4066,"21,108"
4067,"0,1"
4068,"131,241"
4069,"0,1"
4070,"13,21,182"
4071,"0,255,265"
4072,"0,1"
4073,"0,1"
4074,"0,1"
4075,"0,1"
4076,"40,44,128"
4077,"277,288,458"
4078,"265,340"
4079,"213,252,255"
4080,"0,313"
4081,"11,13,204"
4082,"0,1"
4083,"21,182"
4084,"0,1"
4085,"265,425,488"
4086,"0,1"
4087,"265,340"
4088,"199,382"
4089,"21,160,182"
4090,"0,1"
4091,"0,1"
4092,"21,40,160"
4093,"0,1"
4094,"160,315"
4095,"0,1"
4096,"10,24,25"
4097,"0,313"
4098,"0,1"
4099,"0,1"
4100,"265,376,425"
4101,"265,340"
4102,"0,1"
4103,"0,1"
4104,"0,1"
4105,"0,1"
4106,"26,271,350"
4107,"60,92"
4108,"40,128,129"
4109,"271,455"
4110,"0,1"
4111,"265,340"
4112,"10,11"
4113,"0,313"
4114,"10,44,145"
4115,"0,1"
4116,"28,29,131"
4117,"0,1"
4118,"21,131,187"
4119,"0,1"
4120,"0,1"
4121,"10,24,25"
4122,"0,1"
4123,"0,1,357"
4124,"23,251,337"
4125,"0,1"
4126,"0,1"
4127,"213,359"
4128,"0,1"
4129,"0,1,357"
4130,"40,128,129"
4131,"0,1"
4132,"17,168"
4133,"28,160,315"
4134,"265,340"
4135,"0,1"
4136,"0,1"
4137,"3,200,337"
4138,"0,1"
4139,"271,355,456"
4140,"0,1"
4141,"0,1"
4142,"21,131,187"
4143,"271,449"
4144,"28,364"
4145,"218,271,456"
4146,"0,1"
4147,"160,296,315"
4148,"0,1"
4149,"131,199,241"
4150,"0,1"
4151,"13,28,29"
4152,"41,215"
4153,"0,1"
4154,"0,1"
4155,"0,313"
4156,"0,1"
4157,"0,1"
4158,"21,108,301"
4159,"160,296,315"
4160,"40,128,129"
4161,"0,213,288"
4162,"265,340"
4163,"21,34,127"
4164,"21,131,187"
4165,"13,21,108"
4166,"23,24,25"
4167,"23,26,251"
4168,"0,1"
4169,"0,1"
4170,"21,108,301"
4171,"337,339"
4172,"145,194,265"
4173,"0,1"
4174,"0,1"
4175,"3,200,337"
4176,"0,1"
4177,"0,1"
4178,"0,1"
4179,"255,265,340"
4180,"265,271,424"
4181,"131,160,241"
4182,"0,1"
4183,"0,1"
4184,"0,1"
4185,"10,23,24"
4186,"0,1"
4187,"28,135,141"
4188,"23,24,220"
4189,"0,1"
4190,"265,425"
4191,"0,1"
4192,"0,1"
4193,"271,455"
4194,"0,1"
4195,"0,1"
4196,"213,214,265"
4197,"0,1"
4198,"265,425"
4199,"8,17,168"
4200,"0,1"
4201,"271,288,456"
4202,"213,214"
4203,"0,1"
4204,"0,1"
4205,"10,220,221"
4206,"21,172"
4207,"0,1"
4208,"3,44,51"
4209,"0,1"
4210,"0,1"
4211,"0,1"
4212,"0,1"
4213,"0,1"
4214,"265,271,280"
4215,"10,24,25"
4216,"17,168,199"
4217,"0,313,397"
4218,"0,1"
4219,"0,1"
4220,"0,1"
4221,"40,131,160"
4222,"0,1"
4223,"265,425"
4224,"0,1"
4225,"44,73,265"
4226,"24,25"
4227,"0,1"
4228,"0,1"
4229,"0,1"
4230,"3,51"
4231,"271,355"
4232,"0,1"
4233,"10,220"
4234,"0,1"
4235,"265,340"
4236,"0,1"
4237,"0,1"
4238,"24,43"
4239,"21,160,182"
4240,"0,1"
4241,"8,271,455"
4242,"31,131,241"
4243,"199,323"
4244,"0,1"
4245,"8,514"
4246,"271,355,456"
4247,"0,1"
4248,"0,1"
4249,"0,1"
4250,"21,111,267"
4251,"0,1"
4252,"169,311"
4253,"10,64,199"
4254,"0,1"
4255,"0,1"
4256,"0,1"
4257,"216,422"
4258,"21,182"
4259,"13,37"
4260,"271,313,360"
4261,"0,1"
4262,"0,1"
4263,"0,1"
4264,"13,122"
4265,"271,355,456"
4266,"271,455"
4267,"0,40,128"
4268,"0,1"
4269,"0,1"
4270,"0,1"
4271,"0,1"
4272,"271,455"
4273,"24,25,265"
4274,"0,1"
4275,"53,430"
4276,"24,25,288"
4277,"1,2,255"
4278,"0,1"
4279,"170,436"
4280,"0,1"
4281,"0,1"
4282,"60,92"
4283,"0,1"
4284,"151,152,170"
4285,"24,49,199"
4286,"170,436"
4287,"0,1"
4288,"24,25,220"
4289,"10,220,221"
4290,"0,1"
4291,"0,1"
4292,"0,313"
4293,"0,313"
4294,"0,1"
4295,"40,131,160"
4296,"0,1"
4297,"0,1"
4298,"0,1"
4299,"64,145,402"
4300,"21,131,187"
4301,"28,364"
4302,"0,1"
4303,"120,121,145"
4304,"21,172"
4305,"265,271,340"
4306,"10,11,13"
4307,"0,313"
4308,"0,1"
4309,"0,1"
4310,"170,436"
4311,"0,1"
4312,"0,1"
4313,"40,160"
4314,"0,1"
4315,"0,1"
4316,"64,80"
4317,"26,40,89"
4318,"277,288,458"
4319,"0,1"
4320,"0,1"
4321,"0,1"
4322,"0,1"
4323,"10,64,199"
4324,"0,1"
4325,"0,1"
4326,"0,1"
4327,"271,455"
4328,"21,131,187"
4329,"199,271,374"
4330,"0,1"
4331,"0,1"
4332,"0,1"
4333,"21,182"
4334,"53,430"
4335,"199,382"
4336,"0,1"
4337,"0,1"
4338,"0,1"
4339,"0,1"
4340,"0,1"
4341,"145,271,366"
4342,"131,151,152"
4343,"265,340"
4344,"44,64,145"
4345,"265,340"
4346,"0,1"
4347,"10,11"
4348,"24,25"
4349,"0,1"
4350,"17,21,56"
4351,"271,455"
4352,"11,419"
4353,"0,1"
4354,"0,218,313"
4355,"0,1"
4356,"21,187,265"
4357,"0,1"
4358,"0,1"
4359,"199,374"
4360,"40,128,129"
4361,"0,1"
4362,"0,1"
4363,"0,1"
4364,"40,128,129"
4365,"170,199,281"
4366,"0,1"
4367,"0,1"
4368,"0,1"
4369,"1,2,213"
4370,"265,340"
4371,"0,1"
4372,"0,1"
4373,"271,280"
4374,"271,455"
4375,"265,340"
4376,"0,1"
4377,"44,468"
4378,"199,374"
4379,"28,518"
4380,"0,1"
4381,"10,220"
4382,"271,366"
4383,"0,1"
4384,"0,1"
4385,"0,1"
4386,"0,1"
4387,"53,265,340"
4388,"24,25,220"
4389,"0,64,313"
4390,"11,419"
4391,"10,23,24"
4392,"0,1"
4393,"0,1"
4394,"0,1"
4395,"199,323"
4396,"24,25"
4397,"0,1"
4398,"17,168"
4399,"0,1"
4400,"23,251,337"
4401,"0,1"
4402,"0,1"
4403,"10,23,24"
4404,"10,28,29"
4405,"21,108,301"
4406,"0,1"
4407,"40,131,160"
4408,"0,1"
4409,"13,204"
4410,"0,1"
4411,"0,1"
4412,"213,214,288"
4413,"0,1"
4414,"255,480"
4415,"0,1"
4416,"0,1"
4417,"271,355,456"
4418,"0,10"
4419,"0,1"
4420,"0,1"
4421,"199,374"
4422,"28,29"
4423,"0,10,271"
4424,"271,444,456"
4425,"271,516"
4426,"0,1"
4427,"271,313,397"
4428,"0,1"
4429,"0,271,313"
4430,"21,131,187"
4431,"0,1"
4432,"0,1"
4433,"13,21,108"
4434,"0,1"
4435,"0,1"
4436,"0,1"
4437,"0,1"
4438,"0,277,313"
4439,"0,1"
4440,"0,1"
4441,"1,2,38"
4442,"13,296,300"
4443,"255,265,340"
4444,"0,271,280"
4445,"0,1"
4446,"21,131,187"
4447,"11,419"
4448,"0,1"
4449,"0,1"
4450,"0,1"
4451,"13,401"
4452,"21,182"
4453,"0,1"
4454,"24,25,288"
4455,"0,1"
4456,"0,1"
4457,"24,25,220"
4458,"271,355,456"
4459,"24,47"
4460,"8,44,145"
4461,"0,271,313"
4462,"24,25,220"
4463,"0,1"
4464,"199,323,374"
4465,"0,1"
4466,"13,160,204"
4467,"0,1"
4468,"0,1"
4469,"21,160,182"
4470,"17,168,265"
4471,"0,1"
4472,"0,271,280"
4473,"10,11"
4474,"28,265,340"
4475,"0,1"
4476,"28,364"
4477,"13,160,204"
4478,"0,1"
4479,"11,220,221"
4480,"0,1"
4481,"21,131,187"
4482,"0,1"
4483,"0,1"
4484,"1,2"
4485,"0,1"
4486,"21,301"
4487,"21,160,182"
4488,"0,1"
4489,"151,152,160"
4490,"21,131,187"
4491,"0,1"
4492,"0,1,271"
4493,"255,271,372"
4494,"0,1"
4495,"0,1"
4496,"1,2,271"
4497,"24,25,160"
4498,"0,1"
4499,"0,1"
4500,"21,172,271"
4501,"0,1"
4502,"0,1"
4503,"60,92,160"
4504,"13,296,300"
4505,"271,355,456"
4506,"31,245"
4507,"10,220,221"
4508,"271,280,444"
4509,"0,1"
4510,"0,1"
4511,"21,124,184"
4512,"0,1"
4513,"0,271,280"
4514,"0,1"
4515,"0,1"
4516,"151,152,160"
4517,"271,355,456"
4518,"0,1"
4519,"0,1"
4520,"40,44,160"
4521,"0,1"
4522,"0,1"
4523,"0,1"
4524,"0,1"
4525,"0,1"
4526,"0,1"
4527,"0,1"
4528,"1,2"
4529,"0,1"
4530,"21,182,265"
4531,"0,1"
4532,"0,1"
4533,"0,1"
4534,"1,2"
4535,"0,1"
4536,"21,131,187"
4537,"0,1"
4538,"0,10,220"
4539,"3,35,160"
4540,"24,25,220"
4541,"21,34,127"
4542,"160,296,315"
4543,"0,1"
4544,"0,1"
4545,"0,1"
4546,"265,340"
4547,"151,152,160"
4548,"0,1"
4549,"40,139"
4550,"0,1"
4551,"0,313"
4552,"0,1"
4553,"21,124,184"
4554,"0,1"
4555,"0,1"
4556,"11,419"
4557,"28,145,194"
4558,"53,430"
4559,"0,1"
4560,"255,480"
4561,"199,248,271"
4562,"0,313"
4563,"265,340"
4564,"0,1"
4565,"160,184,243"
4566,"64,277,448"
4567,"0,1"
4568,"160,296,315"
4569,"21,271,301"
4570,"0,1"
4571,"11,13,204"
4572,"21,182"
4573,"0,1"
4574,"0,1"
4575,"44,468"
4576,"21,131,187"
4577,"53,430"
4578,"8,514"
4579,"21,131,187"
4580,"0,1"
4581,"23,26,251"
4582,"0,31,313"
4583,"0,1"
4584,"0,1"
4585,"0,1"
4586,"13,15,16"
4587,"40,131,160"
4588,"0,1"
4589,"1,2,271"
4590,"0,1"
4591,"28,29"
4592,"0,1"
4593,"0,1"
4594,"0,1"
4595,"21,170,301"
4596,"0,1"
4597,"0,1"
4598,"21,131,187"
4599,"0,1"
4600,"24,25"
4601,"0,1"
4602,"145,194"
4603,"0,1"
4604,"0,1"
4605,"0,1"
4606,"53,430"
4607,"0,271,444"
4608,"0,1"
4609,"24,25"
4610,"11,419"
4611,"131,241,271"
4612,"0,265,271"
4613,"0,1"
4614,"0,1"
4615,"0,1"
4616,"0,1"
4617,"0,1"
4618,"0,1"
4619,"21,131,187"
4620,"21,131,187"
4621,"120,121,145"
4622,"0,1"
4623,"1,483"
4624,"0,1"
4625,"17,145,168"
4626,"160,315"
4627,"0,1"
4628,"0,1"
4629,"0,1"
4630,"40,131,160"
4631,"0,1"
4632,"0,1"
4633,"10,64,199"
4634,"0,1"
4635,"0,1"
4636,"160,184,243"
4637,"0,1"
4638,"0,1"
4639,"0,1"
4640,"0,1"
4641,"0,1"
4642,"0,1"
4643,"60,92"
4644,"0,1"
4645,"0,1"
4646,"0,1"
4647,"169,337"
4648,"10,131,241"
4649,"0,1"
4650,"10,24,25"
4651,"44,468"
4652,"0,1"
4653,"0,1"
4654,"199,323"
4655,"0,1"
4656,"21,108,301"
4657,"10,11,220"
4658,"0,23,26"
4659,"0,1,216"
4660,"21,172"
4661,"0,1"
4662,"21,48,265"
4663,"160,271,315"
4664,"160,265,315"
4665,"10,11,419"
4666,"0,1"
4667,"200,271,337"
4668,"0,1,357"
4669,"40,128,129"
4670,"53,430"
4671,"0,255"
4672,"271,288,456"
4673,"160,296,315"
4674,"21,34,127"
4675,"0,1"
4676,"23,26,251"
4677,"0,1"
4678,"199,374"
4679,"170,199,343"
4680,"21,131,187"
4681,"0,1"
4682,"0,1"
4683,"0,1"
4684,"0,1"
4685,"0,1"
4686,"13,15,16"
4687,"0,1"
4688,"1,2,265"
4689,"0,1"
4690,"265,271,280"
4691,"213,271,280"
4692,"21,131,187"
4693,"21,44,73"
4694,"0,1"
4695,"0,1"
4696,"0,1"
4697,"255,480"
4698,"0,1"
4699,"0,1"
4700,"213,214,288"
4701,"0,1"
4702,"13,21,108"
4703,"10,220,242"
4704,"0,1"
4705,"0,1"
4706,"28,29"
4707,"0,1"
4708,"296,452"
4709,"0,1"
4710,"0,1"
4711,"10,220,242"
4712,"21,131,187"
4713,"0,1"
4714,"0,1"
4715,"271,444"
4716,"0,1"
4717,"0,313,397"
4718,"21,182"
4719,"40,128,129"
4720,"0,1"
4721,"0,1"
4722,"271,455"
4723,"40,139,271"
4724,"265,277,278"
4725,"0,21,182"
4726,"0,1"
4727,"0,1"
4728,"0,1"
4729,"0,21,108"
4730,"0,1"
4731,"13,21,108"
4732,"0,1"
4733,"0,10"
4734,"23,24,25"
4735,"199,323"
4736,"265,340"
4737,"21,301"
4738,"8,21,301"
4739,"0,1"
4740,"0,1"
4741,"0,1"
4742,"160,169,196"
4743,"1,277,278"
4744,"13,204,265"
4745,"0,1"
4746,"0,1"
4747,"41,184,215"
4748,"21,124,184"
4749,"271,355,456"
4750,"10,220,242"
4751,"0,271"
4752,"0,1"
4753,"0,1"
4754,"131,199,241"
4755,"0,216"
4756,"0,1"
4757,"8,235"
4758,"0,1"
4759,"21,131,187"
4760,"21,182,199"
4761,"265,271,340"
4762,"1,265,340"
4763,"0,1"
4764,"44,131,241"
4765,"0,1"
4766,"277,296,417"
4767,"265,271,340"
4768,"21,131,187"
4769,"0,1"
4770,"21,124,184"
4771,"0,1"
4772,"220,221,265"
4773,"131,241,265"
4774,"271,455"
4775,"0,1"
4776,"169,311"
4777,"11,419"
4778,"28,29,265"
4779,"24,25,220"
4780,"0,1"
4781,"0,288,313"
4782,"0,1"
4783,"0,1,28"
4784,"131,241"
4785,"0,1"
4786,"337,339"
4787,"3,200,337"
4788,"271,455"
4789,"8,64,80"
4790,"0,1"
4791,"0,1"
4792,"28,364"
4793,"0,1"
4794,"21,108,301"
4795,"21,170,301"
4796,"255,288,372"
4797,"3,51"
4798,"0,255,271"
4799,"0,1"
4800,"0,1"
4801,"0,1"
4802,"24,25"
4803,"0,1"
4804,"0,1"
4805,"271,313,360"
4806,"0,1,271"
4807,"0,1"
4808,"0,1"
4809,"0,1,296"
4810,"0,1"
4811,"0,1"
4812,"21,301"
4813,"0,1"
4814,"0,255"
4815,"10,64,199"
4816,"0,1"
4817,"38,39,265"
4818,"24,25"
4819,"0,21,182"
4820,"0,1"
4821,"0,1,357"
4822,"3,200,337"
4823,"0,1"
4824,"13,21,108"
4825,"199,374"
4826,"0,54,95"
4827,"0,1"
4828,"40,128,129"
4829,"21,187"
4830,"0,1"
4831,"40,128,129"
4832,"0,1"
4833,"0,1"
4834,"271,313,397"
4835,"17,56"
4836,"24,25,53"
4837,"0,1"
4838,"271,291,444"
4839,"0,1"
4840,"40,128,129"
4841,"0,1"
4842,"0,1"
4843,"0,53,313"
4844,"0,10,11"
4845,"21,301"
4846,"0,1"
4847,"10,220,242"
4848,"131,241"
4849,"0,1"
4850,"0,1"
4851,"40,128,160"
4852,"21,131,187"
4853,"21,124,184"
4854,"0,1"
4855,"0,1"
4856,"23,76"
4857,"10,220,242"
4858,"271,444"
4859,"10,220,242"
4860,"0,1"
4861,"0,1"
4862,"44,73,296"
4863,"0,1"
4864,"0,1"
4865,"40,44,128"
4866,"11,220,221"
4867,"271,455"
4868,"0,1"
4869,"0,271"
4870,"40,128,129"
4871,"255,484"
4872,"10,24,25"
4873,"0,1"
4874,"0,1"
4875,"0,1"
4876,"3,51"
4877,"0,249"
4878,"0,1"
4879,"0,271,313"
4880,"288,498"
4881,"0,1"
4882,"10,220,242"
4883,"265,340"
4884,"0,313"
4885,"21,182"
4886,"265,340"
4887,"21,265,301"
4888,"0,1"
4889,"0,1"
4890,"24,25,265"
4891,"8,271,444"
4892,"21,301"
4893,"0,255,271"
4894,"0,40,128"
4895,"0,1"
4896,"0,1,357"
4897,"13,160,204"
4898,"11,419"
4899,"11,419"
4900,"21,182,265"
4901,"40,128,129"
4902,"0,1"
4903,"0,1"
4904,"0,1"
4905,"271,355"
4906,"0,1"
4907,"21,172,277"
4908,"265,340"
4909,"3,200,337"
4910,"0,1"
4911,"0,1"
4912,"28,170,207"
4913,"40,160"
4914,"265,340"
4915,"21,131,187"
4916,"10,220,221"
4917,"218,271,456"
4918,"0,1"
4919,"0,1"
4920,"271,455"
4921,"0,1"
4922,"0,10,64"
4923,"271,355"
4924,"0,1"
4925,"160,184,315"
4926,"10,64,271"
4927,"13,401"
4928,"10,11"
4929,"0,1"
4930,"0,1"
4931,"265,340"
4932,"21,124,184"
4933,"10,64,145"
4934,"10,220,221"
4935,"0,1"
4936,"24,25"
4937,"24,25,131"
4938,"13,53,204"
4939,"265,340"
4940,"0,213,313"
4941,"271,288,449"
4942,"0,1"
4943,"17,21,168"
4944,"0,1"
4945,"10,220,242"
4946,"0,1"
4947,"10,24,25"
4948,"17,160,168"
4949,"0,1"
4950,"0,1"
4951,"255,484"
4952,"10,28,220"
4953,"271,455"
4954,"199,374"
4955,"28,29,131"
4956,"24,25"
4957,"38,91"
4958,"0,1"
4959,"0,313"
4960,"0,1"
4961,"0,1"
4962,"0,1"
4963,"13,15,16"
4964,"271,280"
4965,"0,1"
4966,"0,1"
4967,"40,160"
4968,"0,1"
4969,"10,23,24"
4970,"0,313"
4971,"10,23,24"
4972,"0,24,25"
4973,"0,1"
4974,"21,182"
4975,"40,128,129"
4976,"0,1"
4977,"0,1"
4978,"0,1"
4979,"0,28,216"
4980,"0,1"
4981,"53,271,430"
4982,"0,1"
4983,"0,1"
4984,"15,16,271"
4985,"13,401"
4986,"0,1"
4987,"0,1"
4988,"0,1"
4989,"0,184,313"
4990,"0,1"
4991,"0,1"
4992,"131,241"
4993,"0,1"
4994,"21,131,187"
4995,"10,64,199"
4996,"40,131,160"
4997,"255,271,455"
4998,"10,24,25"
4999,"28,518"
5000,"0,1"
5001,"0,255"
5002,"131,241,277"
5003,"199,374"
5004,"0,1"
5005,"15,16,24"
5006,"23,26,251"
5007,"170,436"
5008,"151,152,160"
5009,"10,23,24"
5010,"0,1"
5011,"255,265,372"
5012,"64,448"
5013,"265,340"
5014,"0,1"
5015,"28,518"
5016,"0,1"
5017,"0,1"
5018,"21,182"
5019,"21,182"
5020,"0,1"
5021,"0,1"
5022,"10,64,271"
5023,"0,1"
5024,"13,21,108"
5025,"21,131,187"
5026,"0,313"
5027,"0,1"
5028,"0,1"
5029,"0,1"
5030,"271,355,456"
5031,"0,1"
5032,"0,1"
5033,"21,160,182"
5034,"21,131,187"
5035,"8,277,458"
5036,"17,56"
5037,"0,1"
5038,"0,1"
5039,"265,340"
5040,"0,1"
5041,"21,131,187"
5042,"8,160,196"
5043,"0,1"
5044,"0,1"
5045,"199,374"
5046,"271,444"
5047,"0,1"
5048,"17,168"
5049,"28,111,267"
5050,"265,340"
5051,"0,1"
5052,"271,449"
5053,"28,364"
5054,"0,1"
5055,"0,1"
5056,"28,29"
5057,"21,182,265"
5058,"64,448"
5059,"0,1"
5060,"0,1"
5061,"265,340"
5062,"0,1"
5063,"145,194"
5064,"0,1,271"
5065,"53,430"
5066,"271,313,397"
5067,"17,56,265"
5068,"0,1"
5069,"265,340"
5070,"28,29,265"
5071,"0,1"
5072,"0,1,28"
5073,"0,1"
5074,"131,241"
5075,"0,1"
5076,"0,1"
5077,"0,1"
5078,"10,24,25"
5079,"0,1"
5080,"10,64,199"
5081,"10,24,25"
5082,"0,1"
5083,"0,1"
5084,"0,216"
5085,"53,393"
5086,"21,131,187"
5087,"0,1"
5088,"160,315"
5089,"21,182,277"
5090,"0,1"
5091,"10,220"
5092,"10,220,221"
5093,"10,23,24"
5094,"0,1"
5095,"0,1"
5096,"10,11,44"
5097,"10,64,199"
5098,"216,257,271"
5099,"10,44,145"
5100,"0,1"
5101,"28,31,328"
5102,"21,131,187"
5103,"199,248"
5104,"53,430"
5105,"271,444"
5106,"21,131,187"
5107,"0,1"
5108,"0,1"
5109,"11,220,221"
5110,"0,1"
5111,"24,49,160"
5112,"0,1"
5113,"145,194,271"
5114,"0,1"
5115,"21,131,182"
5116,"0,1"
5117,"0,249"
5118,"0,1"
5119,"145,194"
5120,"21,301"
5121,"0,1"
5122,"40,160"
5123,"271,455"
5124,"0,1"
5125,"64,271,448"
5126,"0,1"
5127,"21,182"
5128,"0,1"
5129,"0,1"
5130,"24,25,220"
5131,"0,1"
5132,"0,1"
5133,"10,23,24"
5134,"0,1"
5135,"0,1,357"
5136,"21,131,187"
5137,"0,1"
5138,"0,1"
5139,"1,2,265"
5140,"10,11,44"
5141,"0,1"
5142,"64,80,271"
5143,"0,1"
5144,"0,313"
5145,"265,340"
5146,"131,199,241"
5147,"10,13,204"
5148,"0,288,357"
5149,"265,340"
5150,"0,1"
5151,"0,1"
5152,"10,64,199"
5153,"0,1"
5154,"21,131,187"
5155,"64,80,448"
5156,"0,1"
5157,"1,2"
5158,"145,194,199"
5159,"0,1"
5160,"265,340"
5161,"0,1"
5162,"0,1"
5163,"10,220,242"
5164,"131,145,241"
5165,"213,359"
5166,"21,131,187"
5167,"0,1"
5168,"24,25"
5169,"13,296,300"
5170,"0,1"
5171,"0,1"
5172,"0,1"
5173,"0,1"
5174,"0,1"
5175,"0,1"
5176,"0,1"
5177,"0,1"
5178,"10,24,25"
5179,"11,220,221"
5180,"0,13,313"
5181,"271,366"
5182,"24,25"
5183,"21,160,182"
5184,"10,11,44"
5185,"40,160"
5186,"21,28,29"
5187,"0,1"
5188,"3,200,337"
5189,"0,1"
5190,"0,1"
5191,"10,64,199"
5192,"0,1"
5193,"17,168"
5194,"0,313"
5195,"24,49,131"
5196,"0,1"
5197,"0,1"
5198,"151,152,160"
5199,"0,1"
5200,"0,1"
5201,"0,1"
5202,"53,430"
5203,"40,128,129"
5204,"1,2,255"
5205,"0,1"
5206,"0,1"
5207,"21,170,301"
5208,"265,271,349"
5209,"139,153"
5210,"40,128,129"
5211,"0,313"
5212,"0,1"
5213,"40,41,255"
5214,"0,1"
5215,"0,1"
5216,"21,182"
5217,"139,153"
5218,"199,323"
5219,"21,301"
5220,"0,1"
5221,"0,1"
5222,"0,1"
5223,"0,1"
5224,"0,1"
5225,"0,1"
5226,"23,251,337"
5227,"0,1"
5228,"21,172,271"
5229,"0,1"
5230,"23,251,337"
5231,"0,255,313"
5232,"265,340"
5233,"265,425"
5234,"0,1"
5235,"0,44,145"
5236,"40,128,129"
5237,"21,182"
5238,"0,1"
5239,"0,1"
5240,"10,11,199"
5241,"0,1"
5242,"0,1"
5243,"53,220,221"
5244,"0,1"
5245,"21,131,187"
5246,"53,430"
5247,"0,1"
5248,"0,288,357"
5249,"0,1"
5250,"271,455"
5251,"21,124,184"
5252,"0,1"
5253,"0,1"
5254,"0,1"
5255,"0,313"
5256,"0,1"
5257,"131,160,241"
5258,"0,1"
5259,"0,1"
5260,"0,1"
5261,"0,1"
5262,"0,1"
5263,"0,1"
5264,"10,24,25"
5265,"10,24,25"
5266,"11,40,160"
5267,"0,213,271"
5268,"0,1"
5269,"0,1"
5270,"0,213,271"
5271,"0,53,255"
5272,"0,1"
5273,"0,1"
5274,"0,1"
5275,"31,328"
5276,"265,271,425"
5277,"0,313"
5278,"0,1"
5279,"0,1"
5280,"23,26,251"
5281,"0,1,24"
5282,"199,323"
5283,"0,1"
5284,"218,457"
5285,"0,1"
5286,"21,131,187"
5287,"271,455"
5288,"3,51,265"
5289,"0,1"
5290,"0,1"
5291,"21,160,182"
5292,"0,1"
5293,"0,1,271"
5294,"0,1"
5295,"0,1"
5296,"0,1"
5297,"199,382"
5298,"0,1"
5299,"10,220,242"
5300,"0,1"
5301,"28,29"
5302,"53,430"
5303,"0,1"
5304,"170,271,436"
5305,"271,280"
5306,"28,29,265"
5307,"0,1"
5308,"0,1"
5309,"271,516"
5310,"0,1"
5311,"0,10"
5312,"40,160,334"
5313,"21,160,182"
5314,"170,271,280"
5315,"0,1"
5316,"0,1"
5317,"21,182"
5318,"0,271,313"
5319,"0,1"
5320,"21,182"
5321,"0,1"
5322,"0,1"
5323,"23,26,28"
5324,"0,1"
5325,"0,1"
5326,"0,1"
5327,"1,2"
5328,"3,200,337"
5329,"53,430"
5330,"21,124,184"
5331,"0,1"
5332,"0,1"
5333,"21,108,301"
5334,"199,337,339"
5335,"0,1"
5336,"40,160,170"
5337,"17,168,271"
5338,"0,1"
5339,"0,1"
5340,"296,452"
5341,"0,1"
5342,"0,1"
5343,"0,1"
5344,"0,1"
5345,"0,1"
5346,"271,280,455"
5347,"0,1"
5348,"271,355,456"
5349,"21,172"
5350,"0,1"
5351,"0,1"
5352,"0,1"
5353,"0,1"
5354,"11,31,328"
5355,"0,1"
5356,"0,1"
5357,"0,1"
5358,"0,1"
5359,"24,49,271"
5360,"0,1"
5361,"0,1"
5362,"0,1"
5363,"21,199,301"
5364,"24,25,220"
5365,"21,34,127"
5366,"0,1"
5367,"151,152,170"
5368,"0,1"
5369,"13,21,108"
5370,"0,1"
5371,"271,455"
5372,"31,328"
5373,"0,1"
5374,"10,64,199"
5375,"0,1"
5376,"170,436"
5377,"0,1"
5378,"265,340"
5379,"21,131,182"
5380,"24,25"
5381,"160,265,315"
5382,"10,220,242"
5383,"0,1,271"
5384,"13,160,204"
5385,"271,355,449"
5386,"24,25,31"
5387,"271,455"
5388,"0,1"
5389,"271,366"
5390,"0,1"
5391,"0,1"
5392,"28,170,436"
5393,"0,1"
5394,"0,1"
5395,"17,24,25"
5396,"0,1"
5397,"271,355,456"
5398,"179,265,340"
5399,"0,1"
5400,"21,108"
5401,"0,1"
5402,"24,49"
5403,"0,1"
5404,"0,1"
5405,"21,131,187"
5406,"271,455"
5407,"271,355,456"
5408,"0,1"
5409,"0,1"
5410,"0,1"
5411,"21,182,296"
5412,"0,1"
5413,"0,1"
5414,"0,1"
5415,"0,1"
5416,"0,1"
5417,"0,1"
5418,"0,1"
5419,"64,448"
5420,"3,200,337"
5421,"21,131,187"
5422,"0,1"
5423,"28,29,131"
5424,"0,1"
5425,"271,313,360"
5426,"0,1"
5427,"0,1"
5428,"10,44,64"
5429,"10,220,271"
5430,"131,241"
5431,"265,340"
5432,"0,1"
5433,"13,122,265"
5434,"10,220"
5435,"0,1"
5436,"170,436"
5437,"0,1,357"
5438,"28,29"
5439,"0,1"
5440,"0,1"
5441,"0,1"
5442,"271,355"
5443,"0,1"
5444,"265,340"
5445,"0,1"
5446,"28,29,265"
5447,"21,131,187"
5448,"0,1"
5449,"0,1"
5450,"0,1"
5451,"0,1"
5452,"0,1"
5453,"21,131,182"
5454,"0,216"
5455,"160,296,315"
5456,"265,271,449"
5457,"0,1"
5458,"0,1"
5459,"11,220,221"
5460,"64,80"
5461,"0,1"
5462,"0,1"
5463,"0,1"
5464,"21,169,182"
5465,"271,355,456"
5466,"271,355"
5467,"271,366"
5468,"0,1"
5469,"271,288,456"
5470,"213,359"
5471,"40,139"
5472,"21,170,301"
5473,"265,271,340"
5474,"218,271,280"
5475,"0,1"
5476,"0,1"
5477,"40,128,129"
5478,"0,313"
5479,"0,1"
5480,"265,376,425"
5481,"0,1"
5482,"111,282"
5483,"0,271,280"
5484,"0,271"
5485,"170,271,436"
5486,"21,127"
5487,"0,1"
5488,"0,1"
5489,"28,518"
5490,"271,455"
5491,"0,1"
5492,"0,1"
5493,"0,10"
5494,"21,135,141"
5495,"179,265,340"
5496,"53,271,366"
5497,"271,355,456"
5498,"0,1"
5499,"0,1"
5500,"0,1"
5501,"0,313"
5502,"0,1"
5503,"10,64,199"
5504,"0,1"
5505,"0,1"
5506,"265,277,425"
5507,"288,497"
5508,"265,425,488"
5509,"0,213,271"
5510,"0,1"
5511,"21,131,187"
5512,"0,1"
5513,"0,1"
5514,"0,1"
5515,"0,10,313"
5516,"41,184,215"
5517,"21,131,187"
5518,"199,248"
5519,"213,214"
5520,"17,168,199"
5521,"8,21,182"
5522,"0,313"
5523,"145,194,271"
5524,"10,220,242"
5525,"21,108,301"
5526,"8,31,328"
5527,"0,1"
5528,"265,271,340"
5529,"0,1"
5530,"21,182,271"
5531,"0,271,280"
5532,"0,1"
5533,"0,184,313"
5534,"277,513"
5535,"0,1"
5536,"13,21,108"
5537,"131,241,255"
5538,"0,1"
5539,"0,1"
5540,"199,382"
5541,"0,1"
5542,"28,29"
5543,"1,2"
5544,"199,382"
5545,"28,29,277"
5546,"0,1"
5547,"277,288,458"
5548,"0,1"
5549,"0,1"
5550,"17,168"
5551,"40,160,337"
5552,"0,213,313"
5553,"0,1"
5554,"28,29,288"
5555,"0,313"
5556,"0,1"
5557,"64,80,213"
5558,"265,271,340"
5559,"277,288,458"
5560,"0,1"
5561,"0,1"
5562,"213,359"
5563,"220,221,271"
5564,"0,1"
5565,"0,1,271"
5566,"0,1"
5567,"0,1"
5568,"0,1"
5569,"160,315"
5570,"0,1"
5571,"0,1"
5572,"0,1"
5573,"0,1"
5574,"0,1"
5575,"271,313,360"
5576,"0,1"
5577,"213,359"
5578,"0,313"
5579,"0,1"
5580,"0,131,241"
5581,"64,80"
5582,"0,1"
5583,"13,401"
5584,"28,296,417"
5585,"271,455"
5586,"160,315"
5587,"0,1"
5588,"131,241,277"
5589,"0,1"
5590,"0,213,313"
5591,"296,452"
5592,"21,31,182"
5593,"21,172"
5594,"24,25"
5595,"23,26,251"
5596,"0,1,357"
5597,"21,182,199"
5598,"0,265,313"
5599,"0,1"
5600,"0,216,254"
5601,"64,80,131"
5602,"0,1"
5603,"8,514"
5604,"0,1"
5605,"0,1"
5606,"10,24,25"
5607,"0,1"
5608,"10,24,25"
5609,"0,1"
5610,"0,1"
5611,"0,271"
5612,"0,1"
5613,"0,271,313"
5614,"0,265,313"
5615,"271,455"
5616,"199,323"
5617,"21,131,187"
5618,"0,271,313"
5619,"265,271,376"
5620,"0,1"
5621,"220,221"
5622,"40,128,129"
5623,"0,1,357"
5624,"21,172"
5625,"265,349,488"
5626,"0,131,241"
5627,"0,1"
5628,"0,40,160"
5629,"0,1"
5630,"160,296,315"
5631,"0,1"
5632,"0,1"
5633,"0,1"
5634,"0,1"
5635,"0,1"
5636,"0,1"
5637,"0,1"
5638,"10,11,220"
5639,"0,1"
5640,"0,1"
5641,"271,355,456"
5642,"0,1"
5643,"53,199,382"
5644,"0,1"
5645,"271,355,456"
5646,"0,1"
5647,"10,64,448"
5648,"0,1"
5649,"0,1"
5650,"21,108,301"
5651,"296,452"
5652,"0,271,313"
5653,"0,1"
5654,"0,1"
5655,"0,271,313"
5656,"0,1"
5657,"0,1"
5658,"265,277,340"
5659,"0,1"
5660,"0,1"
5661,"0,1"
5662,"0,1"
5663,"21,160,182"
5664,"0,213,271"
5665,"213,214,271"
5666,"151,152,160"
5667,"0,1"
5668,"0,1"
5669,"0,1"
5670,"265,271,340"
5671,"10,64,199"
5672,"40,128,129"
5673,"13,21,182"
5674,"10,64,199"
5675,"21,271,301"
5676,"0,1"
5677,"213,214"
5678,"0,1"
5679,"0,1"
5680,"0,1"
5681,"64,145,402"
5682,"0,1"
5683,"21,131,187"
5684,"0,1"
5685,"21,108,301"
5686,"0,1"
5687,"10,11,44"
5688,"0,1"
5689,"0,1"
5690,"40,128,129"
5691,"0,1"
5692,"0,1"
5693,"0,1"
5694,"64,448"
5695,"8,160,196"
5696,"0,1"
5697,"21,182,265"
5698,"21,182"
5699,"0,1"
5700,"199,265,340"
5701,"0,1"
5702,"0,1"
5703,"0,265,313"
5704,"64,80,448"
5705,"1,2,21"
5706,"0,1"
5707,"0,1"
5708,"0,1"
5709,"0,1"
5710,"0,1"
5711,"8,514"
5712,"0,271,313"
5713,"10,220,242"
5714,"0,1"
5715,"0,1"
5716,"0,1"
5717,"0,1"
5718,"13,15,16"
5719,"13,60,92"
5720,"60,92,199"
5721,"21,131,187"
5722,"265,340,425"
5723,"0,1"
5724,"0,271,313"
5725,"0,1"
5726,"271,366,449"
5727,"0,1"
5728,"21,131,187"
5729,"53,430"
5730,"0,10"
5731,"0,44,73"
5732,"0,1"
5733,"0,1"
5734,"160,315"
5735,"0,1"
5736,"28,29,40"
5737,"31,328"
5738,"277,313,397"
5739,"0,1"
5740,"271,455"
5741,"0,1"
5742,"10,131,220"
5743,"40,160,265"
5744,"265,271,340"
5745,"21,301"
5746,"24,25,44"
5747,"31,245"
5748,"0,1"
5749,"64,145,402"
5750,"10,220,242"
5751,"151,152,160"
5752,"40,160,337"
5753,"10,24,25"
5754,"11,419"
5755,"0,131,241"
5756,"21,182,184"
5757,"265,376,425"
5758,"265,340"
5759,"0,1"
5760,"220,221"
5761,"0,1"
5762,"21,182,265"
5763,"10,64,199"
5764,"0,1"
5765,"265,340"
5766,"0,1"
5767,"0,1"
5768,"0,1"
5769,"0,1"
5770,"0,1"
5771,"23,26,251"
5772,"0,1"
5773,"0,1"
5774,"271,455"
5775,"8,24,59"
5776,"0,313"
5777,"0,1"
5778,"21,187"
5779,"160,296,315"
5780,"23,26,265"
5781,"21,170,301"
5782,"10,23,24"
5783,"28,40,139"
5784,"0,1"
5785,"13,160,204"
5786,"0,1"
5787,"24,25,220"
5788,"21,131,187"
5789,"0,1"
5790,"8,251,337"
5791,"0,1"
5792,"10,31,64"
5793,"170,436"
5794,"10,220,265"
5795,"13,160,204"
5796,"0,1"
5797,"8,64,448"
5798,"0,1"
5799,"0,1"
5800,"0,1"
5801,"0,1"
5802,"0,1"
5803,"13,296,300"
5804,"0,1"
5805,"0,1"
5806,"0,216,254"
5807,"13,21,108"
5808,"0,1"
5809,"0,1"
5810,"265,340"
5811,"28,364"
5812,"0,1"
5813,"15,16"
5814,"0,1"
5815,"271,444"
5816,"0,1"
5817,"0,1"
5818,"271,449"
5819,"0,1"
5820,"10,220,242"
5821,"0,1"
5822,"0,271,455"
5823,"64,80"
5824,"0,1"
5825,"131,213,214"
5826,"24,131,241"
5827,"0,1"
5828,"10,23,24"
5829,"0,1"
5830,"277,313,397"
5831,"0,1"
5832,"0,1"
5833,"0,1"
5834,"28,29,40"
5835,"0,313"
5836,"21,182"
5837,"220,221"
5838,"21,182"
5839,"24,25"
5840,"0,1"
5841,"40,160,271"
5842,"10,11,44"
5843,"0,1"
5844,"28,29"
5845,"0,313"
5846,"0,1"
5847,"0,1"
5848,"0,1"
5849,"0,1"
5850,"24,25,288"
5851,"0,1"
5852,"0,1"
5853,"265,340"
5854,"21,131,187"
5855,"0,1"
5856,"28,29"
5857,"0,1"
5858,"0,1"
5859,"255,480,484"
5860,"21,131,187"
5861,"0,265,313"
5862,"0,40,128"
5863,"0,1"
5864,"265,340"
5865,"265,340"
5866,"0,1"
5867,"10,220,242"
5868,"0,1"
5869,"13,21,182"
5870,"21,301"
5871,"1,2"
5872,"0,1"
5873,"0,1"
5874,"0,1"
5875,"0,1"
5876,"0,1"
5877,"0,1"
5878,"271,444"
5879,"0,1"
5880,"74,160,315"
5881,"28,29,170"
5882,"24,25"
5883,"170,436"
5884,"24,25,170"
5885,"277,413"
5886,"0,1"
5887,"0,1"
5888,"24,49,53"
5889,"131,241"
5890,"0,1"
5891,"21,170,301"
5892,"271,366,449"
5893,"21,131,187"
5894,"21,182"
5895,"265,349,418"
5896,"179,265,425"
5897,"21,108,301"
5898,"0,1"
5899,"0,1"
5900,"0,1"
5901,"199,281"
5902,"0,1"
5903,"265,425"
5904,"0,1"
5905,"265,340"
5906,"10,11"
5907,"271,455"
5908,"21,301"
5909,"28,199,374"
5910,"288,497"
5911,"199,374"
5912,"0,1"
5913,"160,315"
5914,"0,1"
5915,"0,1,357"
5916,"60,92"
5917,"0,1"
5918,"31,328"
5919,"13,21,108"
5920,"0,10,11"
5921,"0,1"
5922,"265,271,376"
5923,"0,1"
5924,"0,1"
5925,"277,313,397"
5926,"271,291,444"
5927,"0,1"
5928,"0,1"
5929,"0,1"
5930,"0,1"
5931,"0,1"
5932,"21,124,184"
5933,"265,271,340"
5934,"21,182,265"
5935,"0,1"
5936,"1,213,359"
5937,"0,1"
5938,"0,1"
5939,"53,430"
5940,"1,2,288"
5941,"0,216"
5942,"271,455"
5943,"220,221"
5944,"21,182"
5945,"0,1"
5946,"0,1"
5947,"0,1"
5948,"10,24,25"
5949,"265,344,376"
5950,"0,1"
5951,"213,252,255"
5952,"40,160"
5953,"0,1"
5954,"0,1"
5955,"0,1"
5956,"13,21,108"
5957,"0,1"
5958,"0,1"
5959,"24,49,199"
5960,"265,340"
5961,"21,48,53"
5962,"28,29,265"
5963,"0,313"
5964,"0,1"
5965,"131,241,271"
5966,"53,393"
5967,"40,128,129"
5968,"28,364"
5969,"0,1"
5970,"0,288,357"
5971,"0,1"
5972,"0,1"
5973,"0,1"
5974,"131,241"
5975,"0,1"
5976,"0,1"
5977,"24,25"
5978,"0,1"
5979,"10,64,80"
5980,"0,1"
5981,"265,271,340"
5982,"0,1"
5983,"10,11,44"
5984,"0,1"
5985,"0,1"
5986,"0,1"
5987,"0,1,271"
5988,"0,1"
5989,"1,21,182"
5990,"0,40,160"
5991,"0,265,313"
5992,"288,497"
5993,"23,24,220"
5994,"10,220"
5995,"0,1"
5996,"255,265,340"
5997,"10,220,242"
5998,"5,331"
5999,"0,1"
6000,"0,1"
6001,"0,1"
6002,"0,1"
6003,"0,213,214"
6004,"0,1"
6005,"0,1"
6006,"41,184,215"
6007,"21,131,187"
6008,"0,1"
6009,"0,1"
6010,"0,1"
6011,"0,1"
6012,"271,288,456"
6013,"0,265,313"
6014,"271,455"
6015,"0,1"
6016,"21,301"
6017,"0,1"
6018,"271,280"
6019,"265,271,273"
6020,"199,323"
6021,"265,340,425"
6022,"0,1"
6023,"0,1"
6024,"265,376,425"
6025,"0,1"
6026,"0,1"
6027,"8,235"
6028,"13,21,108"
6029,"0,1"
6030,"0,1"
6031,"0,1"
6032,"0,271,355"
6033,"64,448"
6034,"0,1"
6035,"151,152,170"
6036,"0,1"
6037,"0,1"
6038,"21,187"
6039,"265,340"
6040,"151,152,160"
6041,"24,28,29"
6042,"0,1"
6043,"0,1"
6044,"0,249"
6045,"0,1"
6046,"10,24,25"
6047,"296,417"
6048,"0,271,313"
6049,"10,64,265"
6050,"0,1"
6051,"17,168"
6052,"0,1"
6053,"131,160,241"
6054,"13,296,300"
6055,"0,10"
6056,"131,241,265"
6057,"0,1"
6058,"0,1"
6059,"23,26,251"
6060,"40,131,160"
6061,"271,455"
6062,"0,1"
6063,"0,1"
6064,"0,1"
6065,"0,1"
6066,"0,1"
6067,"296,452"
6068,"0,1"
6069,"0,1"
6070,"0,1"
6071,"200,271,337"
6072,"0,1,357"
6073,"0,1"
6074,"0,1"
6075,"0,1"
6076,"0,199,313"
6077,"179,255,372"
6078,"60,92"
6079,"40,160,199"
6080,"0,1"
6081,"21,187,200"
6082,"1,2,277"
6083,"271,280,455"
6084,"23,26"
6085,"0,1"
6086,"53,296,417"
6087,"169,311"
6088,"24,49,199"
6089,"0,313"
6090,"0,1"
6091,"0,184,243"
6092,"111,199,282"
6093,"0,1"
6094,"0,1"
6095,"8,514"
6096,"0,1"
6097,"0,313"
6098,"0,1"
6099,"0,1"
6100,"0,1,357"
6101,"21,131,187"
6102,"0,1"
6103,"265,277,340"
6104,"0,1"
6105,"31,328"
6106,"1,2"
6107,"13,296,300"
6108,"0,1"
6109,"21,108,182"
6110,"0,1"
6111,"0,1"
6112,"53,430"
6113,"0,1"
6114,"24,25,40"
6115,"60,414"
6116,"0,1,271"
6117,"265,340"
6118,"0,1"
6119,"0,1"
6120,"0,1"
6121,"44,145,271"
6122,"21,108,301"
6123,"160,296,315"
6124,"0,1"
6125,"0,213,214"
6126,"0,1"
6127,"265,340"
6128,"28,29"
6129,"21,131,187"
6130,"28,29"
6131,"0,1"
6132,"21,131,187"
6133,"0,1,271"
6134,"0,1"
6135,"0,1"
6136,"10,11"
6137,"28,29"
6138,"28,364"
6139,"0,1"
6140,"0,1"
6141,"0,23,24"
6142,"0,1"
6143,"0,1"
6144,"40,128,129"
6145,"0,1"
6146,"0,313"
6147,"271,288,456"
6148,"17,28,29"
6149,"0,1"
6150,"11,265,340"
6151,"0,1"
6152,"0,1"
6153,"0,1"
6154,"11,419"
6155,"10,220"
6156,"145,255,480"
6157,"40,128,129"
6158,"60,92,199"
6159,"0,1"
6160,"0,313"
6161,"0,1"
6162,"0,1"
6163,"28,310"
6164,"11,169,311"
6165,"0,64,80"
6166,"0,1"
6167,"220,221"
6168,"10,220"
6169,"0,1"
6170,"0,1"
6171,"0,1"
6172,"0,1"
6173,"0,1"
6174,"0,1"
6175,"0,1"
6176,"53,430"
6177,"0,1"
6178,"21,28,182"
6179,"24,25,271"
6180,"11,151,152"
6181,"10,220,221"
6182,"0,1"
6183,"40,128,129"
6184,"255,271,456"
6185,"21,182"
6186,"3,200,337"
6187,"24,49"
6188,"0,1"
6189,"0,1"
6190,"111,271,404"
6191,"0,1"
6192,"23,26,251"
6193,"38,39"
6194,"255,372"
6195,"0,1"
6196,"13,21,204"
6197,"0,1"
6198,"0,1"
6199,"170,436"
6200,"0,1"
6201,"21,124,184"
6202,"0,1"
6203,"0,1"
6204,"151,152,265"
6205,"0,1"
6206,"10,64,448"
6207,"0,1"
6208,"0,1"
6209,"21,301"
6210,"0,1"
6211,"0,1"
6212,"265,340"
6213,"0,1"
6214,"0,1"
6215,"0,1"
6216,"0,1"
6217,"0,1"
6218,"0,1"
6219,"40,160,334"
6220,"24,25,220"
6221,"0,265,271"
6222,"21,182"
6223,"0,1"
6224,"120,121,145"
6225,"24,25,220"
6226,"10,220,242"
6227,"24,25,220"
6228,"0,44,313"
6229,"0,1"
6230,"277,458"
6231,"265,271,355"
6232,"0,1"
6233,"0,213,214"
6234,"0,1"
6235,"21,34,127"
6236,"21,108,301"
6237,"0,277,313"
6238,"0,23,26"
6239,"0,313"
6240,"0,1"
6241,"0,1"
6242,"0,1"
6243,"0,1"
6244,"0,1"
6245,"10,64,199"
6246,"0,1"
6247,"0,1"
6248,"0,1"
6249,"24,25"
6250,"53,199,248"
6251,"265,271,280"
6252,"0,1"
6253,"0,1"
6254,"24,25"
6255,"0,1"
6256,"21,131,187"
6257,"0,1"
6258,"10,64,199"
6259,"0,313"
6260,"0,1"
6261,"0,1"
6262,"0,249"
6263,"0,1"
6264,"24,25,40"
6265,"28,29"
6266,"0,1"
6267,"131,241"
6268,"21,182"
6269,"21,108,301"
6270,"0,1"
6271,"0,1"
6272,"0,1"
6273,"21,182,301"
6274,"0,1"
6275,"21,108,182"
6276,"277,288,458"
6277,"10,11,44"
6278,"0,1"
6279,"0,1"
6280,"0,1,357"
6281,"0,1"
6282,"21,182"
6283,"11,265,340"
6284,"265,271,340"
6285,"0,1"
6286,"0,271,355"
6287,"0,1"
6288,"60,92"
6289,"0,1"
6290,"0,1"
6291,"0,1"
6292,"24,49"
6293,"0,1"
6294,"170,436"
6295,"0,1"
6296,"1,2,271"
6297,"265,425"
6298,"0,1"
6299,"0,1"
6300,"265,340"
6301,"0,1"
6302,"277,288,458"
6303,"24,25,271"
6304,"0,1,271"
6305,"0,313"
6306,"0,1"
6307,"0,1"
6308,"11,31,328"
6309,"0,1"
6310,"0,1"
6311,"40,64,80"
6312,"24,49"
6313,"0,1"
6314,"0,1"
6315,"0,1"
6316,"21,170,301"
6317,"0,1"
6318,"10,64,199"
6319,"40,160"
6320,"0,1"
6321,"0,1"
6322,"24,25"
6323,"0,1"
6324,"0,1"
6325,"40,44,160"
6326,"0,1"
6327,"0,1"
6328,"21,182"
6329,"10,220,242"
6330,"0,1"
6331,"21,182,265"
6332,"0,1"
6333,"21,131,187"
6334,"24,25,265"
6335,"0,1"
6336,"265,340"
6337,"21,187,265"
6338,"0,1"
6339,"0,1"
6340,"21,108,301"
6341,"0,1"
6342,"44,145"
6343,"0,10"
6344,"271,355,456"
6345,"277,288,458"
6346,"10,220,221"
6347,"10,220"
6348,"0,1"
6349,"265,271,340"
6350,"21,131,187"
6351,"151,152,160"
6352,"265,340"
6353,"0,216,255"
6354,"265,340"
6355,"21,131,187"
6356,"131,145,194"
6357,"255,271,372"
6358,"0,1"
6359,"21,124,184"
6360,"0,1"
6361,"271,455"
6362,"0,1"
6363,"0,1"
6364,"0,1"
6365,"160,296,315"
6366,"0,40,160"
6367,"0,1"
6368,"10,220"
6369,"17,168,265"
6370,"40,131,160"
6371,"0,1"
6372,"271,288,456"
6373,"21,108,182"
6374,"10,220,242"
6375,"21,131,187"
6376,"131,241"
6377,"60,92"
6378,"0,1"
6379,"271,455"
6380,"265,340"
6381,"271,355,456"
6382,"265,271,280"
6383,"10,220,242"
6384,"0,1"
6385,"0,1"
6386,"271,280"
6387,"0,1"
6388,"53,430"
6389,"0,1"
6390,"0,1"
6391,"220,242"
6392,"0,1"
6393,"131,241,277"
6394,"0,1"
6395,"0,1"
6396,"0,1"
6397,"0,1"
6398,"0,265,271"
6399,"10,220,242"
6400,"10,11,271"
6401,"0,271,355"
6402,"271,291,444"
6403,"13,21,108"
6404,"21,182,277"
6405,"0,1"
6406,"0,1,357"
6407,"24,25"
6408,"0,1"
6409,"265,271,355"
6410,"0,1"
6411,"0,1"
6412,"0,1"
6413,"0,1"
6414,"0,131,241"
6415,"21,182"
6416,"21,34,187"
6417,"160,296,315"
6418,"271,455"
6419,"0,1"
6420,"199,374"
6421,"0,1"
6422,"145,194,199"
6423,"199,323"
6424,"10,44,64"
6425,"160,296,315"
6426,"0,1"
6427,"21,131,187"
6428,"0,1"
6429,"0,1"
6430,"0,1"
6431,"0,1"
6432,"0,265,313"
6433,"199,323"
6434,"0,213,313"
6435,"21,131,187"
6436,"296,452"
6437,"0,1"
6438,"21,182,271"
6439,"3,200,337"
6440,"0,1"
6441,"271,288,456"
6442,"40,160"
6443,"271,296,452"
6444,"0,1"
6445,"21,182"
6446,"0,1"
6447,"0,1"
6448,"10,11,419"
6449,"11,220,221"
6450,"265,313,340"
6451,"0,1"
6452,"0,1"
6453,"0,265,313"
6454,"0,64,313"
6455,"10,11"
6456,"40,128,129"
6457,"0,1"
6458,"10,11,24"
6459,"0,1"
6460,"64,145,448"
6461,"271,355,456"
6462,"10,220,242"
6463,"28,113"
6464,"0,1"
6465,"0,1"
6466,"0,1"
6467,"0,265,313"
6468,"0,10"
6469,"145,194,199"
6470,"288,498"
6471,"40,111,160"
6472,"0,1"
6473,"0,1"
6474,"13,204"
6475,"28,29"
6476,"21,172"
6477,"21,182,265"
6478,"0,1"
6479,"0,1"
6480,"0,1,357"
6481,"0,1"
6482,"265,340"
6483,"160,315"
6484,"31,296,328"
6485,"271,313,360"
6486,"265,271,488"
6487,"265,340"
6488,"0,1"
6489,"41,184,215"
6490,"13,204,265"
6491,"0,271,280"
6492,"21,160,182"
6493,"28,364"
6494,"0,1"
6495,"0,1"
6496,"0,1"
6497,"271,366"
6498,"218,271,456"
6499,"0,1"
6500,"64,145,402"
6501,"21,301"
6502,"0,1"
6503,"271,444"
6504,"220,221"
6505,"31,245"
6506,"0,1,357"
6507,"0,1"
6508,"10,11,44"
6509,"40,128,129"
6510,"0,131,241"
6511,"0,1"
6512,"0,1"
6513,"21,108,131"
6514,"10,11"
6515,"10,24,25"
6516,"10,11,23"
6517,"199,382"
6518,"0,1"
6519,"169,311"
6520,"10,220"
6521,"10,38,220"
6522,"0,1"
6523,"145,194"
6524,"296,452"
6525,"0,1"
6526,"0,1"
6527,"0,1"
6528,"21,108,301"
6529,"0,1"
6530,"145,194"
6531,"13,401"
6532,"0,1"
6533,"21,111,267"
6534,"0,1"
6535,"0,1"
6536,"0,1"
6537,"0,1"
6538,"0,1"
6539,"0,40,128"
6540,"0,1"
6541,"0,1"
6542,"0,1,357"
6543,"10,220,242"
6544,"265,271,340"
6545,"10,64,199"
6546,"0,1"
6547,"3,35,160"
6548,"53,271,430"
6549,"53,271,430"
6550,"0,1"
6551,"0,1"
6552,"0,1"
6553,"0,1"
6554,"220,221,271"
6555,"265,312,340"
6556,"0,1"
6557,"0,1"
6558,"0,1"
6559,"271,288,456"
6560,"0,1"
6561,"10,220,221"
6562,"0,1"
6563,"0,1"
6564,"17,168"
6565,"21,131,187"
6566,"0,1"
6567,"13,53,204"
6568,"21,111,267"
6569,"0,1"
6570,"265,271,425"
6571,"0,1"
6572,"0,1"
6573,"0,1"
6574,"0,1"
6575,"13,204,265"
6576,"0,1"
6577,"0,1"
6578,"0,1"
6579,"0,1"
6580,"0,64,80"
6581,"24,49,265"
6582,"0,1"
6583,"0,1"
6584,"0,1"
6585,"0,1"
6586,"0,1"
6587,"0,1"
6588,"10,220"
6589,"213,359"
6590,"0,1"
6591,"0,1"
6592,"271,455"
6593,"24,25,265"
6594,"53,430"
6595,"0,1"
6596,"0,1"
6597,"160,196"
6598,"0,1"
6599,"0,1"
6600,"24,25"
6601,"0,1"
6602,"0,1"
6603,"10,64,199"
6604,"28,29"
6605,"0,1"
6606,"160,196"
6607,"0,1"
6608,"0,1"
6609,"0,1"
6610,"0,1"
6611,"179,265,340"
6612,"10,64,199"
6613,"23,26"
6614,"0,1"
6615,"0,1"
6616,"265,340"
6617,"13,401"
6618,"21,182"
6619,"21,131,187"
6620,"0,1"
6621,"218,271,456"
6622,"0,1"
6623,"28,255,310"
6624,"21,160,182"
6625,"0,1"
6626,"0,1"
6627,"21,170,301"
6628,"24,25,220"
6629,"3,200,337"
6630,"265,271,425"
6631,"255,480"
6632,"21,187"
6633,"1,2,255"
6634,"255,271,444"
6635,"296,452"
6636,"21,160,182"
6637,"0,1"
6638,"0,1"
6639,"10,64,145"
6640,"0,1"
6641,"1,2"
6642,"0,1"
6643,"0,1"
6644,"41,184,215"
6645,"23,251,337"
6646,"21,131,187"
6647,"0,1"
6648,"13,160,204"
6649,"0,1"
6650,"0,1"
6651,"0,10,220"
6652,"0,1"
6653,"24,25"
6654,"0,1"
6655,"160,296,315"
6656,"160,315"
6657,"0,1"
6658,"0,1"
6659,"21,131,187"
6660,"23,24,220"
6661,"0,255"
6662,"10,23,24"
6663,"17,44,168"
6664,"220,221,265"
6665,"0,1"
6666,"0,271,313"
6667,"0,1"
6668,"8,514"
6669,"0,1"
6670,"199,323"
6671,"0,1"
6672,"8,405,514"
6673,"10,23,26"
6674,"216,422"
6675,"0,1"
6676,"28,29"
6677,"0,1"
6678,"265,340"
6679,"0,1"
6680,"0,1,271"
6681,"10,64,199"
6682,"0,1"
6683,"0,1"
6684,"265,271,340"
6685,"151,152,170"
6686,"40,160,334"
6687,"0,1"
6688,"10,265,425"
6689,"255,271,372"
6690,"0,1"
6691,"0,1"
6692,"0,1"
6693,"1,271,455"
6694,"0,271,455"
6695,"0,1"
6696,"0,1"
6697,"0,1"
6698,"13,160,204"
6699,"21,182,301"
6700,"21,182,271"
6701,"0,1"
6702,"0,1"
6703,"10,220,242"
6704,"145,194,199"
6705,"0,1"
6706,"0,1"
6707,"0,1"
6708,"0,1"
6709,"0,1"
6710,"271,355,456"
6711,"199,323"
6712,"265,340"
6713,"40,160"
6714,"0,1"
6715,"160,296,315"
6716,"220,221"
6717,"40,160,296"
6718,"271,355,456"
6719,"265,340"
6720,"28,518"
6721,"28,29,44"
6722,"0,1"
6723,"0,1"
6724,"10,24,25"
6725,"0,1"
6726,"0,1"
6727,"0,1,271"
6728,"4,176,277"
6729,"0,1"
6730,"0,216,255"
6731,"0,1"
6732,"0,1"
6733,"0,1"
6734,"0,1"
6735,"277,458"
6736,"0,1"
6737,"64,220,221"
6738,"10,220,221"
6739,"28,364"
6740,"0,1"
6741,"11,419"
6742,"0,1"
6743,"10,220,221"
6744,"265,376,425"
6745,"0,1"
6746,"0,1"
6747,"10,28,310"
6748,"131,200,241"
6749,"21,172,271"
6750,"265,271,340"
6751,"0,1"
6752,"0,1"
6753,"0,1"
6754,"0,1"
6755,"0,1"
6756,"10,24,25"
6757,"13,160,204"
6758,"265,340"
6759,"13,21,108"
6760,"23,26,251"
6761,"0,1"
6762,"0,1"
6763,"0,1"
6764,"0,1"
6765,"255,265,340"
6766,"28,29,265"
6767,"0,1"
6768,"10,23,24"
6769,"0,1"
6770,"0,271"
6771,"0,277,413"
6772,"40,160"
6773,"21,28,301"
6774,"0,1"
6775,"0,1"
6776,"3,200,337"
6777,"0,1"
6778,"271,455"
6779,"21,160,182"
6780,"17,168,277"
6781,"0,1"
6782,"0,1"
6783,"0,1"
6784,"0,1"
6785,"255,480"
6786,"24,25"
6787,"0,1"
6788,"296,417"
6789,"0,1"
6790,"265,376,425"
6791,"10,220,221"
6792,"0,1,271"
6793,"8,10,220"
6794,"24,49"
6795,"271,355,456"
6796,"265,340"
6797,"0,1"
6798,"0,1"
6799,"0,1"
6800,"21,108,182"
6801,"199,382"
6802,"13,21,108"
6803,"0,1,357"
6804,"40,128,129"
6805,"0,1"
6806,"0,1"
6807,"0,1"
6808,"21,182"
6809,"255,265,340"
6810,"0,10,11"
6811,"11,419"
6812,"0,1"
6813,"0,1"
6814,"0,1"
6815,"0,1"
6816,"3,51"
6817,"145,194"
6818,"0,1"
6819,"0,1"
6820,"0,271,355"
6821,"271,277,280"
6822,"28,145,364"
6823,"0,1"
6824,"0,271,360"
6825,"10,64,448"
6826,"0,1"
6827,"0,1"
6828,"0,213,214"
6829,"0,1"
6830,"0,1"
6831,"199,323"
6832,"24,25"
6833,"0,1"
6834,"21,187,265"
6835,"0,1"
6836,"0,1"
6837,"0,10,313"
6838,"21,124,184"
6839,"21,182,277"
6840,"24,25"
6841,"0,1"
6842,"0,1"
6843,"8,28,29"
6844,"21,34,127"
6845,"271,355,456"
6846,"265,349"
6847,"21,131,187"
6848,"0,1"
6849,"40,160"
6850,"265,340"
6851,"0,1"
6852,"0,1"
6853,"145,288,493"
6854,"64,145,402"
6855,"145,194,199"
6856,"0,1"
6857,"0,1"
6858,"265,376,425"
6859,"0,1"
6860,"13,160,204"
6861,"21,131,187"
6862,"13,21,108"
6863,"40,160"
6864,"53,265,340"
6865,"0,1"
6866,"0,1"
6867,"199,323"
6868,"0,213,271"
6869,"21,131,187"
6870,"0,216,254"
6871,"0,1"
6872,"0,1"
6873,"0,1"
6874,"0,213,255"
6875,"271,355,456"
6876,"0,1"
6877,"23,26,251"
6878,"0,1"
6879,"21,108,187"
6880,"0,213,214"
6881,"0,1"
6882,"0,1"
6883,"0,1"
6884,"271,355,456"
6885,"0,1"
6886,"0,1"
6887,"0,1"
6888,"151,152,160"
6889,"23,26,199"
6890,"1,2"
6891,"0,1"
6892,"26,271,350"
6893,"0,1,357"
6894,"28,29"
6895,"0,1"
6896,"0,1"
6897,"0,1,265"
6898,"13,296,300"
6899,"0,1"
6900,"0,1"
6901,"0,1"
6902,"0,1"
6903,"10,220,221"
6904,"24,25"
6905,"8,251,337"
6906,"40,160,169"
6907,"21,108,301"
6908,"0,1"
6909,"0,313"
6910,"271,355,456"
6911,"0,1"
6912,"0,1"
6913,"0,1"
6914,"0,1"
6915,"0,1"
6916,"160,296,315"
6917,"0,1"
6918,"31,53,328"
6919,"0,1"
6920,"0,1"
6921,"23,24,220"
6922,"0,1"
6923,"0,1"
6924,"21,131,182"
6925,"0,1"
6926,"0,1"
6927,"10,24,25"
6928,"0,1,357"
6929,"199,323"
6930,"0,1"
6931,"10,64,145"
6932,"151,152,160"
6933,"0,1"
6934,"220,242"
6935,"21,184,243"
6936,"0,1"
6937,"8,514"
6938,"0,1"
6939,"0,1"
6940,"17,131,168"
6941,"271,280,355"
6942,"64,145,402"
6943,"0,1"
6944,"3,51"
6945,"0,1"
6946,"170,199,343"
6947,"0,1"
6948,"0,1"
6949,"3,200,337"
6950,"0,1"
6951,"0,1"
6952,"0,1"
6953,"28,29"
6954,"10,220,271"
6955,"21,131,187"
6956,"23,24,220"
6957,"0,1"
6958,"10,23,24"
6959,"0,1"
6960,"21,34,127"
6961,"34,263,271"
6962,"64,80,448"
6963,"0,1"
6964,"21,131,187"
6965,"0,1"
6966,"0,1"
6967,"0,1"
6968,"0,271,456"
6969,"24,49,199"
6970,"44,73,265"
6971,"21,131,187"
6972,"0,1"
6973,"0,313"
6974,"0,1"
6975,"0,1"
6976,"24,25"
6977,"265,425"
6978,"53,265,340"
6979,"10,23,24"
6980,"21,182,296"
6981,"24,25,220"
6982,"0,1"
6983,"53,430"
6984,"0,1"
6985,"160,315"
6986,"0,1"
6987,"271,455"
6988,"40,160"
6989,"0,1"
6990,"24,25,28"
6991,"21,172"
6992,"0,1"
6993,"0,1"
6994,"38,39"
6995,"13,15,16"
6996,"0,1"
6997,"60,92,271"
6998,"0,1"
6999,"0,1"
7000,"0,1"
7001,"10,28,29"
7002,"0,1"
7003,"0,1"
7004,"0,1"
7005,"44,468"
7006,"64,80"
7007,"17,28,29"
7008,"0,1"
7009,"21,182"
7010,"0,1"
7011,"0,1"
7012,"271,455"
7013,"17,145,168"
7014,"0,271"
7015,"8,514"
7016,"17,145,168"
7017,"0,271,456"
7018,"28,265,340"
7019,"0,1"
7020,"0,1"
7021,"0,1"
7022,"13,160,204"
7023,"0,1"
7024,"0,1"
7025,"53,430"
7026,"0,1"
7027,"0,44,313"
7028,"271,313,397"
7029,"0,1"
7030,"13,15,16"
7031,"0,1"
7032,"0,1"
7033,"23,26,251"
7034,"213,214,255"
7035,"24,25"
7036,"0,1"
7037,"21,187,265"
7038,"265,376,425"
7039,"0,1"
7040,"199,374"
7041,"31,199,328"
7042,"13,160,204"
7043,"0,1"
7044,"0,1"
7045,"0,1"
7046,"64,448"
7047,"0,1"
7048,"0,1"
7049,"0,1"
7050,"40,160"
7051,"0,1"
7052,"0,1"
7053,"24,25"
7054,"131,160,241"
7055,"0,1"
7056,"44,145,220"
7057,"0,1"
7058,"0,1"
7059,"0,1"
7060,"265,340"
7061,"0,1"
7062,"0,1"
7063,"0,1"
7064,"0,1"
7065,"0,1"
7066,"0,1,357"
7067,"24,25,220"
7068,"21,131,187"
7069,"265,376,425"
7070,"0,1"
7071,"0,1"
7072,"0,1"
7073,"0,1"
7074,"24,49,199"
7075,"0,1"
7076,"0,271,355"
7077,"10,13,204"
7078,"21,131,187"
7079,"23,251,337"
7080,"0,1"
7081,"28,29,44"
7082,"23,24,38"
7083,"0,1"
7084,"0,28,216"
7085,"0,1"
7086,"0,1"
7087,"0,313"
7088,"0,313"
7089,"0,1"
7090,"0,1"
7091,"40,131,160"
7092,"0,1"
7093,"21,182,271"
7094,"0,1"
7095,"0,1"
7096,"0,1"
7097,"10,220,242"
7098,"0,1"
7099,"277,288,458"
7100,"0,265,313"
7101,"17,168"
7102,"0,313"
7103,"0,1"
7104,"21,131,187"
7105,"160,271,315"
7106,"0,28,310"
7107,"0,1"
7108,"0,1"
7109,"10,64,199"
7110,"53,393"
7111,"0,1"
7112,"0,1"
7113,"0,1"
7114,"10,64,199"
7115,"271,355,456"
7116,"271,455"
7117,"0,1"
7118,"0,1"
7119,"0,1"
7120,"0,313"
7121,"10,44,145"
7122,"265,340"
7123,"0,1"
7124,"13,21,187"
7125,"31,96"
7126,"0,1"
7127,"21,108,265"
7128,"10,220,221"
7129,"21,131,187"
7130,"21,182"
7131,"265,271,360"
7132,"271,366"
7133,"179,265,340"
7134,"0,1"
7135,"271,355,456"
7136,"21,131,187"
7137,"0,1"
7138,"21,182,265"
7139,"21,182,301"
7140,"160,315"
7141,"13,204"
7142,"0,1"
7143,"10,24,25"
7144,"0,313"
7145,"40,128,129"
7146,"0,1"
7147,"265,271,340"
7148,"0,1"
7149,"0,1"
7150,"15,16,21"
7151,"0,313"
7152,"40,131,160"
7153,"265,273,296"
7154,"265,340"
7155,"0,11,313"
7156,"151,152,337"
7157,"21,182"
7158,"131,241"
7159,"145,213,359"
7160,"160,296,315"
7161,"0,255"
7162,"0,1"
7163,"0,1"
7164,"24,25"
7165,"0,1"
7166,"28,29"
7167,"160,296,315"
7168,"13,204,271"
7169,"0,1"
7170,"0,1"
7171,"160,315"
7172,"0,1"
7173,"265,340"
7174,"0,1"
7175,"15,16"
7176,"0,213,214"
7177,"0,1"
7178,"265,313,397"
7179,"265,340"
7180,"0,1"
7181,"60,92"
7182,"0,1"
7183,"271,280"
7184,"199,343"
7185,"0,1"
7186,"23,24,38"
7187,"0,1"
7188,"0,1"
7189,"23,24,25"
7190,"0,1"
7191,"0,1"
7192,"199,323"
7193,"21,131,187"
7194,"44,468"
7195,"8,40,160"
7196,"160,315"
7197,"265,340"
7198,"0,1"
7199,"0,313"
7200,"271,277,355"
7201,"0,1"
7202,"40,131,160"
7203,"0,1,277"
7204,"40,160"
7205,"0,1"
7206,"0,313"
7207,"277,288,458"
7208,"0,1"
7209,"0,313"
7210,"21,182,265"
7211,"0,1"
7212,"21,182,265"
7213,"265,340"
7214,"0,1"
7215,"10,64,199"
7216,"0,1"
7217,"0,1"
7218,"53,430"
7219,"21,182"
7220,"10,24,25"
7221,"0,1"
7222,"64,448"
7223,"40,160"
7224,"10,23,24"
7225,"21,160,182"
7226,"0,1"
7227,"265,340"
7228,"21,111,267"
7229,"0,1"
7230,"21,265,301"
7231,"0,1"
7232,"0,1"
7233,"271,455"
7234,"21,187"
7235,"0,1"
7236,"10,23,24"
7237,"218,271,456"
7238,"0,1"
7239,"21,131,187"
7240,"0,1"
7241,"1,277,278"
7242,"13,15,16"
7243,"0,1"
7244,"0,1"
7245,"21,182,265"
7246,"40,160,334"
7247,"0,1"
7248,"0,1"
7249,"296,452"
7250,"0,1"
7251,"13,21,108"
7252,"0,288,357"
7253,"10,28,29"
7254,"0,13,204"
7255,"0,313"
7256,"0,1"
7257,"0,1"
7258,"21,187"
7259,"0,313,397"
7260,"0,1"
7261,"0,1"
7262,"271,288,456"
7263,"17,145,168"
7264,"0,216,271"
7265,"0,1"
7266,"40,160"
7267,"271,280"
7268,"265,340"
7269,"40,53,160"
7270,"288,498"
7271,"0,1"
7272,"21,34,127"
7273,"0,1"
7274,"265,340"
7275,"0,1"
7276,"271,288,456"
7277,"0,1"
7278,"40,131,160"
7279,"160,271,315"
7280,"3,200,337"
7281,"21,182"
7282,"160,218,315"
7283,"44,145"
7284,"0,1,357"
7285,"265,340"
7286,"131,241,265"
7287,"0,1"
7288,"131,200,241"
7289,"0,1"
7290,"0,1"
7291,"0,1"
7292,"0,1"
7293,"151,152,160"
7294,"60,92"
7295,"255,372"
7296,"10,220,277"
7297,"24,49"
7298,"265,340"
7299,"23,251,337"
7300,"10,11"
7301,"0,1"
7302,"0,1"
7303,"255,265,372"
7304,"0,1"
7305,"0,1"
7306,"13,21,108"
7307,"0,1"
7308,"199,323"
7309,"145,170,194"
7310,"265,340"
7311,"271,455"
7312,"0,1"
7313,"0,1"
7314,"0,271,355"
7315,"0,1,265"
7316,"41,184,215"
7317,"0,1"
7318,"0,1"
7319,"0,1"
7320,"0,1"
7321,"160,315"
7322,"0,1"
7323,"131,241"
7324,"0,1"
7325,"0,1"
7326,"0,1"
7327,"53,393"
7328,"0,1"
7329,"265,271,355"
7330,"0,1"
7331,"265,376,425"
7332,"0,1"
7333,"40,128,129"
7334,"271,360,455"
7335,"21,172"
7336,"13,296,300"
7337,"0,1"
7338,"120,121,145"
7339,"0,40,160"
7340,"0,1"
7341,"23,251,337"
7342,"53,271,430"
7343,"0,255,271"
7344,"170,436"
7345,"0,1"
7346,"21,172"
7347,"28,29,131"
7348,"21,160,182"
7349,"21,131,187"
7350,"199,374"
7351,"0,1"
7352,"13,401"
7353,"0,1"
7354,"265,340"
7355,"0,1"
7356,"0,1"
7357,"0,1"
7358,"0,1"
7359,"21,124,184"
7360,"0,265,313"
7361,"265,340"
7362,"0,1"
7363,"0,1"
7364,"199,374"
7365,"0,1"
7366,"199,343"
7367,"0,1"
7368,"0,1"
7369,"0,1"
7370,"10,23,24"
7371,"288,497"
7372,"0,1"
7373,"0,1"
7374,"21,108,301"
7375,"21,182,271"
7376,"199,382"
7377,"0,1"
7378,"0,1"
7379,"265,271,340"
7380,"0,1"
7381,"0,1"
7382,"24,25"
7383,"0,1"
7384,"265,271,280"
7385,"199,288,374"
7386,"0,1"
7387,"0,1"
7388,"24,49"
7389,"17,56,265"
7390,"0,1"
7391,"0,271,313"
7392,"145,402"
7393,"0,1"
7394,"53,430"
7395,"265,340"
7396,"271,280,366"
7397,"28,265,340"
7398,"10,23,24"
7399,"0,1"
7400,"64,145,402"
7401,"271,291,444"
7402,"10,64,199"
7403,"265,349"
7404,"0,1"
7405,"10,271,455"
7406,"271,455"
7407,"0,249"
7408,"0,1"
7409,"0,1"
7410,"0,1"
7411,"0,1"
7412,"160,315"
7413,"0,1"
7414,"13,204,265"
7415,"64,145,402"
7416,"218,271,456"
7417,"0,1"
7418,"131,241,271"
7419,"0,1"
7420,"213,359"
7421,"21,131,187"
7422,"265,340"
7423,"271,455"
7424,"0,1"
7425,"265,340"
7426,"0,1"
7427,"265,271,340"
7428,"0,1"
7429,"0,1"
7430,"0,1"
7431,"21,160,182"
7432,"0,1"
7433,"265,271,340"
7434,"0,1"
7435,"160,315"
7436,"11,271,419"
7437,"184,271,366"
7438,"8,514"
7439,"0,1"
7440,"271,355,456"
7441,"0,1"
7442,"24,25"
7443,"0,1"
7444,"53,430"
7445,"11,220,221"
7446,"0,1"
7447,"31,96"
7448,"0,1"
7449,"0,1"
7450,"21,108"
7451,"213,214"
7452,"0,1"
7453,"0,1"
7454,"271,280,444"
7455,"21,64,80"
7456,"23,26,28"
7457,"0,131,241"
7458,"10,64,199"
7459,"24,25"
7460,"271,355,456"
7461,"11,220,221"
7462,"0,1"
7463,"21,187"
7464,"0,1"
7465,"21,108"
7466,"0,1"
7467,"0,1"
7468,"0,1"
7469,"271,455"
7470,"60,92"
7471,"0,1"
7472,"0,1"
7473,"40,160"
7474,"255,480"
7475,"0,1"
7476,"0,1"
7477,"0,1"
7478,"0,1"
7479,"0,265,271"
7480,"28,29,265"
7481,"0,1"
7482,"0,1"
7483,"21,169,182"
7484,"265,271,425"
7485,"271,355,456"
7486,"0,1"
7487,"0,1"
7488,"271,455"
7489,"24,47,271"
7490,"0,1"
7491,"0,1"
7492,"0,1"
7493,"10,24,25"
7494,"265,271,425"
7495,"10,64,199"
7496,"11,28,29"
7497,"10,220"
7498,"0,213,265"
7499,"0,1"
7500,"21,182,271"
7501,"271,313,355"
7502,"64,145,402"
7503,"213,265,340"
7504,"0,1"
7505,"271,444"
7506,"0,1"
7507,"21,301"
7508,"111,282"
7509,"199,382"
7510,"0,1"
7511,"21,182"
7512,"1,2,40"
7513,"53,430"
7514,"0,1"
7515,"0,1"
7516,"28,265,340"
7517,"0,1"
7518,"0,1"
7519,"40,131,160"
7520,"220,221"
7521,"40,128,129"
7522,"23,24,28"
7523,"21,34,127"
7524,"0,1"
7525,"0,1"
7526,"265,340"
7527,"13,271,401"
7528,"21,44,73"
7529,"0,1"
7530,"0,1"
7531,"10,11,271"
7532,"0,1"
7533,"0,1"
7534,"0,1"
7535,"0,1,357"
7536,"0,1"
7537,"199,265,340"
7538,"3,200,337"
7539,"0,1"
7540,"40,160"
7541,"0,1"
7542,"0,1"
7543,"0,1"
7544,"0,1,271"
7545,"131,241"
7546,"271,455"
7547,"0,1"
7548,"0,1"
7549,"64,145,402"
7550,"265,340"
7551,"212,216,255"
7552,"21,182,265"
7553,"15,16"
7554,"265,271,280"
7555,"10,220,242"
7556,"31,290"
7557,"21,182"
7558,"0,1"
7559,"0,1"
7560,"21,182"
7561,"13,204"
7562,"0,1"
7563,"0,1"
7564,"17,145,168"
7565,"11,419"
7566,"10,24,25"
7567,"0,1"
7568,"10,24,25"
7569,"0,1"
7570,"0,1"
7571,"0,1"
7572,"21,131,187"
7573,"10,220,242"
7574,"21,131,187"
7575,"23,251,337"
7576,"0,8,28"
7577,"41,184,215"
7578,"0,313"
7579,"0,1"
7580,"10,220"
7581,"0,313"
7582,"0,216,257"
7583,"21,301"
7584,"255,372"
7585,"0,1"
7586,"265,340"
7587,"0,1"
7588,"0,1"
7589,"10,220,221"
7590,"169,311"
7591,"0,1"
7592,"0,1"
7593,"271,455"
7594,"13,15,16"
7595,"0,1"
7596,"40,53,160"
7597,"24,25,265"
7598,"60,92"
7599,"0,1"
7600,"0,1"
7601,"53,430"
7602,"199,382"
7603,"31,96"
7604,"0,1"
7605,"0,271"
7606,"26,350"
7607,"1,2"
7608,"10,23,24"
7609,"24,49,64"
7610,"28,53,430"
7611,"271,455"
7612,"213,214"
7613,"265,271,280"
7614,"0,1"
7615,"265,271,340"
7616,"24,25"
7617,"0,271,313"
7618,"0,1"
7619,"271,291,444"
7620,"0,1"
7621,"0,1"
7622,"199,323"
7623,"21,301"
7624,"0,1"
7625,"0,1"
7626,"271,455"
7627,"3,200,337"
7628,"0,1"
7629,"151,152,265"
7630,"213,359"
7631,"265,340"
7632,"0,1"
7633,"220,221"
7634,"0,1,357"
7635,"0,1"
7636,"0,1"
7637,"10,220,288"
7638,"21,182"
7639,"21,34,127"
7640,"24,49"
7641,"0,1"
7642,"277,476"
7643,"0,1"
7644,"21,131,187"
7645,"21,124,184"
7646,"200,271,337"
7647,"0,265,313"
7648,"0,1"
7649,"265,271,280"
7650,"28,518"
7651,"10,220,221"
7652,"40,160,334"
7653,"213,359"
7654,"0,1"
7655,"0,1"
7656,"0,1"
7657,"271,355"
7658,"0,1"
7659,"1,2,483"
7660,"0,1"
7661,"0,1"
7662,"23,24,25"
7663,"0,1"
7664,"0,1"
7665,"0,1"
7666,"21,131,187"
7667,"10,11,28"
7668,"170,436"
7669,"3,200,337"
7670,"0,271,449"
7671,"0,1"
7672,"10,220"
7673,"10,24,25"
7674,"0,1"
7675,"0,1"
7676,"0,1"
7677,"24,25,220"
7678,"0,1"
7679,"0,1"
7680,"21,131,187"
7681,"0,1"
7682,"0,1"
7683,"0,1,357"
7684,"0,1"
7685,"64,93,145"
7686,"0,313"
7687,"0,1"
7688,"131,241,265"
7689,"0,1"
7690,"1,2,483"
7691,"265,271,340"
7692,"0,1"
7693,"0,1"
7694,"3,200,337"
7695,"0,313"
7696,"0,216,265"
7697,"0,1"
7698,"0,1"
7699,"24,49,265"
7700,"184,494"
7701,"10,145,220"
7702,"40,160"
7703,"53,430"
7704,"28,29"
7705,"0,1"
7706,"0,1"
7707,"13,21,108"
7708,"0,1"
7709,"0,1"
7710,"53,60,414"
7711,"0,1"
7712,"213,359"
7713,"17,168"
7714,"271,355,456"
7715,"0,1"
7716,"0,1"
7717,"53,430"
7718,"31,245"
7719,"0,1"
7720,"0,1"
7721,"265,271,376"
7722,"160,296,315"
7723,"0,1"
7724,"0,1"
7725,"10,220,288"
7726,"28,29"
7727,"0,1"
7728,"0,1"
7729,"151,152,160"
7730,"0,1"
7731,"0,1"
7732,"277,313,397"
7733,"26,28,29"
7734,"0,1"
7735,"0,1"
7736,"145,194"
7737,"21,108,301"
7738,"53,160,315"
7739,"3,200,337"
7740,"21,182"
7741,"31,290"
7742,"21,53,182"
7743,"0,1"
7744,"265,340"
7745,"0,1"
7746,"0,1"
7747,"0,1"
7748,"0,1"
7749,"265,340"
7750,"21,182"
7751,"28,364"
7752,"313,397"
7753,"0,1"
7754,"0,1"
7755,"0,1"
7756,"131,241,265"
7757,"0,1"
7758,"0,1"
7759,"24,25,288"
7760,"0,1"
7761,"0,265,271"
7762,"0,213,271"
7763,"0,288,357"
7764,"21,160,182"
7765,"0,1"
7766,"13,204"
7767,"21,131,187"
7768,"0,1"
7769,"0,1"
7770,"0,1"
7771,"13,21,108"
7772,"13,160,204"
7773,"271,291,444"
7774,"265,271,280"
7775,"0,1"
7776,"0,1"
7777,"28,29"
7778,"170,436"
7779,"0,38,216"
7780,"10,11,44"
7781,"0,1"
7782,"17,21,168"
7783,"0,1"
7784,"0,1"
7785,"10,24,25"
7786,"265,340"
7787,"0,1"
7788,"0,313"
7789,"0,1"
7790,"0,1"
7791,"0,1"
7792,"0,1"
7793,"131,241,265"
7794,"10,220,242"
7795,"265,340"
7796,"23,24,25"
7797,"10,64,199"
7798,"0,1"
7799,"38,39"
7800,"0,1,357"
7801,"0,271,313"
7802,"0,1"
7803,"0,1"
7804,"0,1"
7805,"265,340"
7806,"0,1"
7807,"0,1"
7808,"271,291,444"
7809,"0,1"
7810,"0,1"
7811,"21,108,301"
7812,"40,128,129"
7813,"1,2"
7814,"0,1"
7815,"13,204,337"
7816,"0,1"
7817,"0,1"
7818,"131,241"
7819,"0,1"
7820,"0,1"
7821,"199,271,382"
7822,"179,265,340"
7823,"11,419"
7824,"15,16"
7825,"0,1"
7826,"199,281"
7827,"265,340,425"
7828,"23,26,251"
7829,"271,280"
7830,"0,1"
7831,"0,1"
7832,"0,1"
7833,"213,359"
7834,"21,28,29"
7835,"0,1"
7836,"0,1"
7837,"0,1"
7838,"40,160"
7839,"0,28,313"
7840,"0,1"
7841,"21,131,187"
7842,"218,271,456"
7843,"0,21,108"
7844,"213,214,271"
7845,"0,1"
7846,"0,1"
7847,"151,152,160"
7848,"0,1"
7849,"3,200,337"
7850,"21,34,127"
7851,"28,364"
7852,"28,29,213"
7853,"218,271,456"
7854,"0,1"
7855,"0,1"
7856,"0,1"
7857,"151,152,170"
7858,"13,53,204"
7859,"265,271,340"
7860,"0,1"
7861,"0,1"
7862,"0,1"
7863,"160,315"
7864,"13,296,300"
7865,"0,1"
7866,"0,1"
7867,"24,49,64"
7868,"0,1"
7869,"28,364"
7870,"0,1"
7871,"13,160,204"
7872,"11,21,182"
7873,"0,1"
7874,"23,26,251"
7875,"11,31,328"
7876,"21,182"
7877,"0,1"
7878,"160,315"
7879,"0,1"
7880,"160,271,315"
7881,"265,340"
7882,"40,131,160"
7883,"120,121,145"
7884,"0,1"
7885,"277,288,458"
7886,"0,1"
7887,"0,1"
7888,"218,265,425"
7889,"0,1"
7890,"0,1"
7891,"0,1,2"
7892,"11,419"
7893,"265,376"
7894,"21,187"
7895,"0,1"
7896,"199,374"
7897,"0,1"
7898,"255,265,340"
7899,"265,425"
7900,"271,280"
7901,"0,1"
7902,"0,271"
7903,"40,128,129"
7904,"28,29,184"
7905,"271,444"
7906,"170,213,359"
7907,"40,160"
7908,"0,1"
7909,"0,1"
7910,"0,1"
7911,"271,455"
7912,"0,1"
7913,"265,271,340"
7914,"0,1"
7915,"21,28,29"
7916,"265,340"
7917,"0,1"
7918,"0,1"
7919,"0,1"
7920,"0,1"
7921,"145,493"
7922,"10,64,199"
7923,"0,1"
7924,"0,1"
7925,"0,1"
7926,"0,1"
7927,"40,160"
7928,"296,452"
7929,"0,1"
7930,"21,172,265"
7931,"13,122,145"
7932,"265,271,280"
7933,"0,1"
7934,"0,1"
7935,"0,216,277"
7936,"265,340"
7937,"0,1"
7938,"44,53,145"
7939,"0,1"
7940,"0,1"
7941,"0,1"
7942,"0,1"
7943,"0,1"
7944,"0,1"
7945,"10,31,220"
7946,"170,436"
7947,"0,21,182"
7948,"151,152,170"
7949,"0,313"
7950,"0,1"
7951,"21,108,301"
7952,"0,1"
7953,"271,455"
7954,"0,1"
7955,"0,1"
7956,"170,436"
7957,"64,448"
7958,"0,1"
7959,"218,265,349"
7960,"40,160"
7961,"1,2,265"
7962,"64,80,265"
7963,"21,182"
7964,"28,518"
7965,"41,184,215"
7966,"277,513"
7967,"21,108,301"
7968,"0,1"
7969,"0,1"
7970,"0,1"
7971,"40,160"
7972,"21,131,187"
7973,"0,1"
7974,"0,21,172"
7975,"23,26,251"
7976,"28,29,44"
7977,"0,1"
7978,"216,265,422"
7979,"271,455"
7980,"0,1"
7981,"0,1"
7982,"21,131,187"
7983,"265,273"
7984,"0,1"
7985,"0,1"
7986,"24,25"
7987,"60,92"
7988,"0,1"
7989,"0,1"
7990,"23,26,251"
7991,"24,43"
7992,"0,1"
7993,"0,265,313"
7994,"0,1"
7995,"0,1"
7996,"255,372"
7997,"21,182,265"
7998,"0,1"
7999,"0,1"
8000,"265,271,449"
8001,"0,1"
8002,"44,169,311"
8003,"21,182,265"
8004,"0,1"
8005,"0,1"
8006,"0,1"
8007,"0,1"
8008,"21,170,301"
8009,"0,1"
8010,"8,514"
8011,"0,1"
8012,"23,251,337"
8013,"0,1"
8014,"0,255,271"
8015,"271,355,456"
8016,"21,131,187"
8017,"0,1"
8018,"0,1"
8019,"0,135,141"
8020,"11,419"
8021,"0,1"
8022,"0,1"
8023,"145,194,199"
8024,"265,340"
8025,"21,182"
8026,"0,1"
8027,"0,1"
8028,"0,213,214"
8029,"8,28,207"
8030,"0,1"
8031,"21,34,127"
8032,"0,1"
8033,"11,220,221"
8034,"0,1"
8035,"265,340"
8036,"0,1"
8037,"21,182,277"
8038,"0,1"
8039,"271,288,456"
8040,"40,160"
8041,"265,340"
8042,"40,139"
8043,"265,271,280"
8044,"0,1"
8045,"10,220,242"
8046,"0,1"
8047,"13,21,108"
8048,"0,1"
8049,"0,1"
8050,"3,200,337"
8051,"8,514"
8052,"277,288,458"
8053,"0,1"
8054,"131,241"
8055,"0,1"
8056,"0,1"
8057,"0,1"
8058,"0,1"
8059,"0,1"
8060,"10,23,24"
8061,"10,24,25"
8062,"21,182"
8063,"0,1"
8064,"0,10"
8065,"0,1"
8066,"0,1"
8067,"21,170,301"
8068,"169,311"
8069,"0,1"
8070,"0,1"
8071,"0,1"
8072,"0,1"
8073,"271,296,417"
8074,"213,271,359"
8075,"0,1"
8076,"0,1"
8077,"41,184,215"
8078,"0,1"
8079,"21,108"
8080,"199,248,265"
8081,"13,15,16"
8082,"265,340"
8083,"8,514"
8084,"0,1"
8085,"40,44,160"
8086,"131,241"
8087,"0,1,271"
8088,"265,271,280"
8089,"0,216,218"
8090,"0,1"
8091,"0,1"
8092,"0,1"
8093,"10,220,242"
8094,"0,1"
8095,"21,187"
8096,"28,265,340"
8097,"21,108,265"
8098,"10,220,271"
8099,"10,23,24"
8100,"28,364"
8101,"213,214"
8102,"0,1"
8103,"0,1"
8104,"0,1"
8105,"21,170,301"
8106,"40,128,129"
8107,"21,172"
8108,"15,144"
8109,"23,251,337"
8110,"0,1"
8111,"0,1"
8112,"24,25"
8113,"0,1"
8114,"21,131,187"
8115,"213,359"
8116,"0,1"
8117,"10,24,25"
8118,"0,1"
8119,"8,265,349"
8120,"64,448"
8121,"0,1"
8122,"13,15,16"
8123,"0,1"
8124,"0,1"
8125,"28,29"
8126,"10,11"
8127,"24,25"
8128,"199,323"
8129,"0,1"
8130,"13,296,401"
8131,"0,1"
8132,"0,1"
8133,"3,200,337"
8134,"10,24,25"
8135,"0,1"
8136,"277,513"
8137,"21,277,301"
8138,"0,1"
8139,"10,23,24"
8140,"0,1"
8141,"21,131,187"
8142,"0,1"
8143,"0,1"
8144,"0,1"
8145,"160,315"
8146,"3,200,337"
8147,"199,265,340"
8148,"0,1"
8149,"0,1"
8150,"13,296,300"
8151,"0,1"
8152,"0,1"
8153,"0,1"
8154,"271,522"
8155,"0,1"
8156,"0,277,313"
8157,"0,21,182"
8158,"265,349"
8159,"0,1"
8160,"0,1"
8161,"40,160"
8162,"0,1"
8163,"13,21,108"
8164,"0,1"
8165,"265,340"
8166,"0,1"
8167,"21,28,29"
8168,"265,271,376"
8169,"21,187"
8170,"213,214,288"
8171,"0,1"
8172,"170,199,343"
8173,"40,128,129"
8174,"0,1"
8175,"271,288,456"
8176,"60,92,160"
8177,"0,1"
8178,"265,340,349"
8179,"255,265,340"
8180,"0,1"
8181,"0,1"
8182,"0,1"
8183,"13,21,108"
8184,"0,1"
8185,"0,10,220"
8186,"0,1"
8187,"0,1"
8188,"0,1"
8189,"10,23,24"
8190,"24,25"
8191,"53,271,430"
8192,"0,1"
8193,"0,1"
8194,"0,1"
8195,"199,323"
8196,"0,1"
8197,"21,170,301"
8198,"0,1"
8199,"0,1"
8200,"10,220,242"
8201,"277,288,458"
8202,"0,1"
8203,"21,34,127"
8204,"0,216,254"
8205,"0,1"
8206,"0,1"
8207,"265,340"
8208,"13,296,300"
8209,"0,213,271"
8210,"271,355,456"
8211,"218,271,456"
8212,"38,103"
8213,"0,8,216"
8214,"21,131,187"
8215,"271,355,456"
8216,"10,220,242"
8217,"3,200,337"
8218,"4,19,21"
8219,"24,49,170"
8220,"265,277,340"
8221,"24,49"
8222,"0,1"
8223,"21,111,267"
8224,"145,402"
8225,"0,1"
8226,"0,1"
8227,"0,1"
8228,"28,29"
8229,"31,245,271"
8230,"0,1"
8231,"21,172,265"
8232,"255,372"
8233,"0,1"
8234,"0,1"
8235,"28,29"
8236,"0,1"
8237,"0,1"
8238,"53,265,340"
8239,"255,484"
8240,"0,216,271"
8241,"0,1"
8242,"21,182"
8243,"60,92,271"
8244,"151,152,160"
8245,"0,313"
8246,"11,13,204"
8247,"0,313"
8248,"265,340"
8249,"271,288,444"
8250,"0,1"
8251,"0,1"
8252,"0,1"
8253,"0,1,265"
8254,"0,1"
8255,"0,1"
8256,"0,1"
8257,"265,340"
8258,"24,49"
8259,"24,25"
8260,"0,1"
8261,"199,323"
8262,"10,220"
8263,"0,1"
8264,"271,355,456"
8265,"53,199,374"
8266,"0,1"
8267,"120,121,145"
8268,"199,281"
8269,"13,21,301"
8270,"1,2,265"
8271,"139,153"
8272,"265,271,449"
8273,"271,355,456"
8274,"0,1"
8275,"0,1"
8276,"21,34,127"
8277,"0,1"
8278,"0,1"
8279,"0,1"
8280,"10,220,221"
8281,"41,184,215"
8282,"0,1"
8283,"0,1"
8284,"0,1"
8285,"40,128,129"
8286,"40,160,296"
8287,"21,172,265"
8288,"0,1"
8289,"0,1"
8290,"0,1"
8291,"10,23,24"
8292,"24,25"
8293,"21,182"
8294,"0,1"
8295,"277,288,458"
8296,"0,1"
8297,"265,340"
8298,"0,1"
8299,"0,1"
8300,"21,40,128"
8301,"0,1"
8302,"277,513"
8303,"160,296,315"
8304,"23,26,251"
8305,"0,1"
8306,"3,200,337"
8307,"218,271,456"
8308,"3,200,337"
8309,"21,53,182"
8310,"265,340"
8311,"0,1"
8312,"265,340"
8313,"0,1"
8314,"0,1"
8315,"170,271,455"
8316,"0,213,271"
8317,"145,194"
8318,"0,1"
8319,"271,455"
8320,"13,401"
8321,"199,337,339"
8322,"0,1"
8323,"0,1"
8324,"213,214"
8325,"0,1"
8326,"0,1"
8327,"0,1"
8328,"74,317"
8329,"24,25"
8330,"10,220,242"
8331,"145,194,265"
8332,"21,131,187"
8333,"0,1"
8334,"0,1"
8335,"3,51,271"
8336,"131,241"
8337,"0,1"
8338,"265,425"
8339,"40,160,334"
8340,"0,1"
8341,"0,1"
8342,"265,340"
8343,"8,235"
8344,"53,430"
8345,"277,278"
8346,"0,1"
8347,"265,376,425"
8348,"0,1"
8349,"0,1"
8350,"21,131,187"
8351,"0,10"
8352,"0,271,280"
8353,"0,216,254"
8354,"10,220,221"
8355,"0,1"
8356,"0,1"
8357,"265,271,340"
8358,"21,131,187"
8359,"10,220,221"
8360,"0,1"
8361,"151,152,170"
8362,"0,1"
8363,"0,271,313"
8364,"0,1"
8365,"255,288,372"
8366,"265,340"
8367,"0,1"
8368,"10,11,44"
8369,"265,340"
8370,"0,1"
8371,"0,1"
8372,"0,1"
8373,"0,1"
8374,"271,455"
8375,"265,425"
8376,"0,1"
8377,"0,265,313"
8378,"15,16,265"
8379,"10,11"
8380,"17,168"
8381,"0,1"
8382,"0,1"
8383,"21,131,187"
8384,"0,313"
8385,"0,1"
8386,"41,184,215"
8387,"0,313"
8388,"265,273"
8389,"10,220,242"
8390,"265,340"
8391,"53,160,315"
8392,"21,131,187"
8393,"0,1"
8394,"0,1"
8395,"0,1"
8396,"0,265,313"
8397,"0,10,313"
8398,"0,1"
8399,"0,1"
8400,"10,11"
8401,"0,1"
8402,"8,277,513"
8403,"265,340"
8404,"0,1"
8405,"0,1"
8406,"271,444"
8407,"24,25"
8408,"53,430"
8409,"13,21,108"
8410,"0,1"
8411,"23,251,337"
8412,"24,25"
8413,"0,1"
8414,"21,131,187"
8415,"40,131,160"
8416,"0,1"
8417,"21,131,187"
8418,"0,1"
8419,"199,382"
8420,"21,172,271"
8421,"0,1"
8422,"0,1"
8423,"0,1"
8424,"199,382"
8425,"0,1"
8426,"31,271,328"
8427,"0,1"
8428,"0,1"
8429,"0,1"
8430,"40,139,271"
8431,"0,1"
8432,"0,1"
8433,"64,145,402"
8434,"10,11"
8435,"0,1"
8436,"0,1"
8437,"265,340"
8438,"10,64,199"
8439,"0,1"
8440,"64,80"
8441,"21,131,187"
8442,"0,271,280"
8443,"21,187"
8444,"0,1"
8445,"10,64,199"
8446,"0,1"
8447,"0,313"
8448,"179,265,340"
8449,"200,265,337"
8450,"0,271,280"
8451,"10,64,199"
8452,"265,340"
8453,"0,216,254"
8454,"0,160,313"
8455,"10,64,199"
8456,"0,1"
8457,"0,1"
8458,"0,1"
8459,"265,271,273"
8460,"0,1"
8461,"0,313"
8462,"0,1"
8463,"28,29,271"
8464,"13,204"
8465,"17,53,168"
8466,"0,1"
8467,"28,310"
8468,"271,444"
8469,"265,340"
8470,"3,200,337"
8471,"0,1"
8472,"0,1"
8473,"0,1"
8474,"0,1"
8475,"271,280"
8476,"0,40,160"
8477,"0,1"
8478,"24,25,220"
8479,"151,152,170"
8480,"0,313"
8481,"24,25,220"
8482,"0,1"
8483,"23,24,25"
8484,"21,296,301"
8485,"220,221"
8486,"0,1"
8487,"21,131,187"
8488,"21,301"
8489,"0,1"
8490,"0,1"
8491,"0,1"
8492,"0,1"
8493,"0,1"
8494,"21,131,187"
8495,"13,160,204"
8496,"255,372"
8497,"0,1"
8498,"0,1"
8499,"0,1"
8500,"17,168"
8501,"21,108,301"
8502,"0,1"
8503,"10,31,220"
8504,"1,277,278"
8505,"64,80,199"
8506,"0,1"
8507,"0,1"
8508,"0,1"
8509,"40,41,199"
8510,"0,1"
8511,"271,444"
8512,"145,194,199"
8513,"0,1"
8514,"170,199,343"
8515,"0,1"
8516,"1,277,278"
8517,"0,1"
8518,"213,252,255"
8519,"0,1"
8520,"0,1"
8521,"0,1"
8522,"0,1"
8523,"0,1"
8524,"13,160,204"
8525,"11,184,243"
8526,"0,1"
8527,"0,1"
8528,"265,271,340"
8529,"0,1"
8530,"213,214,288"
8531,"0,1"
8532,"0,1"
8533,"21,169,182"
8534,"10,220,221"
8535,"3,200,337"
8536,"44,145"
8537,"0,1"
8538,"0,1"
8539,"0,1"
8540,"0,1"
8541,"0,1"
8542,"0,1"
8543,"131,241"
8544,"10,23,24"
8545,"265,271,340"
8546,"0,271,313"
8547,"21,131,187"
8548,"0,1"
8549,"0,1"
8550,"151,152,160"
8551,"277,288,497"
8552,"23,26"
8553,"0,1"
8554,"0,1"
8555,"0,1"
8556,"271,455"
8557,"0,1"
8558,"0,1"
8559,"23,24,220"
8560,"0,1"
8561,"0,1"
8562,"0,1"
8563,"255,484"
8564,"28,29,131"
8565,"0,265,313"
8566,"60,92,265"
8567,"0,1"
8568,"0,1"
8569,"277,513"
8570,"0,1"
8571,"0,1"
8572,"10,23,24"
8573,"21,160,182"
8574,"213,265,359"
8575,"0,1"
8576,"10,220,221"
8577,"0,1"
8578,"0,1"
8579,"10,220"
8580,"0,1"
8581,"0,1"
8582,"0,1"
8583,"21,160,182"
8584,"271,355,456"
8585,"40,60,92"
8586,"0,1"
8587,"13,160,204"
8588,"0,1"
8589,"271,444"
8590,"0,1"
8591,"28,29,518"
8592,"0,1"
8593,"265,271,449"
8594,"38,240,265"
8595,"28,29"
8596,"0,1"
8597,"0,265,313"
8598,"271,455"
8599,"21,34,187"
8600,"0,1"
8601,"10,64,199"
8602,"21,131,187"
8603,"0,1"
8604,"40,160,199"
8605,"0,1"
8606,"160,196,265"
8607,"13,296,300"
8608,"0,1"
8609,"0,1"
8610,"199,374"
8611,"0,1"
8612,"0,1"
8613,"21,131,187"
8614,"0,271"
8615,"0,1"
8616,"0,1,357"
8617,"199,288,323"
8618,"28,364"
8619,"0,1,199"
8620,"170,436"
8621,"0,1"
8622,"0,1"
8623,"0,1"
8624,"0,1"
8625,"0,1"
8626,"10,23,24"
8627,"0,1"
8628,"0,1"
8629,"13,296,300"
8630,"0,1"
8631,"21,187"
8632,"0,1"
8633,"0,1"
8634,"0,1"
8635,"21,170,301"
8636,"0,1"
8637,"21,301"
8638,"21,182"
8639,"11,220,221"
8640,"0,1"
8641,"0,1"
8642,"0,1"
8643,"21,182,271"
8644,"0,1"
8645,"53,265,340"
8646,"0,1"
8647,"0,255"
8648,"277,513"
8649,"0,1"
8650,"271,455"
8651,"265,340"
8652,"1,2,288"
8653,"0,1"
8654,"0,1"
8655,"24,25,265"
8656,"0,1"
8657,"21,187"
8658,"0,1"
8659,"0,1"
8660,"0,1"
8661,"0,271"
8662,"0,1"
8663,"0,1"
8664,"0,1"
8665,"53,393"
8666,"0,271,313"
8667,"1,277,278"
8668,"0,1"
8669,"271,355,456"
8670,"15,16,144"
8671,"265,340"
8672,"23,24,25"
8673,"0,1"
8674,"0,1"
8675,"265,340"
8676,"271,444"
8677,"13,21,108"
8678,"0,1"
8679,"0,1"
8680,"24,25"
8681,"277,288,458"
8682,"21,182"
8683,"265,340"
8684,"0,1"
8685,"1,2"
8686,"160,296,315"
8687,"0,1"
8688,"0,1"
8689,"0,1,313"
8690,"0,1"
8691,"21,131,187"
8692,"145,194"
8693,"0,1"
8694,"64,80,448"
8695,"0,1"
8696,"10,64,199"
8697,"199,323"
8698,"10,220,242"
8699,"0,1"
8700,"0,213,214"
8701,"0,1"
8702,"13,21,108"
8703,"0,1"
8704,"271,360,455"
8705,"0,1"
8706,"0,1"
8707,"271,366"
8708,"40,128,129"
8709,"0,1"
8710,"17,24,25"
8711,"21,131,187"
8712,"271,355,456"
8713,"199,374"
8714,"10,220,265"
8715,"271,313,397"
8716,"21,131,187"
8717,"53,265,340"
8718,"0,1"
8719,"277,313,397"
8720,"255,372"
8721,"0,1"
8722,"11,220,221"
8723,"0,1"
8724,"0,1"
8725,"64,313,397"
8726,"0,1"
8727,"24,49"
8728,"0,1"
8729,"3,200,337"
8730,"10,220"
8731,"0,271,288"
8732,"0,1"
8733,"0,1"
8734,"0,1"
8735,"271,455"
8736,"13,204,271"
8737,"0,1,313"
8738,"40,128,129"
8739,"38,39,271"
8740,"24,49"
8741,"28,29,271"
8742,"0,1"
8743,"0,1"
8744,"10,220,242"
8745,"0,313"
8746,"0,44,313"
8747,"3,51"
8748,"40,128,129"
8749,"271,355,456"
8750,"271,277,444"
8751,"265,425,515"
8752,"0,1"
8753,"0,213,214"
8754,"0,1"
8755,"0,1"
8756,"265,340"
8757,"23,24,220"
8758,"265,271,340"
8759,"0,1"
8760,"160,296,315"
8761,"21,145,187"
8762,"271,455"
8763,"21,182"
8764,"0,1"
8765,"179,265,340"
8766,"17,168"
8767,"17,168"
8768,"10,11,220"
8769,"53,430"
8770,"0,1"
8771,"23,24,25"
8772,"0,1"
8773,"0,313"
8774,"60,92,277"
8775,"277,458"
8776,"21,33,74"
8777,"0,265,313"
8778,"0,1"
8779,"11,419"
8780,"0,1"
8781,"271,355"
8782,"160,315"
8783,"0,1"
8784,"0,1"
8785,"40,128,129"
8786,"0,1"
8787,"0,1"
8788,"271,455"
8789,"199,382"
8790,"0,1,357"
8791,"10,220,242"
8792,"0,1"
8793,"0,1"
8794,"0,1"
8795,"28,145,194"
8796,"271,355,456"
8797,"0,1"
8798,"64,80,448"
8799,"21,34,127"
8800,"0,1"
8801,"0,1"
8802,"0,1"
8803,"10,145,220"
8804,"0,1"
8805,"0,1"
8806,"0,1"
8807,"24,49,271"
8808,"0,1"
8809,"213,359"
8810,"0,23,26"
8811,"271,455"
8812,"0,1"
8813,"1,2,265"
8814,"13,15,16"
8815,"0,1"
8816,"0,1"
8817,"21,108,301"
8818,"1,2,21"
8819,"0,1"
8820,"0,1"
8821,"271,355,456"
8822,"24,25"
8823,"0,1,357"
8824,"0,1"
8825,"21,182"
8826,"0,1"
8827,"170,436"
8828,"265,340"
8829,"8,308"
8830,"0,1,357"
8831,"0,1"
8832,"21,28,29"
8833,"0,1"
8834,"13,21,108"
8835,"0,21,182"
8836,"64,145,402"
8837,"17,168,199"
8838,"0,1"
8839,"271,355"
8840,"21,108,301"
8841,"13,204,255"
8842,"23,251,337"
8843,"21,108,172"
8844,"0,1"
8845,"0,1"
8846,"11,419"
8847,"0,1"
8848,"21,131,187"
8849,"160,315"
8850,"24,25"
8851,"0,1"
8852,"10,220,242"
8853,"0,1"
8854,"0,1"
8855,"0,1"
8856,"64,145,402"
8857,"0,313"
8858,"24,25"
8859,"0,271,313"
8860,"40,128,129"
8861,"24,25"
8862,"0,1"
8863,"271,455"
8864,"0,1"
8865,"0,1"
8866,"139,153"
8867,"0,1"
8868,"199,374"
8869,"271,444"
8870,"160,296,315"
8871,"0,10"
8872,"0,1"
8873,"4,19,21"
8874,"288,498"
8875,"0,1"
8876,"0,1"
8877,"271,313,360"
8878,"0,1"
8879,"17,168"
8880,"53,430"
8881,"0,265,313"
8882,"1,2,271"
8883,"28,518"
8884,"0,1"
8885,"145,194,199"
8886,"265,340"
8887,"24,25,220"
8888,"0,1"
8889,"40,160"
8890,"10,23,24"
8891,"0,1"
8892,"28,29,40"
8893,"0,1"
8894,"131,241,265"
8895,"13,21,108"
8896,"255,271,372"
8897,"0,1"
8898,"10,220,242"
8899,"265,340"
8900,"53,265,425"
8901,"0,1"
8902,"0,271"
8903,"0,1"
8904,"0,1"
8905,"0,1"
8906,"0,1"
8907,"0,1"
8908,"0,1"
8909,"0,1"
8910,"0,1"
8911,"0,17,168"
8912,"265,340"
8913,"0,1"
8914,"21,301"
8915,"265,425"
8916,"21,172"
8917,"0,1"
8918,"0,313"
8919,"13,15,16"
8920,"0,1"
8921,"21,131,187"
8922,"0,1"
8923,"3,200,337"
8924,"0,1"
8925,"10,64,199"
8926,"0,44,313"
8927,"0,1"
8928,"0,1"
8929,"15,16"
8930,"1,271,449"
8931,"296,428,452"
8932,"0,313"
8933,"0,313"
8934,"0,1"
8935,"0,1"
8936,"0,1"
8937,"0,1"
8938,"0,249"
8939,"38,103"
8940,"0,1"
8941,"265,425"
8942,"0,1"
8943,"24,25,220"
8944,"271,444"
8945,"40,128,129"
8946,"8,235"
8947,"0,1"
8948,"0,1"
8949,"10,220"
8950,"0,1"
8951,"0,1"
8952,"40,131,139"
8953,"24,25"
8954,"0,1"
8955,"151,152,170"
8956,"0,10,220"
8957,"0,1"
8958,"0,1"
8959,"0,1"
8960,"10,23,24"
8961,"0,1"
8962,"28,29"
8963,"0,1"
8964,"0,1"
8965,"0,1"
8966,"200,265,337"
8967,"44,73"
8968,"40,160"
8969,"21,28,29"
8970,"0,1"
8971,"10,64,199"
8972,"53,430"
8973,"255,271,280"
8974,"53,430"
8975,"21,182"
8976,"0,271,313"
8977,"0,1"
8978,"10,220,221"
8979,"0,1"
8980,"24,25,220"
8981,"40,160"
8982,"0,64,313"
8983,"265,340"
8984,"0,1"
8985,"0,1,313"
8986,"271,355,456"
8987,"23,26,251"
8988,"0,1"
8989,"213,214"
8990,"0,1"
8991,"151,152,265"
8992,"0,313"
8993,"13,160,204"
8994,"0,1"
8995,"21,131,187"
8996,"0,1"
8997,"13,160,204"
8998,"0,1"
8999,"21,182,265"
9000,"265,340"
9001,"23,251,337"
9002,"10,24,25"
9003,"271,291,444"
9004,"24,25"
9005,"213,271,359"
9006,"0,1"
9007,"21,182"
9008,"0,1"
9009,"21,108,271"
9010,"265,271,280"
9011,"0,1"
9012,"10,11"
9013,"10,220,221"
9014,"10,24,25"
9015,"0,1"
9016,"265,340"
9017,"0,1"
9018,"255,372"
9019,"0,1"
9020,"199,382"
9021,"13,160,204"
9022,"0,1"
9023,"0,1"
9024,"1,2"
9025,"0,271,444"
9026,"0,1"
9027,"0,1"
9028,"0,1"
9029,"0,1"
9030,"0,1"
9031,"10,64,199"
9032,"0,1"
9033,"220,221"
9034,"15,16"
9035,"271,296,452"
9036,"21,34,127"
9037,"170,436"
9038,"0,1"
9039,"0,1"
9040,"0,1,271"
9041,"0,1"
9042,"160,315"
9043,"23,251,337"
9044,"0,1"
9045,"271,355,456"
9046,"131,241"
9047,"21,124,184"
9048,"24,25"
9049,"271,455"
9050,"1,2,10"
9051,"0,265,271"
9052,"28,207,271"
9053,"0,1"
9054,"10,220,221"
9055,"0,1"
9056,"0,1"
9057,"0,1"
9058,"288,498"
9059,"0,1"
9060,"0,265,313"
9061,"271,355"
9062,"271,455"
9063,"0,1"
9064,"28,207"
9065,"1,170,436"
9066,"24,25"
9067,"0,1"
9068,"0,1"
9069,"0,1"
9070,"23,24,25"
9071,"0,1"
9072,"0,313"
9073,"0,1"
9074,"0,1"
9075,"271,355,360"
9076,"0,1"
9077,"271,455"
9078,"265,340"
9079,"28,364"
9080,"218,265,349"
9081,"0,1"
9082,"10,64,199"
9083,"28,29"
9084,"0,1"
9085,"271,455"
9086,"296,417"
9087,"0,1"
9088,"218,457"
9089,"0,1"
9090,"0,1"
9091,"0,1"
9092,"0,1"
9093,"277,288,458"
9094,"0,1"
9095,"13,15,16"
9096,"0,1"
9097,"0,1"
9098,"21,187"
9099,"28,29,265"
9100,"24,49"
9101,"13,160,204"
9102,"0,1"
9103,"53,265,340"
9104,"0,1"
9105,"0,1"
9106,"10,24,25"
9107,"11,40,160"
9108,"131,241,265"
9109,"44,145,402"
9110,"40,139"
9111,"0,288,357"
9112,"0,1"
9113,"24,25,220"
9114,"0,1"
9115,"0,313"
9116,"28,207"
9117,"40,128,129"
9118,"0,1"
9119,"0,1"
9120,"0,1"
9121,"0,1"
9122,"265,340"
9123,"0,1,271"
9124,"10,23,24"
9125,"0,1"
9126,"0,1"
9127,"0,1"
9128,"0,1"
9129,"0,1"
9130,"265,340"
9131,"0,1"
9132,"265,340"
9133,"21,182"
9134,"0,1"
9135,"0,1"
9136,"0,1"
9137,"0,1"
9138,"0,1"
9139,"11,13,204"
9140,"44,145,288"
9141,"0,313"
9142,"10,220,221"
9143,"21,182"
9144,"1,277,278"
9145,"255,480"
9146,"0,1"
9147,"0,1"
9148,"0,1"
9149,"0,1"
9150,"40,128,129"
9151,"199,323"
9152,"40,160"
9153,"0,220,221"
9154,"296,452"
9155,"41,184,215"
9156,"0,1"
9157,"0,1"
9158,"10,24,25"
9159,"169,265,311"
9160,"0,1"
9161,"0,1"
9162,"40,128,129"
9163,"0,1"
9164,"0,1"
9165,"10,64,199"
9166,"277,288,458"
9167,"0,1"
9168,"0,1"
9169,"0,1"
9170,"179,271,426"
9171,"0,1"
9172,"0,1"
9173,"28,29,251"
9174,"0,1"
9175,"0,1"
9176,"0,1"
9177,"0,1"
9178,"0,1"
9179,"0,1"
9180,"8,405,514"
9181,"0,1"
9182,"10,220,221"
9183,"0,1"
9184,"0,1"
9185,"0,1"
9186,"0,40,128"
9187,"0,1"
9188,"0,1"
9189,"170,199,374"
9190,"199,323"
9191,"271,355,456"
9192,"145,213,359"
9193,"0,213,313"
9194,"0,1"
9195,"64,80,255"
9196,"21,182,265"
9197,"0,1"
9198,"40,128,129"
9199,"265,271,449"
9200,"0,1"
9201,"10,24,25"
9202,"0,1"
9203,"0,1"
9204,"0,1"
9205,"28,364"
9206,"0,1"
9207,"0,1"
9208,"21,172,265"
9209,"131,199,241"
9210,"53,430"
9211,"23,26,251"
9212,"64,145,402"
9213,"0,1"
9214,"265,340"
9215,"0,1"
9216,"0,1"
9217,"0,1"
9218,"265,340"
9219,"24,25"
9220,"0,1,313"
9221,"0,1"
9222,"21,271,301"
9223,"0,1"
9224,"0,1"
9225,"0,1"
9226,"10,64,199"
9227,"0,271,357"
9228,"0,1"
9229,"213,214,265"
9230,"21,170,301"
9231,"64,80,199"
9232,"0,1"
9233,"0,271,313"
9234,"40,160,334"
9235,"160,277,315"
9236,"218,271,456"
9237,"1,2,21"
9238,"0,1"
9239,"0,1"
9240,"0,1"
9241,"0,1"
9242,"0,1"
9243,"271,360,455"
9244,"0,1"
9245,"0,1"
9246,"40,160"
9247,"265,271,449"
9248,"0,1"
9249,"271,313,360"
9250,"0,1"
9251,"28,271,310"
9252,"10,64,199"
9253,"265,340"
9254,"0,216,313"
9255,"0,1"
9256,"0,1"
9257,"271,355,456"
9258,"21,301"
9259,"0,1"
9260,"0,1"
9261,"8,514"
9262,"0,1"
9263,"10,220,221"
9264,"131,241"
9265,"0,1"
9266,"21,34,127"
9267,"271,355,456"
9268,"21,108,301"
9269,"0,1"
9270,"0,1,357"
9271,"0,313"
9272,"0,1"
9273,"0,1"
9274,"0,1"
9275,"0,1"
9276,"160,296,315"
9277,"0,1"
9278,"0,1"
9279,"160,196"
9280,"53,430"
9281,"1,170,436"
9282,"265,271,340"
9283,"0,1"
9284,"0,1"
9285,"10,24,25"
9286,"0,1"
9287,"0,1"
9288,"21,131,187"
9289,"0,1"
9290,"23,26,251"
9291,"10,220,242"
9292,"0,1"
9293,"28,29,200"
9294,"265,271,340"
9295,"0,271,444"
9296,"0,1"
9297,"53,271,430"
9298,"216,288,380"
9299,"0,1"
9300,"0,1"
9301,"0,1"
9302,"0,313"
9303,"0,265,313"
9304,"21,182"
9305,"0,1"
9306,"199,248"
9307,"60,92"
9308,"255,372"
9309,"271,455"
9310,"0,1"
9311,"0,1"
9312,"0,1"
9313,"0,1"
9314,"0,1"
9315,"21,124,184"
9316,"0,1"
9317,"0,1"
9318,"0,1"
9319,"0,1"
9320,"0,1"
9321,"0,1"
9322,"0,1"
9323,"199,323"
9324,"0,1"
9325,"255,265,372"
9326,"0,1"
9327,"151,152,199"
9328,"23,24,220"
9329,"0,216,254"
9330,"31,131,241"
9331,"0,1"
9332,"0,1"
9333,"13,401"
9334,"0,1"
9335,"0,1"
9336,"265,340"
9337,"0,1"
9338,"160,315"
9339,"0,1"
9340,"199,323"
9341,"0,1"
9342,"40,128,271"
9343,"0,1"
9344,"21,124,184"
9345,"21,108,271"
9346,"0,1"
9347,"0,1,357"
9348,"21,131,187"
9349,"0,213,214"
9350,"28,29,265"
9351,"0,1"
9352,"13,21,108"
9353,"0,1"
9354,"265,271,280"
9355,"41,184,215"
9356,"0,1"
9357,"265,273"
9358,"0,1"
9359,"21,131,187"
9360,"0,1"
9361,"0,1"
9362,"0,1"
9363,"265,340"
9364,"40,131,160"
9365,"0,1"
9366,"0,1"
9367,"0,1"
9368,"0,1"
9369,"13,122,170"
9370,"0,1"
9371,"265,340"
9372,"0,1"
9373,"0,1"
9374,"40,160,334"
9375,"10,24,25"
9376,"0,271,313"
9377,"10,64,199"
9378,"40,128,271"
9379,"0,216,288"
9380,"271,455"
9381,"0,1"
9382,"265,340"
9383,"0,1"
9384,"265,376,425"
9385,"199,323"
9386,"170,265,376"
9387,"277,288,458"
9388,"160,296,315"
9389,"0,1"
9390,"271,313,360"
9391,"0,1"
9392,"0,1"
9393,"271,355,456"
9394,"0,213,255"
9395,"0,1"
9396,"13,21,204"
9397,"0,1"
9398,"0,1"
9399,"199,281"
9400,"0,1"
9401,"271,366"
9402,"8,271,355"
9403,"53,60,414"
9404,"0,1"
9405,"0,1"
9406,"0,1"
9407,"0,1"
9408,"271,455"
9409,"31,96"
9410,"0,40,160"
9411,"0,1"
9412,"11,419"
9413,"21,160,182"
9414,"64,448"
9415,"24,49"
9416,"28,29"
9417,"28,29"
9418,"17,145,168"
9419,"24,49,64"
9420,"0,1"
9421,"21,40,128"
9422,"0,1"
9423,"0,1"
9424,"0,1"
9425,"255,480"
9426,"0,1"
9427,"10,220"
9428,"0,1"
9429,"0,1"
9430,"0,1"
9431,"0,1"
9432,"17,168,199"
9433,"28,29"
9434,"271,355,456"
9435,"3,51,271"
9436,"10,220,221"
9437,"0,1"
9438,"265,340"
9439,"0,1"
9440,"0,1"
9441,"0,1"
9442,"160,315"
9443,"0,1"
9444,"0,1"
9445,"0,1"
9446,"8,160,196"
9447,"0,1"
9448,"0,64,313"
9449,"0,1"
9450,"21,182,265"
9451,"0,216"
9452,"271,455"
9453,"17,168"
9454,"0,1"
9455,"8,514"
9456,"0,216"
9457,"160,315"
9458,"0,1"
9459,"8,160,196"
9460,"0,1"
9461,"271,355,456"
9462,"21,34,127"
9463,"265,340"
9464,"0,1"
9465,"0,1"
9466,"199,216,374"
9467,"0,1"
9468,"0,1"
9469,"0,1"
9470,"53,271,430"
9471,"3,51,271"
9472,"255,484"
9473,"0,1,357"
9474,"0,1"
9475,"0,1"
9476,"0,1"
9477,"10,220,242"
9478,"0,1"
9479,"0,1"
9480,"0,1"
9481,"0,1"
9482,"0,40,128"
9483,"0,216,271"
9484,"0,1"
9485,"0,1"
9486,"288,498"
9487,"21,60,92"
9488,"0,313,397"
9489,"0,1"
9490,"199,248,277"
9491,"0,1"
9492,"0,1"
9493,"1,288,497"
9494,"0,1"
9495,"0,1"
9496,"0,1"
9497,"10,64,199"
9498,"271,455"
9499,"0,1"
9500,"296,300"
9501,"160,315"
9502,"21,131,187"
9503,"23,24,25"
9504,"24,25,220"
9505,"160,315"
9506,"0,1"
9507,"255,480"
9508,"41,184,215"
9509,"271,444"
9510,"218,271,456"
9511,"0,28,29"
9512,"13,21,204"
9513,"0,10"
9514,"0,213,214"
9515,"15,16,17"
9516,"40,139"
9517,"0,1"
9518,"0,1"
9519,"0,1"
9520,"0,1"
9521,"0,1"
9522,"145,194,199"
9523,"24,25"
9524,"41,213,215"
9525,"0,23,24"
9526,"0,1"
9527,"24,25,213"
9528,"0,1"
9529,"0,1"
9530,"0,1"
9531,"23,26,251"
9532,"24,25,288"
9533,"0,1,21"
9534,"21,187"
9535,"0,216"
9536,"26,89"
9537,"21,131,187"
9538,"10,11,44"
9539,"0,1"
9540,"21,301"
9541,"0,1"
9542,"44,73,271"
9543,"28,518"
9544,"220,221"
9545,"21,182"
9546,"0,265,313"
9547,"28,310,518"
9548,"0,1"
9549,"0,1"
9550,"0,1"
9551,"216,271,422"
9552,"0,277"
9553,"0,1"
9554,"0,1"
9555,"21,111,182"
9556,"10,64,199"
9557,"24,25,265"
9558,"0,1"
9559,"21,124,184"
9560,"0,1"
9561,"0,1"
9562,"24,25"
9563,"0,1"
9564,"277,278"
9565,"40,128,271"
9566,"0,1"
9567,"24,49"
9568,"0,1"
9569,"139,153"
9570,"0,1"
9571,"0,1"
9572,"0,1"
9573,"23,251,337"
9574,"0,1"
9575,"10,220,242"
9576,"0,213,313"
9577,"277,313,397"
9578,"0,1"
9579,"8,270"
9580,"179,271,426"
9581,"255,265,340"
9582,"21,182"
9583,"0,1"
9584,"271,455"
9585,"23,26,251"
9586,"0,1,357"
9587,"0,1,2"
9588,"0,1"
9589,"0,1"
9590,"0,1"
9591,"0,1"
9592,"160,315"
9593,"0,1"
9594,"0,1"
9595,"0,1"
9596,"145,194,200"
9597,"0,1"
9598,"0,1"
9599,"28,29"
9600,"0,213,313"
9601,"0,1"
9602,"0,1"
9603,"0,1"
9604,"0,1"
9605,"0,1"
9606,"0,1"
9607,"13,401"
9608,"265,273"
9609,"255,372"
9610,"0,1,288"
9611,"265,340"
9612,"170,436"
9613,"0,1"
9614,"0,1"
9615,"0,1"
9616,"170,436"
9617,"21,170,301"
9618,"10,220"
9619,"0,1"
9620,"0,271,277"
9621,"0,1"
9622,"0,1"
9623,"0,1"
9624,"10,64,448"
9625,"0,1"
9626,"0,1"
9627,"0,1"
9628,"21,301"
9629,"255,265,340"
9630,"0,1,255"
9631,"0,1"
9632,"0,1"
9633,"265,349"
9634,"277,288,458"
9635,"0,1"
9636,"24,49"
9637,"0,216"
9638,"28,518"
9639,"0,1"
9640,"265,340"
9641,"271,280,456"
9642,"0,1"
9643,"24,49"
9644,"0,1"
9645,"0,1"
9646,"24,49"
9647,"184,243,271"
9648,"0,1"
9649,"0,1"
9650,"0,1"
9651,"28,29"
9652,"271,455"
9653,"0,1"
9654,"199,374"
9655,"0,1"
9656,"0,1"
9657,"0,1"
9658,"21,182"
9659,"40,131,160"
9660,"0,1"
9661,"10,199,323"
9662,"0,1"
9663,"0,1,2"
9664,"271,455"
9665,"10,220,242"
9666,"199,271,382"
9667,"0,1"
9668,"265,271,340"
9669,"0,1"
9670,"0,1"
9671,"199,277,323"
9672,"60,92"
9673,"28,364"
9674,"0,255,296"
9675,"0,1"
9676,"10,11,265"
9677,"0,1"
9678,"28,29"
9679,"21,124,184"
9680,"13,21,108"
9681,"21,108,301"
9682,"21,301"
9683,"0,1"
9684,"24,25,220"
9685,"10,220"
9686,"21,131,187"
9687,"0,1"
9688,"40,160"
9689,"21,301"
9690,"265,340"
9691,"13,160,204"
9692,"40,139"
9693,"40,160"
9694,"0,1"
9695,"0,255,313"
9696,"0,1"
9697,"10,23,24"
9698,"0,1"
9699,"255,271,372"
9700,"10,220"
9701,"271,313,397"
9702,"199,374"
9703,"0,1"
9704,"0,1"
9705,"0,1"
9706,"40,128,129"
9707,"131,145,241"
9708,"0,1,357"
9709,"0,10"
9710,"0,1"
9711,"0,1"
9712,"271,455"
9713,"21,108,301"
9714,"0,1"
9715,"0,1"
9716,"40,128,271"
9717,"0,1"
9718,"0,1"
9719,"0,1"
9720,"0,271"
9721,"0,313"
9722,"0,1"
9723,"0,1"
9724,"28,170,207"
9725,"3,200,337"
9726,"0,1"
9727,"199,248,265"
9728,"0,1"
9729,"0,1"
9730,"0,1"
9731,"0,1"
9732,"0,1"
9733,"44,73,271"
9734,"0,1"
9735,"0,1"
9736,"131,241"
9737,"28,310,518"
9738,"21,182,220"
9739,"13,401"
9740,"271,455"
9741,"10,23,24"
9742,"218,271,456"
9743,"23,251,337"
9744,"21,182,199"
9745,"0,44,145"
9746,"0,1"
9747,"0,1"
9748,"24,25"
9749,"145,493"
9750,"1,2"
9751,"40,131,160"
9752,"0,213,313"
9753,"271,355,456"
9754,"160,296,315"
9755,"23,24,25"
9756,"0,1"
9757,"0,1"
9758,"0,1"
9759,"44,73,145"
9760,"296,452"
9761,"17,168,170"
9762,"0,1"
9763,"10,220,242"
9764,"21,34,127"
9765,"0,1"
9766,"3,200,337"
9767,"0,1"
9768,"0,1"
9769,"3,51,265"
9770,"23,24,25"
9771,"13,21,122"
9772,"0,1"
9773,"0,1"
9774,"0,1"
9775,"0,1"
9776,"218,271,456"
9777,"21,145,194"
9778,"10,24,25"
9779,"0,1"
9780,"0,1"
9781,"0,1"
9782,"0,1"
9783,"0,1"
9784,"255,271,372"
9785,"0,1"
9786,"0,21,172"
9787,"218,271,456"
9788,"0,1"
9789,"0,1"
9790,"0,1"
9791,"0,1"
9792,"0,1"
9793,"0,1"
9794,"0,10"
9795,"0,1"
9796,"0,1"
9797,"0,1"
9798,"0,1"
9799,"10,220,242"
9800,"0,1"
9801,"0,1"
9802,"265,340"
9803,"265,340"
9804,"0,1,271"
9805,"11,265,419"
9806,"145,493"
9807,"21,108,265"
9808,"0,1"
9809,"0,1"
9810,"28,207"
9811,"0,10"
9812,"21,131,187"
9813,"13,15,16"
9814,"10,220"
9815,"151,152,160"
9816,"0,1"
9817,"199,255,374"
9818,"255,271,280"
9819,"64,145,402"
9820,"10,131,220"
9821,"265,340"
9822,"271,288,449"
9823,"0,1"
9824,"21,131,187"
9825,"0,1"
9826,"0,1"
9827,"10,31,220"
9828,"0,1"
9829,"170,459"
9830,"13,21,108"
9831,"21,28,182"
9832,"131,241"
9833,"21,108,301"
9834,"313,397"
9835,"0,271,313"
9836,"28,364"
9837,"10,23,24"
9838,"40,160"
9839,"21,301"
9840,"21,182,265"
9841,"21,182,271"
9842,"0,1"
9843,"10,220,271"
9844,"0,1"
9845,"151,152,160"
9846,"0,1"
9847,"265,271,280"
9848,"0,1"
9849,"0,1"
9850,"0,1"
9851,"0,1"
9852,"0,265,313"
9853,"0,1"
9854,"0,1"
9855,"17,56"
9856,"53,430"
9857,"220,221"
9858,"199,382"
9859,"28,364"
9860,"10,64,199"
9861,"0,1"
9862,"170,265,340"
9863,"10,23,24"
9864,"31,328"
9865,"1,2,255"
9866,"131,241"
9867,"0,1"
9868,"0,40,160"
9869,"0,1"
9870,"53,393"
9871,"265,340"
9872,"265,271,425"
9873,"0,1"
9874,"40,160"
9875,"0,1"
9876,"0,265,313"
9877,"13,15,16"
9878,"271,355,424"
9879,"0,1"
9880,"271,355,455"
9881,"0,1"
9882,"131,241"
9883,"40,160"
9884,"10,24,25"
9885,"0,313"
9886,"265,340"
9887,"40,131,160"
9888,"0,1"
9889,"0,213,214"
9890,"0,10,220"
9891,"21,53,182"
9892,"0,1"
9893,"0,1"
9894,"53,265,340"
9895,"0,1"
9896,"28,29"
9897,"0,1"
9898,"0,1"
9899,"21,131,187"
9900,"21,182"
9901,"31,296,328"
9902,"40,128,271"
9903,"265,340"
9904,"21,131,187"
9905,"13,21,108"
9906,"271,313,360"
9907,"296,417"
9908,"0,1"
9909,"21,301"
9910,"0,1"
9911,"265,349"
9912,"0,1,357"
9913,"0,1"
9914,"265,288,376"
9915,"0,1"
9916,"21,131,187"
9917,"38,40,160"
9918,"0,1"
9919,"13,401"
9920,"3,200,337"
9921,"40,41"
9922,"28,29,277"
9923,"265,271,340"
9924,"151,152,170"
9925,"160,271,315"
9926,"0,1"
9927,"10,11"
9928,"10,21,187"
9929,"3,200,337"
9930,"0,1"
9931,"21,172,255"
9932,"0,1"
9933,"0,1"
9934,"0,1"
9935,"265,340"
9936,"0,1,271"
9937,"271,288,456"
9938,"23,26,271"
9939,"0,1"
9940,"44,73,199"
9941,"199,323"
9942,"160,296,315"
9943,"0,1"
9944,"40,128,129"
9945,"0,1"
9946,"0,213,216"
9947,"0,1"
9948,"265,340"
9949,"0,1"
9950,"10,220,242"
9951,"0,1"
9952,"0,1"
9953,"24,25,220"
9954,"277,278"
9955,"21,108,301"
9956,"0,1"
9957,"0,1"
9958,"145,194,199"
9959,"0,1"
9960,"28,271,310"
9961,"10,220,242"
9962,"21,131,187"
9963,"40,131,160"
9964,"0,1"
9965,"0,1"
9966,"0,1"
9967,"0,1"
9968,"169,213,214"
9969,"0,1"
9970,"0,1"
9971,"277,278"
9972,"0,1"
9973,"0,1"
9974,"40,128,265"
9975,"265,340"
9976,"0,1"
9977,"265,340,425"
9978,"0,1"
9979,"53,430"
9980,"265,340"
9981,"0,1"
9982,"24,25,220"
9983,"0,213,214"
9984,"0,1"
9985,"21,170,301"
9986,"23,251,337"
9987,"0,1"
9988,"0,1"
9989,"271,455"
9990,"0,1"
9991,"0,1"
9992,"265,425"
9993,"0,1"
9994,"0,1"
9995,"10,220,265"
9996,"0,40,128"
9997,"160,296,315"
9998,"0,1"
9999,"0,313"
10000,"218,271,456"
10001,"11,419"
10002,"277,313,397"
10003,"0,1"
10004,"0,1"
10005,"0,1"
10006,"10,220,221"
10007,"0,1"
10008,"0,1"
10009,"0,1"
10010,"24,25"
10011,"0,1"
10012,"0,1"
10013,"0,1"
10014,"0,1"
10015,"13,21,108"
10016,"0,1"
10017,"199,323"
10018,"160,315"
10019,"0,213,214"
10020,"0,1"
10021,"53,430"
10022,"160,315"
10023,"0,1"
10024,"265,340"
10025,"0,1"
10026,"271,280,444"
10027,"40,128,129"
10028,"10,53,64"
10029,"199,382"
10030,"21,182"
10031,"0,1"
10032,"10,23,24"
10033,"271,455"
10034,"131,241"
10035,"21,182"
10036,"21,170,301"
10037,"21,182"
10038,"0,1"
10039,"21,187,301"
10040,"28,518"
10041,"26,89"
10042,"160,315"
10043,"0,1"
10044,"160,296,315"
10045,"0,1"
10046,"17,168"
10047,"24,25,288"
10048,"0,1"
10049,"10,11,44"
10050,"3,200,337"
10051,"10,24,25"
10052,"40,128,129"
10053,"53,430"
10054,"145,194,199"
10055,"21,187"
10056,"0,1"
10057,"40,160"
10058,"13,204,265"
10059,"0,1"
10060,"21,131,187"
10061,"0,1"
10062,"0,265,313"
10063,"10,220"
10064,"265,277,278"
10065,"21,131,241"
10066,"21,131,187"
10067,"0,1"
10068,"131,241,313"
10069,"220,221"
10070,"0,1"
10071,"1,2,255"
10072,"10,24,25"
10073,"28,29,160"
10074,"11,41,224"
10075,"0,1"
10076,"0,1"
10077,"64,80,448"
10078,"10,220,277"
10079,"199,374"
10080,"0,10,220"
10081,"0,1"
10082,"21,28,301"
10083,"21,131,187"
10084,"23,26,251"
10085,"265,340"
10086,"0,1"
10087,"0,313"
10088,"40,128,129"
10089,"13,21,108"
10090,"271,366,449"
10091,"53,430"
10092,"0,1"
10093,"184,243,265"
10094,"0,1"
10095,"0,1"
10096,"199,374"
10097,"265,340"
10098,"0,1"
10099,"271,455"
10100,"0,1"
10101,"28,207,364"
10102,"0,1"
10103,"0,1,357"
10104,"0,1"
10105,"265,271,438"
10106,"0,1"
10107,"265,340"
10108,"24,25"
10109,"24,25"
10110,"0,1"
10111,"10,28,29"
10112,"0,1"
10113,"265,340"
10114,"21,131,187"
10115,"145,194,199"
10116,"0,1,277"
10117,"0,1"
10118,"0,213,214"
10119,"21,34,127"
10120,"0,1"
10121,"53,220,221"
10122,"0,1"
10123,"277,513"
10124,"0,1"
10125,"0,1"
10126,"220,221"
10127,"40,128,129"
10128,"213,265,340"
10129,"271,444"
10130,"40,160"
10131,"179,265,340"
10132,"0,213,214"
10133,"271,449"
10134,"0,1"
10135,"271,355,456"
10136,"0,1"
10137,"28,29,169"
10138,"10,220"
10139,"0,1"
10140,"271,355,456"
10141,"0,1"
10142,"0,1"
10143,"0,1"
10144,"0,213,271"
10145,"160,199,315"
10146,"0,1"
10147,"0,213,214"
10148,"28,29,271"
10149,"0,1"
10150,"199,323"
10151,"28,29"
10152,"10,24,25"
10153,"0,13,204"
10154,"0,1"
10155,"21,108"
10156,"0,40,41"
10157,"21,108,301"
10158,"0,1"
10159,"24,49"
10160,"0,1"
10161,"0,1"
10162,"0,1"
10163,"21,131,187"
10164,"0,1"
10165,"0,1"
10166,"0,1"
10167,"271,313,355"
10168,"0,313,397"
10169,"64,80,448"
10170,"10,220"
10171,"265,273"
10172,"1,2"
10173,"0,1"
10174,"40,160,271"
10175,"21,170,182"
10176,"0,1"
10177,"21,131,187"
10178,"17,56"
10179,"21,28,29"
10180,"199,323"
10181,"151,152,160"
10182,"0,1"
10183,"21,131,187"
10184,"0,1"
10185,"0,1"
10186,"24,265,340"
10187,"0,1"
10188,"0,1"
10189,"10,220,242"
10190,"28,170,207"
10191,"151,152,160"
10192,"0,1"
10193,"0,1"
10194,"24,25"
10195,"0,1"
10196,"21,131,187"
10197,"0,1"
10198,"21,131,187"
10199,"0,1"
10200,"0,1"
10201,"21,108,301"
10202,"271,355"
10203,"10,220"
10204,"10,220,242"
10205,"17,21,168"
10206,"0,1"
10207,"0,1"
10208,"28,29"
10209,"0,313"
10210,"0,1"
10211,"10,11,419"
10212,"0,1"
10213,"0,1"
10214,"0,313"
10215,"0,1"
10216,"0,1"
10217,"1,2"
10218,"0,1"
10219,"0,1"
10220,"199,323"
10221,"0,216"
10222,"0,1"
10223,"0,1"
10224,"0,1"
10225,"23,26,296"
10226,"0,1"
10227,"160,315"
10228,"21,34,127"
10229,"24,25,218"
10230,"0,1"
10231,"0,1"
10232,"0,1"
10233,"271,455"
10234,"0,179,313"
10235,"0,1"
10236,"23,24,25"
10237,"0,1"
10238,"0,213,271"
10239,"40,160,265"
10240,"0,1"
10241,"0,1"
10242,"271,355,456"
10243,"0,1"
10244,"265,425,488"
10245,"0,1"
10246,"265,340,349"
10247,"0,1"
10248,"21,160,182"
10249,"21,182,271"
10250,"0,1"
10251,"74,317"
10252,"0,10,220"
10253,"0,1"
10254,"10,64,199"
10255,"0,1"
10256,"23,251,337"
10257,"265,271,360"
10258,"0,1"
10259,"271,355,456"
10260,"145,194,199"
10261,"0,28,29"
10262,"10,64,199"
10263,"0,10,220"
10264,"21,301"
10265,"40,41"
10266,"15,144"
10267,"265,425,488"
10268,"0,1"
10269,"0,1,10"
10270,"15,16,21"
10271,"0,1"
10272,"13,160,204"
10273,"0,1"
10274,"3,34,51"
10275,"60,92,271"
10276,"0,277,313"
10277,"160,315"
10278,"0,1"
10279,"0,1"
10280,"145,194,199"
10281,"0,10"
10282,"271,455"
10283,"0,1"
10284,"0,313"
10285,"0,1"
10286,"10,23,24"
10287,"21,170,301"
10288,"0,1"
10289,"21,131,187"
10290,"21,170,301"
10291,"21,131,187"
10292,"64,80"
10293,"0,1"
10294,"24,25,220"
10295,"0,1"
10296,"0,1"
10297,"0,1"
10298,"0,131,241"
10299,"0,1"
10300,"0,1"
10301,"21,172,271"
10302,"0,1"
10303,"255,480"
10304,"0,1"
10305,"0,1"
10306,"0,1"
10307,"0,1"
10308,"21,182"
10309,"21,131,187"
10310,"265,340"
10311,"265,340"
10312,"13,160,204"
10313,"0,1"
10314,"0,1"
10315,"265,340"
10316,"10,220,221"
10317,"21,108,301"
10318,"28,29,265"
10319,"0,1"
10320,"53,430"
10321,"0,216,254"
10322,"0,1"
10323,"24,25,265"
10324,"8,514"
10325,"0,1"
10326,"0,1"
10327,"0,1"
10328,"0,1"
10329,"0,1"
10330,"0,216"
10331,"0,1"
10332,"0,1"
10333,"40,128,129"
10334,"0,1"
10335,"0,1"
10336,"277,313,397"
10337,"213,214,288"
10338,"24,25"
10339,"0,1"
10340,"10,220"
10341,"0,1"
10342,"0,1,271"
10343,"160,315"
10344,"21,53,182"
10345,"0,1"
10346,"265,349,418"
10347,"271,313,397"
10348,"0,1,357"
10349,"24,25"
10350,"0,1"
10351,"0,1"
10352,"0,1"
10353,"120,121,145"
10354,"265,271,360"
10355,"0,1"
10356,"0,1"
10357,"0,199,313"
10358,"0,1"
10359,"0,1"
10360,"0,1"
10361,"21,124,184"
10362,"10,11,44"
10363,"0,1"
10364,"271,355,456"
10365,"0,1"
10366,"0,1"
10367,"218,271,456"
10368,"0,288,357"
10369,"0,1"
10370,"288,313,397"
10371,"0,1"
10372,"277,288,413"
10373,"3,111,184"
10374,"24,25"
10375,"0,1"
10376,"21,124,184"
10377,"21,131,187"
10378,"0,1"
10379,"271,277,444"
10380,"0,1"
10381,"0,1"
10382,"13,204,265"
10383,"10,220"
10384,"0,1"
10385,"10,23,24"
10386,"0,1"
10387,"17,168"
10388,"0,1"
10389,"28,29"
10390,"271,277,280"
10391,"17,168,199"
10392,"265,271,449"
10393,"0,1"
10394,"0,1"
10395,"0,1"
10396,"21,182"
10397,"28,29"
10398,"0,1,357"
10399,"0,1"
10400,"0,1"
10401,"40,131,160"
10402,"0,1"
10403,"0,1"
10404,"24,25"
10405,"271,355,456"
10406,"0,1"
10407,"0,1"
10408,"0,1"
10409,"0,1"
10410,"31,290"
10411,"0,1"
10412,"0,313"
10413,"0,313"
10414,"0,1"
10415,"296,428,452"
10416,"21,24,25"
10417,"265,340"
10418,"21,182,265"
10419,"0,1"
10420,"0,1"
10421,"10,64,199"
10422,"0,1"
10423,"0,1"
10424,"0,1"
10425,"21,170,301"
10426,"0,1"
10427,"21,182,265"
10428,"0,40,160"
10429,"10,220"
10430,"265,376,425"
10431,"0,1"
10432,"265,288,349"
10433,"0,1"
10434,"21,108,301"
10435,"40,128,129"
10436,"4,19,21"
10437,"265,340"
10438,"21,172"
10439,"31,454"
10440,"0,1"
10441,"21,172"
10442,"11,419"
10443,"0,1"
10444,"0,1"
10445,"41,184,215"
10446,"0,1"
10447,"53,430"
10448,"0,1"
10449,"0,1"
10450,"218,271,456"
10451,"53,160,315"
10452,"10,24,25"
10453,"255,265,340"
10454,"0,1"
10455,"199,323"
10456,"160,315"
10457,"277,288,458"
10458,"10,24,25"
10459,"265,376,488"
10460,"0,1"
10461,"0,1"
10462,"213,214,288"
10463,"21,182,265"
10464,"0,1"
10465,"10,220"
10466,"0,1"
10467,"0,1"
10468,"271,355,456"
10469,"0,213,255"
10470,"10,23,24"
10471,"0,1"
10472,"10,24,25"
10473,"21,182"
10474,"0,1"
10475,"265,340"
10476,"213,277,359"
10477,"0,1"
10478,"0,1"
10479,"151,152,160"
10480,"4,19"
10481,"0,1"
10482,"0,1"
10483,"0,1"
10484,"24,25,220"
10485,"0,1"
10486,"0,1"
10487,"271,444"
10488,"0,1"
10489,"0,1"
10490,"0,1"
10491,"21,34,127"
10492,"160,296,315"
10493,"0,1"
10494,"0,1"
10495,"3,200,337"
10496,"255,372"
10497,"28,271,364"
10498,"0,1"
10499,"0,1"
10500,"0,216"
10501,"0,1"
10502,"21,124,184"
10503,"0,1"
10504,"0,1"
10505,"13,15,16"
10506,"0,1,357"
10507,"0,1"
10508,"0,1"
10509,"0,1"
10510,"265,340"
10511,"24,25"
10512,"0,1"
10513,"8,160,196"
10514,"0,1"
10515,"0,1"
10516,"0,1"
10517,"0,1"
10518,"13,204,271"
10519,"40,128,129"
10520,"21,124,184"
10521,"0,1"
10522,"40,41"
10523,"0,1"
10524,"21,170,182"
10525,"0,1"
10526,"10,131,220"
10527,"0,1"
10528,"0,1"
10529,"24,25"
10530,"271,355,456"
10531,"0,1"
10532,"0,10"
10533,"0,1"
10534,"271,355,456"
10535,"21,182"
10536,"337,339"
10537,"21,131,187"
10538,"0,1"
10539,"21,124,184"
10540,"0,1"
10541,"0,1"
10542,"10,40,160"
10543,"0,1"
10544,"265,340"
10545,"0,1"
10546,"8,514"
10547,"10,11"
10548,"21,255,301"
10549,"265,271,425"
10550,"0,1"
10551,"8,10,220"
10552,"0,1"
10553,"0,1"
10554,"53,430"
10555,"0,1"
10556,"21,182"
10557,"213,359"
10558,"160,315"
10559,"0,1"
10560,"24,25"
10561,"0,1"
10562,"199,323"
10563,"8,40,160"
10564,"213,359"
10565,"21,160,182"
10566,"40,131,160"
10567,"0,1"
10568,"21,182"
10569,"0,1"
10570,"0,213,214"
10571,"151,152,170"
10572,"0,1"
10573,"0,1"
10574,"0,1"
10575,"199,382"
10576,"213,214,359"
10577,"0,216,265"
10578,"0,1"
10579,"271,444"
10580,"24,25,288"
10581,"0,1"
10582,"0,1"
10583,"255,372"
10584,"24,25"
10585,"265,271,340"
10586,"0,1"
10587,"0,265,271"
10588,"10,11,44"
10589,"23,26,251"
10590,"0,1"
10591,"28,364"
10592,"10,64,220"
10593,"0,1"
10594,"265,340"
10595,"53,430"
10596,"0,313"
10597,"265,340,349"
10598,"160,296,315"
10599,"28,29,255"
10600,"0,1"
10601,"13,21,108"
10602,"11,419"
10603,"60,92,131"
10604,"0,1"
10605,"0,1"
10606,"0,1"
10607,"265,340"
10608,"0,1"
10609,"3,200,337"
10610,"213,214,216"
10611,"1,2"
10612,"0,1"
10613,"199,323"
10614,"21,108,301"
10615,"0,1"
10616,"21,108,182"
10617,"28,29,31"
10618,"0,199,255"
10619,"0,1"
10620,"21,108,187"
10621,"0,313"
10622,"0,1"
10623,"8,514"
10624,"0,1"
10625,"28,216,257"
10626,"10,220,288"
10627,"0,1"
10628,"0,1"
10629,"3,200,337"
10630,"21,187"
10631,"0,1"
10632,"10,220,242"
10633,"265,271,340"
10634,"10,64,199"
10635,"255,271,360"
10636,"0,1"
10637,"13,21,204"
10638,"0,1"
10639,"28,29"
10640,"0,8,265"
10641,"21,265,301"
10642,"0,1"
10643,"21,108,301"
10644,"0,1"
10645,"0,271,313"
10646,"0,1"
10647,"271,444"
10648,"0,1"
10649,"10,220"
10650,"0,1"
10651,"0,11,313"
10652,"213,271,359"
10653,"0,1"
10654,"0,1"
10655,"313,397"
10656,"0,1"
10657,"271,355"
10658,"0,1"
10659,"271,355,456"
10660,"0,1"
10661,"21,187"
10662,"0,1"
10663,"31,454"
10664,"15,16"
10665,"271,355,456"
10666,"160,265,315"
10667,"0,1"
10668,"21,131,187"
10669,"0,1"
10670,"220,221"
10671,"0,1,357"
10672,"0,1"
10673,"0,1"
10674,"0,313"
10675,"265,340"
10676,"0,1"
10677,"218,271,456"
10678,"218,271,444"
10679,"0,1"
10680,"265,271,425"
10681,"271,455"
10682,"0,1"
10683,"0,1"
10684,"0,1"
10685,"145,194"
10686,"265,344,425"
10687,"0,1"
10688,"0,1"
10689,"13,296,300"
10690,"28,364"
10691,"0,1"
10692,"13,160,204"
10693,"21,182"
10694,"218,271,387"
10695,"21,124,127"
10696,"265,340"
10697,"0,1"
10698,"0,1"
10699,"0,1"
10700,"0,1"
10701,"10,220"
10702,"0,1"
10703,"10,64,271"
10704,"220,221,271"
10705,"0,1"
10706,"21,182,199"
10707,"265,340"
10708,"0,1"
10709,"1,2,483"
10710,"0,1"
10711,"271,355"
10712,"53,430"
10713,"0,1"
10714,"21,131,187"
10715,"0,271,355"
10716,"277,513"
10717,"0,1"
10718,"0,1"
10719,"0,1"
10720,"0,1"
10721,"0,1"
10722,"0,1"
10723,"271,455"
10724,"0,1"
10725,"0,1"
10726,"10,24,25"
10727,"265,273"
10728,"0,1"
10729,"0,1"
10730,"21,131,187"
10731,"0,1"
10732,"255,288,372"
10733,"265,425"
10734,"271,455"
10735,"0,1"
10736,"0,1"
10737,"21,108,301"
10738,"265,340"
10739,"0,1"
10740,"28,29,53"
10741,"0,1"
10742,"10,11"
10743,"277,413"
10744,"0,1"
10745,"0,1"
10746,"0,313,397"
10747,"0,313"
10748,"0,1"
10749,"0,1"
10750,"3,200,337"
10751,"0,1"
10752,"0,1"
10753,"24,25"
10754,"271,444"
10755,"0,313"
10756,"0,1"
10757,"28,29,44"
10758,"265,340,488"
10759,"0,1"
10760,"0,1"
10761,"44,73,296"
10762,"0,1"
10763,"0,1"
10764,"0,1"
10765,"265,340"
10766,"0,1"
10767,"3,200,337"
10768,"40,160,271"
10769,"11,160,315"
10770,"0,1"
10771,"0,1"
10772,"40,41"
10773,"8,514"
10774,"0,10,313"
10775,"0,1"
10776,"40,160"
10777,"24,25"
10778,"21,34,127"
10779,"0,271,313"
10780,"15,16,21"
10781,"10,220,242"
10782,"0,216"
10783,"277,278"
10784,"0,1"
10785,"21,131,187"
10786,"0,1"
10787,"0,1"
10788,"0,1"
10789,"0,1"
10790,"23,26,251"
10791,"0,1"
10792,"213,214,271"
10793,"265,340"
10794,"0,1"
10795,"40,41"
10796,"255,265,340"
10797,"0,1"
10798,"271,455"
10799,"28,53,430"
10800,"0,1"
10801,"199,374"
10802,"160,296,315"
10803,"21,182"
10804,"0,10,216"
10805,"0,1"
10806,"0,1"
10807,"265,340"
10808,"8,514"
10809,"0,1"
10810,"151,152,170"
10811,"11,220,221"
10812,"21,182"
10813,"271,455"
10814,"0,1"
10815,"28,29"
10816,"220,221"
10817,"0,1"
10818,"40,160"
10819,"0,1"
10820,"213,214,288"
10821,"21,301"
10822,"24,25"
10823,"0,1"
10824,"0,1"
10825,"17,28,168"
10826,"265,271,425"
10827,"28,29,38"
10828,"0,1"
10829,"0,1"
10830,"0,1"
10831,"0,1"
10832,"255,313,314"
10833,"21,131,187"
10834,"0,1"
10835,"0,1"
10836,"0,1"
10837,"0,1"
10838,"21,131,187"
10839,"0,1"
10840,"40,128,129"
10841,"0,1"
10842,"271,280"
10843,"255,271,455"
10844,"213,214,277"
10845,"0,1"
10846,"0,1"
10847,"265,271,340"
10848,"0,313"
10849,"265,340"
10850,"0,1"
10851,"0,216"
10852,"0,1,53"
10853,"8,271,455"
10854,"0,1"
10855,"0,1"
10856,"0,1"
10857,"265,271,360"
10858,"23,26,265"
10859,"0,1"
10860,"40,128,129"
10861,"160,296,315"
10862,"1,277,278"
10863,"10,24,25"
10864,"160,296,315"
10865,"64,80,448"
10866,"10,31,220"
10867,"24,25"
10868,"10,220,265"
10869,"0,1"
10870,"3,200,337"
10871,"10,24,25"
10872,"213,252,255"
10873,"199,248"
10874,"0,1"
10875,"0,271,313"
10876,"265,271,376"
10877,"0,1"
10878,"40,128,160"
10879,"0,1"
10880,"10,220,265"
10881,"11,419"
10882,"265,271,340"
10883,"0,1"
10884,"31,328"
10885,"160,296,315"
10886,"0,1"
10887,"10,64,199"
10888,"0,1"
10889,"0,1"
10890,"0,1"
10891,"0,1"
10892,"0,1"
10893,"0,1"
10894,"265,271,280"
10895,"3,21,51"
10896,"265,340"
10897,"0,265,313"
10898,"34,145,194"
10899,"0,1"
10900,"0,1"
10901,"28,170,207"
10902,"0,1"
10903,"13,21,182"
10904,"11,31,328"
10905,"0,10"
10906,"15,144"
10907,"160,296,315"
10908,"21,301"
10909,"271,455"
10910,"21,34,127"
10911,"13,160,204"
10912,"0,1"
10913,"0,1"
10914,"28,170,207"
10915,"0,1"
10916,"0,1"
10917,"265,340"
10918,"0,1"
10919,"21,145,182"
10920,"21,182"
10921,"23,251,337"
10922,"0,1"
10923,"24,25"
10924,"0,1"
10925,"21,131,187"
10926,"0,1"
10927,"0,1"
10928,"21,34,127"
10929,"0,1"
10930,"0,1"
10931,"0,1"
10932,"0,1"
10933,"265,271,340"
10934,"265,376,425"
10935,"24,25"
10936,"271,355,456"
10937,"265,425"
10938,"0,1"
10939,"13,53,389"
10940,"199,323"
10941,"0,1"
10942,"0,1,8"
10943,"0,1"
10944,"0,1"
10945,"160,315"
10946,"0,213,271"
10947,"337,339"
10948,"10,64,199"
10949,"28,29"
10950,"265,271,355"
10951,"0,1"
10952,"0,1"
10953,"0,1"
10954,"145,402"
10955,"0,1"
10956,"220,242"
10957,"265,340"
10958,"265,340"
10959,"0,1"
10960,"0,1"
10961,"21,182,271"
10962,"21,160,182"
10963,"0,313"
10964,"0,1"
10965,"0,1"
10966,"0,1"
10967,"0,1"
10968,"1,2"
10969,"0,1"
10970,"13,160,204"
10971,"271,355,456"
10972,"0,1"
10973,"0,1"
10974,"0,1"
10975,"0,1"
10976,"40,160,296"
10977,"271,455"
10978,"44,73,277"
10979,"271,288,291"
10980,"13,265,340"
10981,"13,15,16"
10982,"0,1"
10983,"0,1"
10984,"0,1"
10985,"0,1"
10986,"271,355,456"
10987,"0,40,160"
10988,"0,255"
10989,"23,24,220"
10990,"0,216,313"
10991,"0,1,2"
10992,"0,313"
10993,"44,73"
10994,"3,200,337"
10995,"21,182,265"
10996,"13,21,108"
10997,"0,1"
10998,"60,92"
10999,"0,1"
11000,"0,1"
11001,"170,436"
11002,"24,47,271"
11003,"40,128,129"
11004,"0,1"
11005,"21,108,301"
11006,"255,480"
11007,"131,184,241"
11008,"0,1"
11009,"0,1"
11010,"0,1"
11011,"10,24,25"
11012,"10,220"
11013,"0,1"
11014,"271,355,456"
11015,"24,25,271"
11016,"0,1"
11017,"0,1"
11018,"28,29,265"
11019,"0,24,25"
11020,"13,160,204"
11021,"0,1"
11022,"271,313,397"
11023,"0,1"
11024,"0,1"
11025,"0,1"
11026,"265,376,425"
11027,"13,21,108"
11028,"0,1"
11029,"0,1"
11030,"0,1"
11031,"0,1"
11032,"0,216,254"
11033,"179,271,426"
11034,"271,355,456"
11035,"0,1"
11036,"21,182"
11037,"23,26"
11038,"21,160,182"
11039,"0,1"
11040,"0,313"
11041,"213,214,288"
11042,"0,1"
11043,"265,425"
11044,"0,271,313"
11045,"288,497"
11046,"0,1"
11047,"0,1"
11048,"265,277,278"
11049,"0,1,271"
11050,"255,265,340"
11051,"296,452"
11052,"0,1"
11053,"220,221,271"
11054,"0,1"
11055,"24,25,40"
11056,"271,455"
11057,"199,382"
11058,"0,1"
11059,"0,1"
11060,"0,1"
11061,"0,10,216"
11062,"265,340"
11063,"40,131,160"
11064,"0,1"
11065,"10,64,271"
11066,"313,397"
11067,"0,1"
11068,"40,128,129"
11069,"271,280"
11070,"0,1"
11071,"40,128,129"
11072,"265,340"
11073,"10,24,25"
11074,"0,1"
11075,"0,1"
11076,"0,1"
11077,"0,1"
11078,"0,1"
11079,"0,1"
11080,"0,1"
11081,"0,277,313"
11082,"11,277,419"
11083,"0,1"
11084,"0,1"
11085,"0,1"
11086,"0,1"
11087,"0,1"
11088,"10,11,44"
11089,"0,1"
11090,"64,131,241"
11091,"0,1"
11092,"0,1"
11093,"265,376,425"
11094,"271,355,456"
11095,"53,430"
11096,"0,1"
11097,"213,359"
11098,"24,25"
11099,"0,1"
11100,"0,1"
11101,"0,1"
11102,"0,1"
11103,"265,425"
11104,"21,182"
11105,"0,1"
11106,"64,145,402"
11107,"0,1"
11108,"213,214,288"
11109,"0,1"
11110,"0,44,145"
11111,"64,145,448"
11112,"21,182"
11113,"24,49"
11114,"0,1"
11115,"0,1"
11116,"265,340"
11117,"10,23,24"
11118,"0,1"
11119,"151,152,160"
11120,"0,1"
11121,"21,108,265"
11122,"0,1,265"
11123,"0,1"
11124,"0,1"
11125,"21,301"
11126,"0,1"
11127,"0,1"
11128,"28,29,265"
11129,"40,128,129"
11130,"271,455"
11131,"0,1"
11132,"160,296,315"
11133,"0,271,366"
11134,"0,1"
11135,"0,131,241"
11136,"13,23,26"
11137,"28,364"
11138,"0,1"
11139,"17,168,277"
11140,"0,1"
11141,"0,1"
11142,"23,26,265"
11143,"0,1"
11144,"0,1"
11145,"10,220,221"
11146,"15,16"
11147,"0,1"
11148,"21,182"
11149,"0,1"
11150,"0,1"
11151,"13,160,204"
11152,"0,1,40"
11153,"0,1"
11154,"53,430"
11155,"0,1"
11156,"0,1"
11157,"0,1"
11158,"265,425,488"
11159,"26,89"
11160,"0,1"
11161,"10,220,242"
11162,"0,1"
11163,"11,419"
11164,"0,1"
11165,"0,1"
11166,"0,1"
11167,"0,1"
11168,"24,25,220"
11169,"0,1"
11170,"10,64,199"
11171,"0,1"
11172,"0,271,449"
11173,"199,248"
11174,"0,1"
11175,"0,1"
11176,"0,1"
11177,"13,21,108"
11178,"0,1"
11179,"21,182,301"
11180,"0,1"
11181,"21,34,187"
11182,"0,1"
11183,"0,1"
11184,"53,430"
11185,"0,1"
11186,"0,1"
11187,"0,1"
11188,"0,1"
11189,"40,160,271"
11190,"0,1"
11191,"0,1"
11192,"0,1"
11193,"0,1"
11194,"0,1"
11195,"0,1"
11196,"0,1"
11197,"23,26,251"
11198,"0,1"
11199,"23,251,337"
11200,"0,1"
11201,"10,64,199"
11202,"271,280"
11203,"0,28,29"
11204,"21,28,29"
11205,"0,1"
11206,"0,1"
11207,"21,124,184"
11208,"0,1"
11209,"0,21,182"
11210,"213,359"
11211,"1,2"
11212,"0,1,271"
11213,"28,29"
11214,"0,1"
11215,"10,64,145"
11216,"40,160"
11217,"10,11"
11218,"145,194,199"
11219,"0,1"
11220,"0,265,313"
11221,"23,251,337"
11222,"0,31,245"
11223,"179,265,340"
11224,"40,160"
11225,"0,1"
11226,"24,25,220"
11227,"0,1"
11228,"0,1"
11229,"0,1"
11230,"0,1,2"
11231,"160,296,315"
11232,"0,271,355"
11233,"0,1,357"
11234,"0,1"
11235,"0,1"
11236,"24,47"
11237,"0,1"
11238,"0,1"
11239,"0,1"
11240,"21,170,301"
11241,"265,340"
11242,"0,1"
11243,"0,199,313"
11244,"44,145"
11245,"255,288,484"
11246,"0,1"
11247,"10,23,24"
11248,"0,265,271"
11249,"15,16"
11250,"0,1"
11251,"40,160"
11252,"0,1,357"
11253,"199,374"
11254,"31,328"
11255,"0,1"
11256,"0,1"
11257,"0,64,80"
11258,"28,364"
11259,"0,1"
11260,"10,64,199"
11261,"10,23,24"
11262,"13,160,204"
11263,"64,448"
11264,"265,271,340"
11265,"0,1"
11266,"0,1"
11267,"271,280"
11268,"265,340"
11269,"40,139"
11270,"265,277,340"
11271,"21,127"
11272,"0,1"
11273,"0,1"
11274,"265,340"
11275,"0,31,313"
11276,"160,296,315"
11277,"0,1"
11278,"265,271,449"
11279,"265,376,425"
11280,"13,204,271"
11281,"21,182,255"
11282,"0,1"
11283,"21,131,187"
11284,"216,254,288"
11285,"271,444"
11286,"24,25"
11287,"0,1"
11288,"0,131,241"
11289,"0,1"
11290,"271,516"
11291,"0,1"
11292,"0,1"
11293,"23,26,251"
11294,"271,444"
11295,"15,16,265"
11296,"10,64,199"
11297,"0,1"
11298,"265,340"
11299,"0,1"
11300,"0,1"
11301,"0,1"
11302,"0,1"
11303,"0,1"
11304,"199,323"
11305,"213,214"
11306,"0,1"
11307,"199,323"
11308,"0,1"
11309,"265,349"
11310,"21,301"
11311,"28,364"
11312,"265,340"
11313,"24,49,199"
11314,"0,1"
11315,"0,1"
11316,"265,340"
11317,"0,1"
11318,"199,271,374"
11319,"0,1"
11320,"265,340"
11321,"64,448"
11322,"0,213,214"
11323,"10,220,242"
11324,"40,131,160"
11325,"64,145,402"
11326,"0,1,357"
11327,"0,1"
11328,"0,1"
11329,"28,518"
11330,"0,1"
11331,"199,374,382"
11332,"0,1"
11333,"21,301"
11334,"0,1"
11335,"10,220,242"
11336,"265,340"
11337,"265,340"
11338,"0,1"
11339,"0,1"
11340,"21,182"
11341,"0,271,313"
11342,"0,1"
11343,"10,220"
11344,"21,170,301"
11345,"0,1"
11346,"0,1"
11347,"0,1"
11348,"0,1"
11349,"24,25"
11350,"160,315"
11351,"40,160,271"
11352,"277,313,397"
11353,"0,1"
11354,"0,1"
11355,"0,1"
11356,"131,241,255"
11357,"24,25"
11358,"0,1"
11359,"21,131,187"
11360,"0,1"
11361,"0,1"
11362,"216,422"
11363,"17,21,168"
11364,"10,44,145"
11365,"21,48,145"
11366,"10,220,242"
11367,"0,1"
11368,"0,1"
11369,"0,1"
11370,"213,252,255"
11371,"0,313"
11372,"21,108,301"
11373,"131,145,241"
11374,"199,374"
11375,"0,255,271"
11376,"21,187,265"
11377,"1,2,220"
11378,"255,271,280"
11379,"10,220,242"
11380,"0,1"
11381,"3,200,337"
11382,"265,271,280"
11383,"21,182"
11384,"21,24,49"
11385,"24,40,49"
11386,"265,340"
11387,"0,265,313"
11388,"131,241,255"
11389,"21,301"
11390,"0,1"
11391,"0,1"
11392,"213,271,359"
11393,"0,1"
11394,"64,145,402"
11395,"10,220,242"
11396,"0,1"
11397,"0,1"
11398,"0,1"
11399,"0,271"
11400,"0,1"
11401,"21,172,271"
11402,"0,1"
11403,"265,376,425"
11404,"0,1,357"
11405,"0,1"
11406,"0,1"
11407,"10,220,288"
11408,"10,23,24"
11409,"3,200,337"
11410,"0,1"
11411,"151,152,170"
11412,"0,1"
11413,"0,1"
11414,"0,1"
11415,"0,1"
11416,"0,1"
11417,"21,182"
11418,"0,1"
11419,"0,313,397"
11420,"0,1"
11421,"0,1"
11422,"0,1"
11423,"0,1"
11424,"13,296,300"
11425,"40,128,129"
11426,"277,313,397"
11427,"0,1"
11428,"0,1"
11429,"277,413"
11430,"10,220,242"
11431,"0,1"
11432,"13,15,16"
11433,"0,1"
11434,"23,24,25"
11435,"44,145"
11436,"265,376,425"
11437,"0,255"
11438,"21,182,271"
11439,"0,1"
11440,"0,1"
11441,"0,44,145"
11442,"13,21,108"
11443,"0,1"
11444,"0,40,128"
11445,"53,296,417"
11446,"13,401"
11447,"13,160,204"
11448,"271,360,455"
11449,"0,1"
11450,"53,199,323"
11451,"23,76"
11452,"0,1"
11453,"0,1"
11454,"271,355,456"
11455,"265,340"
11456,"0,1"
11457,"10,24,25"
11458,"0,1"
11459,"23,24,25"
11460,"8,514"
11461,"271,355,456"
11462,"13,21,108"
11463,"10,23,24"
11464,"265,271,291"
11465,"13,21,204"
11466,"24,25,271"
11467,"21,265,301"
11468,"0,1"
11469,"199,382"
11470,"44,64,73"
11471,"0,1"
11472,"0,1"
11473,"8,44,145"
11474,"0,313"
11475,"21,170,301"
11476,"170,199,343"
11477,"0,1,357"
11478,"0,1"
11479,"0,1"
11480,"21,131,187"
11481,"44,145"
11482,"184,243,271"
11483,"0,1"
11484,"24,49,131"
11485,"265,376,488"
11486,"24,25,220"
11487,"15,16"
11488,"0,1"
11489,"28,518"
11490,"21,182,271"
11491,"0,1"
11492,"271,313,397"
11493,"0,1"
11494,"0,216,288"
11495,"255,313,314"
11496,"0,1"
11497,"0,1"
11498,"0,1"
11499,"199,213,323"
11500,"0,1"
11501,"265,340"
11502,"21,108,301"
11503,"28,29,271"
11504,"15,16,21"
11505,"17,56"
11506,"0,1"
11507,"3,200,337"
11508,"200,265,337"
11509,"169,311"
11510,"131,241"
11511,"0,1"
11512,"265,271,340"
11513,"64,80,131"
11514,"10,220"
11515,"0,1"
11516,"1,2,277"
11517,"131,241"
11518,"0,1"
11519,"170,436"
11520,"0,1"
11521,"151,152,265"
11522,"0,1,357"
11523,"0,1"
11524,"0,28,29"
11525,"24,25"
11526,"24,25,220"
11527,"40,131,160"
11528,"21,182"
11529,"53,430"
11530,"0,1"
11531,"28,364"
11532,"271,313,397"
11533,"0,1"
11534,"0,10"
11535,"28,29"
11536,"0,1"
11537,"10,11"
11538,"17,44,145"
11539,"0,10"
11540,"0,1"
11541,"0,1"
11542,"265,340"
11543,"0,1"
11544,"265,340"
11545,"0,1"
11546,"21,124,184"
11547,"0,1"
11548,"0,1"
11549,"41,184,215"
11550,"0,1"
11551,"0,1"
11552,"0,60,92"
11553,"160,199,315"
11554,"60,92"
11555,"38,91"
11556,"131,241"
11557,"24,25,265"
11558,"28,29,265"
11559,"0,1"
11560,"0,1"
11561,"24,25,220"
11562,"160,315"
11563,"0,1"
11564,"151,152,160"
11565,"271,444"
11566,"10,220"
11567,"199,323"
11568,"0,213,313"
11569,"0,1"
11570,"0,1"
11571,"0,1"
11572,"10,11"
11573,"0,1"
11574,"0,1"
11575,"265,340"
11576,"13,296,300"
11577,"131,145,241"
11578,"21,131,187"
11579,"0,1"
11580,"271,355,456"
11581,"0,1"
11582,"216,422"
11583,"0,1"
11584,"265,340"
11585,"0,1"
11586,"53,430"
11587,"0,1"
11588,"21,172,265"
11589,"0,1"
11590,"28,29"
11591,"151,152,160"
11592,"0,1"
11593,"21,131,187"
11594,"265,271,340"
11595,"21,131,187"
11596,"0,10"
11597,"271,288,456"
11598,"21,108,301"
11599,"0,1"
11600,"0,1"
11601,"0,1"
11602,"131,241"
11603,"0,1"
11604,"0,10,64"
11605,"265,271,355"
11606,"53,160,315"
11607,"11,419"
11608,"213,265,359"
11609,"0,1"
11610,"40,151,152"
11611,"0,1"
11612,"265,340"
11613,"53,430"
11614,"21,131,187"
11615,"0,313,397"
11616,"13,21,108"
11617,"271,277,444"
11618,"21,172"
11619,"0,1"
11620,"160,184,315"
11621,"21,24,25"
11622,"0,1"
11623,"255,372"
11624,"3,200,337"
11625,"265,340,349"
11626,"0,1"
11627,"169,311,313"
11628,"0,1"
11629,"271,455"
11630,"0,1"
11631,"0,1"
11632,"265,340"
11633,"24,25,220"
11634,"0,1"
11635,"64,448"
11636,"265,340"
11637,"216,422"
11638,"0,1"
11639,"0,1"
11640,"0,1"
11641,"0,1"
11642,"271,444"
11643,"8,514"
11644,"0,1"
11645,"21,131,187"
11646,"0,1"
11647,"0,1"
11648,"21,182"
11649,"0,1"
11650,"10,11"
11651,"265,425"
11652,"265,340"
11653,"271,288,449"
11654,"0,1"
11655,"24,25,220"
11656,"0,1"
11657,"28,29"
11658,"21,108,301"
11659,"265,376"
11660,"21,182,271"
11661,"24,25"
11662,"0,1"
11663,"10,24,25"
11664,"131,241"
11665,"21,34,127"
11666,"10,220,265"
11667,"0,1"
11668,"10,11,44"
11669,"0,1"
11670,"0,1"
11671,"53,430"
11672,"0,1"
11673,"0,1"
11674,"160,296,315"
11675,"24,25,265"
11676,"0,1"
11677,"40,160,271"
11678,"271,313,360"
11679,"8,265,340"
11680,"277,513"
11681,"0,10,313"
11682,"10,220,221"
11683,"199,323"
11684,"0,1"
11685,"21,131,187"
11686,"288,498"
11687,"0,1"
11688,"0,1"
11689,"265,271,340"
11690,"0,1"
11691,"265,313,349"
11692,"0,1"
11693,"21,182"
11694,"0,213,271"
11695,"0,1"
11696,"0,313"
11697,"288,497"
11698,"0,313"
11699,"21,160,182"
11700,"0,1"
11701,"21,34,127"
11702,"0,1"
11703,"28,29"
11704,"0,1,357"
11705,"21,48,145"
11706,"0,1"
11707,"0,1"
11708,"0,1"
11709,"277,288,476"
11710,"0,1"
11711,"0,1"
11712,"0,1"
11713,"0,1"
11714,"0,1"
11715,"0,1"
11716,"199,323"
11717,"21,131,187"
11718,"0,1"
11719,"0,1"
11720,"21,170,301"
11721,"0,1"
11722,"21,131,187"
11723,"120,121,145"
11724,"53,430"
11725,"0,288,357"
11726,"0,1"
11727,"10,11,265"
11728,"0,1"
11729,"0,1"
11730,"21,172,265"
11731,"28,29"
11732,"0,1"
11733,"0,1"
11734,"21,160,182"
11735,"0,1"
11736,"0,1"
11737,"0,1"
11738,"0,1"
11739,"0,1"
11740,"10,220,242"
11741,"11,220,221"
11742,"0,1"
11743,"0,1"
11744,"0,1"
11745,"0,1"
11746,"271,455"
11747,"271,455"
11748,"0,1"
11749,"0,1"
11750,"0,1"
11751,"0,1"
11752,"0,1"
11753,"13,204"
11754,"0,1"
11755,"21,301"
11756,"0,1"
11757,"0,1"
11758,"24,25"
11759,"40,139,153"
11760,"0,1"
11761,"0,1"
11762,"131,241,271"
11763,"44,73"
11764,"0,1"
11765,"0,1"
11766,"265,271,340"
11767,"0,1"
11768,"28,265,340"
11769,"40,160"
11770,"0,1"
11771,"0,1"
11772,"0,1"
11773,"0,1"
11774,"0,1"
11775,"0,1"
11776,"10,64,199"
11777,"0,1"
11778,"0,1"
11779,"10,11,44"
11780,"0,1"
11781,"21,131,187"
11782,"0,1"
11783,"28,29,265"
11784,"0,1"
11785,"0,1"
11786,"0,1"
11787,"0,1"
11788,"0,1"
11789,"40,160"
11790,"64,80"
11791,"0,1"
11792,"0,1"
11793,"220,221"
11794,"40,128,129"
11795,"0,1"
11796,"0,1"
11797,"0,1"
11798,"271,455"
11799,"0,1"
11800,"0,216"
11801,"0,1"
11802,"265,340"
11803,"21,108,265"
11804,"0,1"
11805,"28,29"
11806,"0,1"
11807,"21,182"
11808,"21,131,187"
11809,"64,80,448"
11810,"0,1"
11811,"145,402"
11812,"3,51"
11813,"13,21,108"
11814,"0,1"
11815,"13,53,204"
11816,"0,1"
11817,"21,182"
11818,"10,11,44"
11819,"1,2"
11820,"21,170,301"
11821,"17,56"
11822,"28,29"
11823,"23,24,220"
11824,"64,80,448"
11825,"0,1"
11826,"0,1"
11827,"28,29,271"
11828,"3,35,160"
11829,"11,13,204"
11830,"0,10"
11831,"199,374"
11832,"64,145,402"
11833,"0,1"
11834,"213,271,355"
11835,"0,1"
11836,"271,355,456"
11837,"26,350"
11838,"160,315"
11839,"21,182"
11840,"17,145,168"
11841,"0,1"
11842,"0,1"
11843,"277,278"
11844,"23,26,251"
11845,"0,1"
11846,"0,1"
11847,"0,1"
11848,"213,214"
11849,"0,1"
11850,"21,160,182"
11851,"0,313"
11852,"21,131,187"
11853,"277,288,458"
11854,"0,1"
11855,"10,131,220"
11856,"0,1"
11857,"44,145"
11858,"21,182,265"
11859,"0,1"
11860,"265,271,340"
11861,"0,1"
11862,"0,1"
11863,"10,220,221"
11864,"271,296,417"
11865,"0,1"
11866,"0,1"
11867,"0,1"
11868,"10,64,199"
11869,"3,200,337"
11870,"21,108,301"
11871,"0,313"
11872,"0,1"
11873,"0,1"
11874,"0,1"
11875,"271,313,360"
11876,"21,48,187"
11877,"145,194"
11878,"0,1"
11879,"53,430"
11880,"0,1"
11881,"0,1"
11882,"0,1"
11883,"160,296,315"
11884,"0,271,280"
11885,"271,288,456"
11886,"21,34,127"
11887,"0,1"
11888,"265,340"
11889,"0,1"
11890,"271,355"
11891,"10,220,242"
11892,"13,21,108"
11893,"296,300"
11894,"265,349"
11895,"296,452"
11896,"10,24,25"
11897,"24,25,220"
11898,"0,1"
11899,"0,1"
11900,"0,1"
11901,"21,34,127"
11902,"0,1"
11903,"0,1"
11904,"28,207"
11905,"0,1"
11906,"0,213,271"
11907,"44,45,131"
11908,"0,1"
11909,"160,199,315"
11910,"271,366"
11911,"0,1"
11912,"17,21,56"
11913,"21,301"
11914,"10,220"
11915,"0,1"
11916,"40,131,160"
11917,"0,1"
11918,"265,376"
11919,"24,25,31"
11920,"0,1"
11921,"0,1"
11922,"21,170,301"
11923,"0,1"
11924,"0,1"
11925,"13,204,296"
11926,"0,1"
11927,"271,288,456"
11928,"265,271,280"
11929,"21,182"
11930,"271,366"
11931,"0,1"
11932,"0,1"
11933,"0,1"
11934,"28,113"
11935,"21,28,182"
11936,"0,1"
11937,"199,271,374"
11938,"21,172"
11939,"0,1"
11940,"265,340"
11941,"265,340"
11942,"13,401"
11943,"0,1"
11944,"0,1"
11945,"21,131,187"
11946,"111,265,267"
11947,"0,1"
11948,"44,145"
11949,"0,1"
11950,"0,1"
11951,"0,1"
11952,"10,64,199"
11953,"10,24,25"
11954,"21,182,271"
11955,"0,271,449"
11956,"0,1"
11957,"21,131,187"
11958,"160,315"
11959,"21,301"
11960,"0,1"
11961,"0,1"
11962,"0,1"
11963,"0,1"
11964,"288,497"
11965,"0,1"
11966,"15,16,296"
11967,"21,182,301"
11968,"21,172"
11969,"0,1"
11970,"0,1"
11971,"271,455"
11972,"0,1"
11973,"0,1,357"
11974,"0,1"
11975,"0,31,255"
11976,"0,1"
11977,"0,1"
11978,"21,160,182"
11979,"10,23,24"
11980,"28,29,131"
11981,"199,248"
11982,"199,343"
11983,"64,80,271"
11984,"21,131,187"
11985,"0,1"
11986,"151,152,170"
11987,"0,265,313"
11988,"0,40,128"
11989,"0,1"
11990,"21,108,301"
11991,"0,1"
11992,"21,187"
11993,"0,1"
11994,"0,1"
11995,"8,514"
11996,"10,23,24"
11997,"0,1"
11998,"10,220,265"
11999,"0,1"
12000,"0,1"
12001,"0,1"
12002,"21,108,271"
12003,"160,315"
12004,"0,1"
12005,"40,160"
12006,"160,196,265"
12007,"0,1"
12008,"0,1"
12009,"0,1"
12010,"0,1"
12011,"0,1"
12012,"0,1"
12013,"0,1"
12014,"0,1"
12015,"271,355,456"
12016,"0,1"
12017,"21,108,301"
12018,"40,160"
12019,"265,340"
12020,"28,364"
12021,"0,1"
12022,"0,1"
12023,"0,1"
12024,"0,1"
12025,"0,1"
12026,"251,271,337"
12027,"10,220"
12028,"0,1"
12029,"0,1"
12030,"0,1"
12031,"145,194"
12032,"13,21,108"
12033,"10,64,448"
12034,"0,216,255"
12035,"21,53,301"
12036,"0,1,357"
12037,"0,1"
12038,"0,1"
12039,"21,131,187"
12040,"64,80"
12041,"10,53,64"
12042,"213,214,288"
12043,"0,1"
12044,"271,355,456"
12045,"0,1"
12046,"0,216,271"
12047,"13,24,25"
12048,"0,1"
12049,"0,1"
12050,"0,1"
12051,"1,2,265"
12052,"0,1"
12053,"0,1"
12054,"0,1"
12055,"0,1"
12056,"265,376,425"
12057,"0,1"
12058,"0,1"
12059,"0,1"
12060,"0,1"
12061,"0,1"
12062,"21,131,187"
12063,"0,1"
12064,"0,1"
12065,"0,313"
12066,"10,11"
12067,"53,430"
12068,"0,1"
12069,"10,11"
12070,"0,216,271"
12071,"288,482,497"
12072,"0,1"
12073,"271,455"
12074,"24,25"
12075,"10,220,265"
12076,"10,64,199"
12077,"10,23,26"
12078,"3,200,337"
12079,"271,455"
12080,"0,1"
12081,"160,296,315"
12082,"0,24,25"
12083,"10,11,199"
12084,"13,21,108"
12085,"0,1"
12086,"0,1"
12087,"0,1"
12088,"1,2,265"
12089,"0,1"
12090,"21,277,301"
12091,"40,160,334"
12092,"13,204,271"
12093,"10,24,25"
12094,"184,243,265"
12095,"0,1"
12096,"0,1"
12097,"0,1"
12098,"271,355,456"
12099,"271,355"
12100,"265,271,340"
12101,"0,1"
12102,"0,1"
12103,"8,514"
12104,"0,1"
12105,"10,64,199"
12106,"0,1"
12107,"0,1"
12108,"21,131,187"
12109,"0,271,313"
12110,"21,172"
12111,"199,374"
12112,"0,1"
12113,"0,1"
12114,"1,2,21"
12115,"0,1"
12116,"0,313"
12117,"0,1"
12118,"277,288,458"
12119,"13,160,204"
12120,"0,1"
12121,"265,340"
12122,"0,1"
12123,"271,444"
12124,"0,1"
12125,"0,1"
12126,"0,1"
12127,"0,1"
12128,"24,49,265"
12129,"0,255,313"
12130,"13,21,108"
12131,"21,131,187"
12132,"11,419"
12133,"0,1"
12134,"160,315"
12135,"0,1"
12136,"0,1"
12137,"213,296,300"
12138,"0,1"
12139,"21,187"
12140,"44,73,271"
12141,"10,220,221"
12142,"277,458"
12143,"0,1"
12144,"0,1"
12145,"0,1"
12146,"0,1"
12147,"24,25"
12148,"0,277,413"
12149,"10,24,25"
12150,"271,355,424"
12151,"0,1"
12152,"64,145,402"
12153,"0,1,8"
12154,"24,25"
12155,"0,10"
12156,"199,374"
12157,"0,1"
12158,"0,1"
12159,"160,315"
12160,"21,187"
12161,"0,1"
12162,"271,280,456"
12163,"10,220,242"
12164,"271,355,456"
12165,"0,1"
12166,"28,29,337"
12167,"151,152,170"
12168,"0,1"
12169,"0,1"
12170,"0,1"
12171,"28,29"
12172,"44,265,340"
12173,"199,323"
12174,"0,1"
12175,"0,1"
12176,"21,160,182"
12177,"21,131,187"
12178,"160,315"
12179,"0,1"
12180,"0,1"
12181,"213,359"
12182,"0,1"
12183,"160,315"
12184,"28,29"
12185,"28,29,271"
12186,"179,265,340"
12187,"21,108,301"
12188,"0,1"
12189,"0,249"
12190,"0,1"
12191,"271,355,456"
12192,"3,51"
12193,"10,64,199"
12194,"0,1"
12195,"265,271,340"
12196,"0,1"
12197,"23,26,251"
12198,"0,216,265"
12199,"21,131,187"
12200,"0,1,271"
12201,"0,1"
12202,"0,1"
12203,"44,53,145"
12204,"0,1"
12205,"0,1"
12206,"0,1"
12207,"0,1"
12208,"23,26,251"
12209,"0,1,271"
12210,"15,16"
12211,"0,313"
12212,"0,1"
12213,"0,1"
12214,"265,344,425"
12215,"265,340"
12216,"17,168,169"
12217,"0,1"
12218,"0,1"
12219,"15,16"
12220,"0,1"
12221,"277,476"
12222,"0,1"
12223,"213,252,255"
12224,"21,182,199"
12225,"21,160,182"
12226,"313,397"
12227,"0,1"
12228,"64,271,448"
12229,"11,28,29"
12230,"0,1"
12231,"0,1"
12232,"21,131,187"
12233,"0,1"
12234,"0,1"
12235,"11,419"
12236,"21,301"
12237,"131,241"
12238,"0,1"
12239,"0,1"
12240,"271,355,456"
12241,"0,1"
12242,"0,1"
12243,"0,1"
12244,"0,1"
12245,"160,296,315"
12246,"11,419"
12247,"255,271,360"
12248,"271,455"
12249,"0,1"
12250,"28,207"
12251,"0,1"
12252,"0,1"
12253,"265,340"
12254,"23,24,25"
12255,"0,271"
12256,"53,199,382"
12257,"0,1"
12258,"13,53,122"
12259,"0,1"
12260,"53,430"
12261,"0,1"
12262,"0,1"
12263,"0,1"
12264,"255,372"
12265,"255,484"
12266,"24,25,44"
12267,"28,29,265"
12268,"0,1"
12269,"0,1"
12270,"0,1"
12271,"0,1"
12272,"0,1"
12273,"0,1"
12274,"199,374"
12275,"44,145"
12276,"13,160,204"
12277,"0,1"
12278,"24,25"
12279,"28,29"
12280,"271,455"
12281,"0,1"
12282,"1,2,277"
12283,"0,1"
12284,"0,1"
12285,"1,2,265"
12286,"0,1"
12287,"24,25,265"
12288,"0,31,245"
12289,"21,131,187"
12290,"0,1"
12291,"0,1"
12292,"220,221,271"
12293,"0,1"
12294,"0,1"
12295,"184,271,455"
12296,"21,108,271"
12297,"0,1"
12298,"160,315"
12299,"0,1"
12300,"0,213,255"
12301,"10,64,199"
12302,"0,1"
12303,"21,131,182"
12304,"28,518"
12305,"218,271,280"
12306,"0,1"
12307,"0,1"
12308,"0,1"
12309,"0,1"
12310,"0,44,313"
12311,"0,1"
12312,"145,194"
12313,"271,455"
12314,"0,265,313"
12315,"0,1"
12316,"0,1"
12317,"0,271,313"
12318,"0,1"
12319,"0,1"
12320,"0,1"
12321,"28,271,364"
12322,"23,26,251"
12323,"271,455"
12324,"151,152,160"
12325,"13,60,92"
12326,"53,430"
12327,"0,1"
12328,"21,108,265"
12329,"277,288,458"
12330,"0,1"
12331,"0,1"
12332,"0,1"
12333,"0,1"
12334,"255,372"
12335,"265,340,349"
12336,"0,1"
12337,"0,1"
12338,"53,265,340"
12339,"0,1"
12340,"3,200,337"
12341,"0,131,241"
12342,"0,1"
12343,"216,288,380"
12344,"271,455"
12345,"0,1"
12346,"0,313"
12347,"24,25"
12348,"0,1"
12349,"0,1"
12350,"271,455"
12351,"0,1"
12352,"0,1"
12353,"40,160"
12354,"10,11,44"
12355,"265,340"
12356,"0,1"
12357,"24,25"
12358,"271,455"
12359,"23,24,25"
12360,"0,1"
12361,"265,340"
12362,"21,131,182"
12363,"271,280"
12364,"21,131,187"
12365,"13,401"
12366,"265,340"
12367,"0,1"
12368,"15,16,271"
12369,"0,1"
12370,"0,1,199"
12371,"0,1"
12372,"145,194,199"
12373,"271,280,455"
12374,"0,1"
12375,"0,1"
12376,"21,182"
12377,"199,248"
12378,"24,25,220"
12379,"0,1"
12380,"0,265,313"
12381,"0,271,313"
12382,"255,271,372"
12383,"0,1"
12384,"0,1"
12385,"31,271,328"
12386,"21,131,187"
12387,"21,131,187"
12388,"0,1"
12389,"21,187"
12390,"10,24,25"
12391,"0,1"
12392,"0,1"
12393,"0,1"
12394,"0,277,313"
12395,"10,220,221"
12396,"0,1"
12397,"0,1"
12398,"265,271,340"
12399,"0,1"
12400,"271,366"
12401,"0,313"
12402,"271,455"
12403,"0,1"
12404,"0,313"
12405,"0,1"
12406,"10,220"
12407,"0,1"
12408,"0,1"
12409,"0,1"
12410,"11,28,29"
12411,"271,313,355"
12412,"64,448"
12413,"0,1"
12414,"44,73"
12415,"21,182"
12416,"265,340"
12417,"28,518"
12418,"53,430"
12419,"28,29,40"
12420,"288,497"
12421,"24,49"
12422,"0,1"
12423,"11,419"
12424,"265,340"
12425,"21,182"
12426,"10,220"
12427,"0,1"
12428,"0,1"
12429,"151,152,170"
12430,"0,1"
12431,"0,1"
12432,"24,25,220"
12433,"13,21,108"
12434,"1,2,265"
12435,"0,1"
12436,"28,29"
12437,"28,29,265"
12438,"28,29,40"
12439,"0,1"
12440,"0,1"
12441,"0,1"
12442,"0,1"
12443,"21,131,187"
12444,"0,1"
12445,"23,24,25"
12446,"21,108,301"
12447,"0,1"
12448,"0,10"
12449,"0,1"
12450,"13,40,160"
12451,"0,1"
12452,"265,271,340"
12453,"0,1"
12454,"10,220,242"
12455,"0,1"
12456,"0,1"
12457,"10,24,25"
12458,"0,1"
12459,"271,355,456"
12460,"0,1"
12461,"0,1"
12462,"0,1"
12463,"1,277,278"
12464,"0,1"
12465,"271,455"
12466,"265,340,425"
12467,"21,34,127"
12468,"21,301"
12469,"21,34,127"
12470,"213,214,288"
12471,"23,26,251"
12472,"13,401"
12473,"0,277,313"
12474,"271,455"
12475,"0,1"
12476,"0,1"
12477,"0,1"
12478,"255,372"
12479,"0,1"
12480,"0,1"
12481,"179,265,340"
12482,"0,1"
12483,"0,1"
12484,"170,265,340"
12485,"0,1"
12486,"0,1,357"
12487,"0,1"
12488,"0,1"
12489,"1,2,131"
12490,"40,160"
12491,"21,124,184"
12492,"13,21,108"
12493,"0,1"
12494,"199,323"
12495,"131,199,241"
12496,"10,23,24"
12497,"28,53,430"
12498,"0,1"
12499,"1,277,278"
12500,"24,25"
12501,"21,131,182"
12502,"40,128,129"
12503,"0,1"
12504,"21,131,187"
12505,"0,1"
12506,"17,168,199"
12507,"21,131,187"
12508,"271,455"
12509,"271,355,456"
12510,"271,355"
12511,"0,1"
12512,"277,513"
12513,"53,430"
12514,"0,313"
12515,"0,1"
12516,"21,160,182"
12517,"213,214"
12518,"170,271,436"
12519,"1,2,21"
12520,"0,1"
12521,"13,204"
12522,"271,288,449"
12523,"0,1"
12524,"40,160"
12525,"10,53,64"
12526,"271,313,360"
12527,"213,214,288"
12528,"151,152,160"
12529,"0,1"
12530,"255,484"
12531,"0,1"
12532,"0,1"
12533,"0,1"
12534,"0,1"
12535,"21,131,187"
12536,"0,10"
12537,"160,315"
12538,"0,1"
12539,"0,1"
12540,"40,160"
12541,"0,1"
12542,"10,11,44"
12543,"0,1"
12544,"0,1"
12545,"271,280"
12546,"10,64,199"
12547,"0,1"
12548,"15,16,21"
12549,"21,182,255"
12550,"40,160"
12551,"13,21,108"
12552,"0,160,313"
12553,"0,1"
12554,"0,1"
12555,"0,1"
12556,"21,124,184"
12557,"0,1"
12558,"0,1"
12559,"10,220"
12560,"271,355,456"
12561,"0,1"
12562,"0,1"
12563,"265,271,340"
12564,"213,359"
12565,"265,271,340"
12566,"0,1"
12567,"0,271,366"
12568,"0,213,214"
12569,"255,288,480"
12570,"0,1"
12571,"0,1"
12572,"21,34,127"
12573,"0,1"
12574,"0,1"
12575,"0,1"
12576,"53,430"
12577,"11,419"
12578,"0,1"
12579,"0,1"
12580,"0,313"
12581,"44,73"
12582,"0,1"
12583,"0,1"
12584,"271,455"
12585,"0,1"
12586,"255,271,280"
12587,"265,340"
12588,"265,340"
12589,"271,288,449"
12590,"0,1"
12591,"3,200,337"
12592,"271,355,456"
12593,"0,1"
12594,"21,182"
12595,"0,1"
12596,"0,1"
12597,"24,25"
12598,"28,364"
12599,"28,29"
12600,"21,187"
12601,"28,29"
12602,"24,49"
12603,"218,269,271"
12604,"10,64,199"
12605,"265,271,425"
12606,"10,64,199"
12607,"265,340"
12608,"23,76"
12609,"0,255,271"
12610,"21,131,187"
12611,"0,1"
12612,"271,355,456"
12613,"0,1"
12614,"0,1"
12615,"0,1"
12616,"216,422"
12617,"0,1"
12618,"0,1"
12619,"0,1"
12620,"0,1"
12621,"145,402"
12622,"0,313"
12623,"0,1,271"
12624,"10,17,168"
12625,"0,1"
12626,"296,417"
12627,"0,1"
12628,"24,265,340"
12629,"0,271,449"
12630,"0,1"
12631,"11,419"
12632,"0,1,271"
12633,"255,271,355"
12634,"13,28,364"
12635,"0,1"
12636,"0,1"
12637,"0,1"
12638,"271,355,516"
12639,"0,1"
12640,"265,288,340"
12641,"0,1"
12642,"0,1"
12643,"131,241,265"
12644,"0,1"
12645,"0,24,49"
12646,"0,1"
12647,"21,108,301"
12648,"0,1"
12649,"265,340"
12650,"265,271,280"
12651,"0,1"
12652,"296,417"
12653,"17,168,199"
12654,"0,1"
12655,"21,160,182"
12656,"265,271,340"
12657,"131,241"
12658,"0,271,313"
12659,"30,117"
12660,"0,1"
12661,"13,21,204"
12662,"0,1"
12663,"265,340"
12664,"44,53,145"
12665,"0,1"
12666,"265,340"
12667,"220,221"
12668,"0,1"
12669,"64,448"
12670,"255,372"
12671,"199,382"
12672,"3,200,337"
12673,"11,419"
12674,"0,1"
12675,"0,1"
12676,"0,1"
12677,"0,1"
12678,"0,1"
12679,"0,1"
12680,"0,1"
12681,"0,10"
12682,"265,271,355"
12683,"13,24,25"
12684,"271,313,360"
12685,"40,160"
12686,"0,1"
12687,"213,359"
12688,"23,26,251"
12689,"0,1"
12690,"0,1"
12691,"10,220,242"
12692,"0,1"
12693,"0,1"
12694,"160,296,315"
12695,"44,145"
12696,"0,1"
12697,"0,1"
12698,"8,265,340"
12699,"1,2,255"
12700,"199,374"
12701,"24,49"
12702,"3,111,271"
12703,"265,340"
12704,"0,216,277"
12705,"21,131,187"
12706,"271,366"
12707,"0,1"
12708,"0,170,313"
12709,"21,172"
12710,"0,1"
12711,"0,1"
12712,"0,1"
12713,"10,220,221"
12714,"265,425"
12715,"0,213,214"
12716,"0,1"
12717,"44,73"
12718,"0,1"
12719,"10,24,25"
12720,"53,430"
12721,"0,1"
12722,"0,1"
12723,"28,29,200"
12724,"28,29,160"
12725,"0,1"
12726,"64,145,402"
12727,"21,187"
12728,"28,29"
12729,"0,1"
12730,"0,1"
12731,"271,355,456"
12732,"0,313"
12733,"21,131,187"
12734,"0,1"
12735,"265,273,296"
12736,"0,1"
12737,"265,376,425"
12738,"271,355,456"
12739,"145,194"
12740,"21,182"
12741,"10,220,242"
12742,"0,265,313"
12743,"0,1"
12744,"17,145,168"
12745,"31,245,265"
12746,"0,1"
12747,"0,213,214"
12748,"38,103,265"
12749,"0,1"
12750,"216,271,380"
12751,"0,1"
12752,"0,265,271"
12753,"0,1"
12754,"21,172"
12755,"0,1"
12756,"271,280"
12757,"13,24,49"
12758,"0,1"
12759,"0,1"
12760,"265,425,488"
12761,"0,1"
12762,"0,1"
12763,"0,1"
12764,"213,265,359"
12765,"1,2"
12766,"0,1"
12767,"0,1"
12768,"10,23,24"
12769,"24,25"
12770,"0,1"
12771,"0,313"
12772,"271,313,360"
12773,"0,1"
12774,"0,1"
12775,"21,160,182"
12776,"24,25"
12777,"0,1"
12778,"0,1"
12779,"0,1"
12780,"0,1"
12781,"0,1"
12782,"40,131,160"
12783,"0,1"
12784,"0,1,15"
12785,"0,1"
12786,"265,340"
12787,"0,1"
12788,"277,288,458"
12789,"21,131,187"
12790,"24,25"
12791,"0,1"
12792,"0,1"
12793,"265,340"
12794,"265,340"
12795,"0,1"
12796,"24,49"
12797,"10,220"
12798,"0,1"
12799,"13,21,182"
12800,"10,31,220"
12801,"0,1"
12802,"0,1"
12803,"216,380"
12804,"0,1"
12805,"271,455"
12806,"0,271,444"
12807,"0,1"
12808,"265,340"
12809,"0,1"
12810,"0,1,2"
12811,"0,1"
12812,"13,111,204"
12813,"271,355"
12814,"28,29"
12815,"21,33,74"
12816,"0,1"
12817,"21,182"
12818,"255,484"
12819,"0,1,357"
12820,"199,323"
12821,"21,182,187"
12822,"271,280"
12823,"0,1"
12824,"0,1"
12825,"0,1"
12826,"0,1"
12827,"0,1"
12828,"0,1"
12829,"13,17,122"
12830,"0,1"
12831,"0,1"
12832,"0,1"
12833,"0,1"
12834,"13,21,108"
12835,"265,340,349"
12836,"28,518"
12837,"0,1"
12838,"0,1"
12839,"10,220,221"
12840,"21,187"
12841,"0,1"
12842,"21,182,255"
12843,"0,1"
12844,"200,277,337"
12845,"0,1"
12846,"8,514"
12847,"21,28,29"
12848,"28,364"
12849,"10,220,242"
12850,"28,29,199"
12851,"271,455"
12852,"0,1"
12853,"21,131,187"
12854,"0,271,313"
12855,"0,1"
12856,"0,1"
12857,"265,340"
12858,"265,340"
12859,"10,220,221"
12860,"0,1"
12861,"0,1"
12862,"0,1"
12863,"271,280,355"
12864,"0,1"
12865,"28,29"
12866,"24,25"
12867,"0,1"
12868,"265,340"
12869,"0,1"
12870,"0,1"
12871,"0,1"
12872,"131,241"
12873,"0,1"
12874,"160,296,315"
12875,"271,355,456"
12876,"0,1"
12877,"0,1"
12878,"10,23,24"
12879,"3,200,337"
12880,"0,271,280"
12881,"0,1"
12882,"0,1"
12883,"0,1"
12884,"0,1"
12885,"0,1"
12886,"21,34,187"
12887,"0,1"
12888,"28,29"
12889,"265,340"
12890,"23,26,251"
12891,"265,340"
12892,"0,1"
12893,"0,1"
12894,"40,128,129"
12895,"0,1"
12896,"0,1"
12897,"21,160,182"
12898,"271,355,456"
12899,"265,340"
12900,"0,1"
12901,"0,1"
12902,"0,313"
12903,"0,271"
12904,"40,160"
12905,"0,1"
12906,"10,64,288"
12907,"0,1"
12908,"0,1"
12909,"0,1"
12910,"0,1"
12911,"23,26,251"
12912,"28,364"
12913,"0,1"
12914,"0,1"
12915,"1,131,241"
12916,"21,182"
12917,"0,1"
12918,"0,1"
12919,"0,1"
12920,"0,1"
12921,"0,313"
12922,"0,1"
12923,"0,1"
12924,"160,315"
12925,"220,221"
12926,"0,1"
12927,"0,1"
12928,"0,1"
12929,"0,1"
12930,"0,1"
12931,"26,89"
12932,"218,271,456"
12933,"265,340"
12934,"21,108,265"
12935,"24,25"
12936,"0,1"
12937,"0,1"
12938,"0,1"
12939,"0,271,313"
12940,"255,271,355"
12941,"271,455"
12942,"0,1"
12943,"265,340,425"
12944,"0,1"
12945,"220,221,265"
12946,"0,1"
12947,"145,493"
12948,"21,182"
12949,"53,430"
12950,"21,182,255"
12951,"24,25,44"
12952,"0,1"
12953,"0,1"
12954,"0,1"
12955,"255,271,455"
12956,"0,1"
12957,"0,1"
12958,"0,296,313"
12959,"0,1"
12960,"0,1"
12961,"0,1"
12962,"0,313"
12963,"0,1"
12964,"23,26,251"
12965,"131,241"
12966,"0,1"
12967,"8,271,455"
12968,"199,374"
12969,"28,29,64"
12970,"0,1"
12971,"0,1"
12972,"0,1"
12973,"10,220,265"
12974,"1,2,255"
12975,"13,204"
12976,"271,355"
12977,"40,44,160"
12978,"11,419"
12979,"0,1"
12980,"17,168,265"
12981,"145,194,199"
12982,"160,296,315"
12983,"53,184,243"
12984,"21,34,127"
12985,"212,216,277"
12986,"131,199,241"
12987,"145,194"
12988,"0,1"
12989,"0,1"
12990,"0,1"
12991,"10,220"
12992,"0,1"
12993,"255,480"
12994,"265,271,340"
12995,"0,10"
12996,"0,1"
12997,"0,1"
12998,"21,131,187"
12999,"0,1"
13000,"21,111,267"
13001,"53,430"
13002,"0,1"
13003,"0,1"
13004,"0,313"
13005,"0,1"
13006,"0,1"
13007,"131,241"
13008,"216,288,422"
13009,"271,455"
13010,"0,1"
13011,"255,480"
13012,"24,59,199"
13013,"13,401"
13014,"0,1"
13015,"23,24,44"
13016,"271,355,456"
13017,"0,1"
13018,"21,182"
13019,"213,214,288"
13020,"31,245"
13021,"13,401"
13022,"0,1"
13023,"0,1"
13024,"0,1"
13025,"0,1"
13026,"21,131,187"
13027,"40,41,160"
13028,"10,40,160"
13029,"265,271,449"
13030,"213,359"
13031,"0,1"
13032,"0,1"
13033,"0,1"
13034,"0,1"
13035,"271,313,355"
13036,"0,1"
13037,"0,1"
13038,"0,1"
13039,"265,340"
13040,"199,374"
13041,"35,36,40"
13042,"220,221"
13043,"213,359"
13044,"0,1"
13045,"0,1"
13046,"0,1"
13047,"3,200,337"
13048,"0,1"
13049,"0,1"
13050,"0,1"
13051,"213,359"
13052,"0,1"
13053,"0,1"
13054,"40,128,129"
13055,"21,34,127"
13056,"0,1"
13057,"271,444"
13058,"40,128,129"
13059,"0,1"
13060,"40,128,129"
13061,"0,28,29"
13062,"53,430"
13063,"0,1"
13064,"21,131,187"
13065,"13,21,108"
13066,"0,1,271"
13067,"21,131,187"
13068,"0,1"
13069,"21,187,271"
13070,"199,382"
13071,"10,220"
13072,"0,1"
13073,"13,199,382"
13074,"0,1"
13075,"0,1"
13076,"0,1"
13077,"0,1"
13078,"0,1"
13079,"0,1"
13080,"10,64,271"
13081,"0,271,357"
13082,"24,25"
13083,"0,1"
13084,"0,1"
13085,"0,1"
13086,"0,1"
13087,"21,265,301"
13088,"0,1"
13089,"0,1"
13090,"1,2,40"
13091,"0,1"
13092,"199,374"
13093,"0,1"
13094,"21,301"
13095,"271,444"
13096,"0,1"
13097,"21,108,301"
13098,"0,249"
13099,"0,1"
13100,"0,1"
13101,"220,221"
13102,"0,1"
13103,"0,1"
13104,"28,29,337"
13105,"0,1"
13106,"60,92,296"
13107,"0,1"
13108,"0,1"
13109,"40,128,129"
13110,"0,1"
13111,"0,1"
13112,"10,11"
13113,"160,296,315"
13114,"0,1"
13115,"296,452"
13116,"10,220,271"
13117,"0,1"
13118,"21,301"
13119,"0,1"
13120,"3,35,40"
13121,"11,419"
13122,"21,131,187"
13123,"21,172,271"
13124,"0,1"
13125,"0,1"
13126,"13,21,108"
13127,"145,402"
13128,"21,124,184"
13129,"0,1"
13130,"13,277,278"
13131,"271,455"
13132,"0,199,313"
13133,"199,374"
13134,"10,64,80"
13135,"0,1"
13136,"265,340"
13137,"199,323"
13138,"0,40,128"
13139,"21,24,182"
13140,"0,1"
13141,"0,1"
13142,"31,290"
13143,"271,355,456"
13144,"21,182"
13145,"10,11,151"
13146,"21,131,187"
13147,"0,1"
13148,"213,214,288"
13149,"199,374"
13150,"10,220,265"
13151,"17,28,56"
13152,"21,131,187"
13153,"265,271,449"
13154,"10,11,44"
13155,"21,301"
13156,"0,1"
13157,"21,182"
13158,"1,277,278"
13159,"0,1"
13160,"44,73,199"
13161,"0,1"
13162,"265,340"
13163,"0,1"
13164,"0,1"
13165,"0,1"
13166,"0,1"
13167,"10,11,419"
13168,"11,220,221"
13169,"21,182"
13170,"60,277,414"
13171,"24,49"
13172,"0,1"
13173,"0,1"
13174,"53,265,340"
13175,"265,340"
13176,"0,1"
13177,"0,1"
13178,"23,26,251"
13179,"0,213,271"
13180,"0,213,313"
13181,"0,1"
13182,"10,64,199"
13183,"0,10"
13184,"0,1"
13185,"0,1"
13186,"0,1"
13187,"10,24,25"
13188,"0,313"
13189,"0,1"
13190,"0,1"
13191,"0,1"
13192,"64,80"
13193,"0,1"
13194,"170,271,436"
13195,"0,1,357"
13196,"21,199,301"
13197,"0,271,444"
13198,"21,187"
13199,"0,1"
13200,"265,340"
13201,"24,25,160"
13202,"0,1"
13203,"0,1"
13204,"220,221"
13205,"10,23,24"
13206,"0,1"
13207,"0,1"
13208,"0,1"
13209,"0,1"
13210,"0,1"
13211,"0,44,313"
13212,"0,1"
13213,"0,1"
13214,"0,1"
13215,"0,1"
13216,"0,1"
13217,"13,204,288"
13218,"11,28,364"
13219,"265,340"
13220,"0,1"
13221,"64,80"
13222,"31,328"
13223,"0,1,28"
13224,"0,1"
13225,"0,1"
13226,"0,1"
13227,"21,182"
13228,"24,25"
13229,"0,1"
13230,"0,1"
13231,"0,1"
13232,"13,296,300"
13233,"277,413"
13234,"40,131,160"
13235,"0,1"
13236,"0,255"
13237,"21,34,127"
13238,"1,2"
13239,"0,1"
13240,"10,220,271"
13241,"0,216"
13242,"40,131,160"
13243,"10,24,25"
13244,"21,182"
13245,"10,220"
13246,"64,145,402"
13247,"0,1"
13248,"13,21,108"
13249,"0,1"
13250,"265,271,355"
13251,"13,401"
13252,"10,24,25"
13253,"0,1"
13254,"0,10"
13255,"64,80,145"
13256,"21,108,265"
13257,"21,131,187"
13258,"265,340"
13259,"0,1"
13260,"0,1"
13261,"0,1"
13262,"160,296,315"
13263,"0,1"
13264,"10,64,199"
13265,"0,1"
13266,"11,220,221"
13267,"0,131,241"
13268,"0,1"
13269,"10,11"
13270,"265,273,296"
13271,"10,64,199"
13272,"8,514"
13273,"160,315"
13274,"0,1"
13275,"271,313,397"
13276,"0,1"
13277,"0,1"
13278,"44,145"
13279,"0,1"
13280,"0,1"
13281,"1,2,265"
13282,"0,1"
13283,"28,29,271"
13284,"64,288,448"
13285,"0,1"
13286,"28,364"
13287,"40,160,271"
13288,"0,1"
13289,"0,1"
13290,"0,10"
13291,"0,1"
13292,"0,1"
13293,"0,1,357"
13294,"255,484"
13295,"0,1"
13296,"21,108,301"
13297,"0,1"
13298,"4,176"
13299,"11,28,29"
13300,"0,1"
13301,"271,355,456"
13302,"0,1"
13303,"271,355,456"
13304,"0,1"
13305,"10,24,25"
13306,"288,497"
13307,"271,444"
13308,"213,252,255"
13309,"0,1"
13310,"10,23,24"
13311,"3,200,337"
13312,"199,323"
13313,"21,182,277"
13314,"28,364"
13315,"296,417"
13316,"0,1"
13317,"0,1"
13318,"0,1"
13319,"213,359"
13320,"0,271,313"
13321,"0,1"
13322,"0,1"
13323,"28,29,265"
13324,"0,1"
13325,"21,271,301"
13326,"0,1,357"
13327,"0,1"
13328,"0,213,313"
13329,"0,1"
13330,"21,131,187"
13331,"265,277,425"
13332,"265,271,360"
13333,"21,131,187"
13334,"0,1"
13335,"0,1"
13336,"0,1"
13337,"0,1"
13338,"0,1"
13339,"0,313"
13340,"0,1"
13341,"0,1"
13342,"0,1"
13343,"0,1"
13344,"0,1"
13345,"24,25"
13346,"271,355,456"
13347,"28,364"
13348,"0,1"
13349,"21,28,29"
13350,"17,168,184"
13351,"265,425"
13352,"265,340"
13353,"8,271,456"
13354,"44,145,160"
13355,"0,1"
13356,"21,34,127"
13357,"0,1"
13358,"40,128,129"
13359,"0,40,128"
13360,"0,1"
13361,"10,11,44"
13362,"21,108,301"
13363,"0,265,313"
13364,"0,1"
13365,"0,10"
13366,"53,430"
13367,"0,1"
13368,"0,1"
13369,"0,1"
13370,"40,160"
13371,"218,271,456"
13372,"0,271,280"
13373,"0,1"
13374,"0,271,313"
13375,"60,92"
13376,"0,1"
13377,"0,1"
13378,"40,160"
13379,"0,1"
13380,"0,1"
13381,"21,170,301"
13382,"296,452"
13383,"10,23,24"
13384,"28,29,265"
13385,"271,455"
13386,"271,444"
13387,"265,271,340"
13388,"11,220,221"
13389,"0,1"
13390,"0,1"
13391,"255,480"
13392,"0,10"
13393,"0,1"
13394,"31,271,328"
13395,"0,1"
13396,"53,430"
13397,"60,92"
13398,"0,1"
13399,"10,11"
13400,"10,24,25"
13401,"28,29"
13402,"0,1"
13403,"0,1"
13404,"17,40,160"
13405,"10,145,220"
13406,"160,315"
13407,"0,1"
13408,"0,1"
13409,"21,31,290"
13410,"0,1"
13411,"0,213,271"
13412,"0,1"
13413,"21,44,73"
13414,"0,1"
13415,"0,1"
13416,"0,1"
13417,"0,1"
13418,"160,296,315"
13419,"0,1"
13420,"0,1"
13421,"0,313,397"
13422,"218,271,355"
13423,"271,455"
13424,"17,145,168"
13425,"288,497"
13426,"28,518"
13427,"0,1"
13428,"40,128,129"
13429,"21,131,182"
13430,"0,1"
13431,"28,131,241"
13432,"0,1"
13433,"21,182"
13434,"0,10,216"
13435,"21,301"
13436,"271,355,456"
13437,"265,340"
13438,"271,355,456"
13439,"0,1"
13440,"265,340"
13441,"0,1"
13442,"10,24,25"
13443,"265,340"
13444,"21,182"
13445,"0,1"
13446,"21,172,277"
13447,"0,1"
13448,"0,1"
13449,"13,160,315"
13450,"0,1"
13451,"21,131,187"
13452,"24,49"
13453,"0,1"
13454,"0,1"
13455,"0,1"
13456,"3,200,337"
13457,"0,1"
13458,"21,131,187"
13459,"0,1"
13460,"0,1"
13461,"271,456"
13462,"60,92"
13463,"21,131,187"
13464,"265,271,425"
13465,"0,1"
13466,"0,1"
13467,"0,1"
13468,"0,28,29"
13469,"218,271,280"
13470,"200,271,337"
13471,"0,1"
13472,"0,1"
13473,"21,182"
13474,"265,340"
13475,"0,1"
13476,"0,1"
13477,"184,199,243"
13478,"0,1"
13479,"28,29"
13480,"0,1"
13481,"40,160"
13482,"271,355,456"
13483,"0,1"
13484,"28,29"
13485,"0,1"
13486,"0,1"
13487,"1,2,271"
13488,"0,1"
13489,"0,1"
13490,"0,1"
13491,"40,131,160"
13492,"265,376,425"
13493,"21,182,296"
13494,"0,271,313"
13495,"0,1"
13496,"21,131,187"
13497,"0,1"
13498,"28,518"
13499,"21,301"
13500,"0,1"
13501,"21,182"
13502,"169,311"
13503,"21,160,182"
13504,"23,26,251"
13505,"0,1"
13506,"40,160,265"
13507,"40,128,129"
13508,"21,131,187"
13509,"0,1"
13510,"0,1"
13511,"0,1"
13512,"160,255,315"
13513,"0,1"
13514,"0,1"
13515,"21,170,301"
13516,"21,131,187"
13517,"0,1"
13518,"21,187"
13519,"265,271,340"
13520,"265,340"
13521,"0,1"
13522,"0,1"
13523,"265,340"
13524,"0,1"
13525,"0,213,214"
13526,"0,1,357"
13527,"24,49"
13528,"17,168,199"
13529,"13,401"
13530,"218,271,456"
13531,"8,160,196"
13532,"13,296,300"
13533,"10,220"
13534,"0,1"
13535,"0,1"
13536,"0,1"
13537,"0,1"
13538,"23,26,251"
13539,"0,1"
13540,"265,340"
13541,"0,1"
13542,"0,1"
13543,"169,271,311"
13544,"10,64,199"
13545,"277,513"
13546,"0,1"
13547,"28,255,364"
13548,"0,1"
13549,"0,1"
13550,"271,355,456"
13551,"0,1"
13552,"0,1,313"
13553,"31,328"
13554,"0,1"
13555,"11,199,323"
13556,"0,1"
13557,"265,340"
13558,"0,1"
13559,"271,444"
13560,"3,51,265"
13561,"131,241"
13562,"0,1"
13563,"0,1"
13564,"53,199,248"
13565,"10,24,25"
13566,"21,124,184"
13567,"0,1"
13568,"255,288,484"
13569,"21,41,182"
13570,"0,1"
13571,"0,1,357"
13572,"21,182,271"
13573,"0,1"
13574,"0,1"
13575,"21,301"
13576,"0,1"
13577,"0,1"
13578,"145,402"
13579,"0,1"
13580,"0,1"
13581,"40,131,160"
13582,"0,1"
13583,"0,1"
13584,"0,1"
13585,"53,430"
13586,"41,184,215"
13587,"10,131,241"
13588,"24,25"
13589,"0,1"
13590,"21,131,187"
13591,"271,291,444"
13592,"0,1"
13593,"0,1"
13594,"0,1"
13595,"199,323"
13596,"271,355,424"
13597,"28,364"
13598,"0,1,357"
13599,"21,131,187"
13600,"0,1,357"
13601,"0,1"
13602,"28,29"
13603,"0,1"
13604,"0,255"
13605,"0,1"
13606,"0,1"
13607,"21,187"
13608,"0,1"
13609,"265,271,425"
13610,"0,1"
13611,"60,92"
13612,"0,1"
13613,"28,29"
13614,"13,21,108"
13615,"265,340,425"
13616,"0,1"
13617,"0,1"
13618,"0,1"
13619,"0,1"
13620,"13,160,204"
13621,"21,301"
13622,"265,340"
13623,"13,21,108"
13624,"0,1"
13625,"0,1"
13626,"0,1"
13627,"0,1"
13628,"17,168,271"
13629,"21,108,301"
13630,"44,73"
13631,"179,265,340"
13632,"0,1"
13633,"21,131,187"
13634,"28,29,40"
13635,"0,213,271"
13636,"0,1"
13637,"0,1"
13638,"0,1"
13639,"0,1"
13640,"0,1"
13641,"0,313"
13642,"0,1"
13643,"40,128,129"
13644,"265,340"
13645,"0,1"
13646,"0,1"
13647,"24,49,60"
13648,"24,47"
13649,"0,1,10"
13650,"11,199,382"
13651,"271,280"
13652,"13,15,16"
13653,"53,430"
13654,"10,23,24"
13655,"220,221"
13656,"0,1"
13657,"21,108,160"
13658,"0,1"
13659,"0,1"
13660,"0,1"
13661,"0,1"
13662,"64,448"
13663,"8,514"
13664,"0,1"
13665,"21,131,182"
13666,"10,220"
13667,"24,59"
13668,"1,2,288"
13669,"0,1"
13670,"0,1"
13671,"0,1"
13672,"0,1"
13673,"0,1"
13674,"0,1"
13675,"53,430"
13676,"0,271"
13677,"220,221"
13678,"265,271,340"
13679,"0,1"
13680,"0,1"
13681,"10,64,199"
13682,"0,1"
13683,"0,1,271"
13684,"28,29"
13685,"0,1"
13686,"213,359"
13687,"10,220,221"
13688,"0,1"
13689,"0,1"
13690,"271,455"
13691,"21,131,187"
13692,"0,1"
13693,"0,1"
13694,"10,64,199"
13695,"0,1"
13696,"44,145"
13697,"199,271,374"
13698,"0,1"
13699,"0,1"
13700,"0,1"
13701,"0,1"
13702,"0,1"
13703,"10,24,25"
13704,"10,24,59"
13705,"10,64,199"
13706,"265,376"
13707,"0,1"
13708,"0,1"
13709,"0,1"
13710,"0,1"
13711,"120,121,145"
13712,"0,1"
13713,"265,288,340"
13714,"21,182,255"
13715,"271,355,456"
13716,"1,2,271"
13717,"0,1"
13718,"0,1"
13719,"160,315"
13720,"271,444"
13721,"0,1"
13722,"21,160,182"
13723,"0,1"
13724,"296,300"
13725,"0,1"
13726,"21,170,301"
13727,"13,21,108"
13728,"169,311"
13729,"13,53,204"
13730,"271,355,456"
13731,"0,1"
13732,"13,401"
13733,"8,28,29"
13734,"0,1"
13735,"0,1"
13736,"0,1"
13737,"0,1"
13738,"10,220"
13739,"0,271,288"
13740,"0,1"
13741,"277,278"
13742,"0,1"
13743,"277,288,458"
13744,"0,1"
13745,"0,1"
13746,"21,182,288"
13747,"10,64,199"
13748,"24,25,271"
13749,"8,514"
13750,"0,1"
13751,"0,1"
13752,"0,1"
13753,"28,271,310"
13754,"0,1"
13755,"0,1"
13756,"28,518"
13757,"0,1"
13758,"0,1"
13759,"21,182"
13760,"0,1"
13761,"0,249"
13762,"24,25,220"
13763,"0,1"
13764,"13,160,204"
13765,"271,455"
13766,"0,1"
13767,"265,425,488"
13768,"0,1"
13769,"0,1"
13770,"271,355,444"
13771,"13,204,255"
13772,"0,1"
13773,"0,1"
13774,"0,10"
13775,"0,64,313"
13776,"145,194"
13777,"0,1"
13778,"199,382"
13779,"0,1"
13780,"199,382"
13781,"21,172"
13782,"131,241"
13783,"0,1"
13784,"0,1"
13785,"0,1"
13786,"0,1"
13787,"0,1"
13788,"8,514"
13789,"21,182"
13790,"0,313"
13791,"131,241"
13792,"0,1"
13793,"0,1"
13794,"0,28,29"
13795,"23,24,220"
13796,"64,80,448"
13797,"151,152,170"
13798,"0,1"
13799,"0,1"
13800,"0,1"
13801,"13,15,16"
13802,"151,152,160"
13803,"17,168"
13804,"0,1"
13805,"40,128,129"
13806,"0,251,313"
13807,"10,220,221"
13808,"0,1"
13809,"28,364"
13810,"24,49"
13811,"24,25"
13812,"0,1"
13813,"0,1"
13814,"28,29"
13815,"271,455"
13816,"255,372"
13817,"21,53,182"
13818,"10,64,199"
13819,"0,1"
13820,"0,1"
13821,"21,182"
13822,"0,271,355"
13823,"13,401"
13824,"213,359"
13825,"0,131,241"
13826,"0,1"
13827,"271,455"
13828,"0,1"
13829,"169,311"
13830,"271,355,456"
13831,"17,168,313"
13832,"265,340"
13833,"0,1"
13834,"0,179,271"
13835,"0,1"
13836,"218,271,456"
13837,"10,64,145"
13838,"28,265,340"
13839,"271,288,449"
13840,"0,21,182"
13841,"0,1"
13842,"199,323"
13843,"265,340"
13844,"0,1"
13845,"220,221"
13846,"0,1"
13847,"265,376,425"
13848,"0,1"
13849,"0,1"
13850,"0,1"
13851,"0,1"
13852,"0,1"
13853,"0,1"
13854,"131,241"
13855,"271,360,455"
13856,"0,1"
13857,"10,213,359"
13858,"271,288,456"
13859,"265,340"
13860,"271,455,456"
13861,"10,220,221"
13862,"160,315"
13863,"139,153,271"
13864,"265,271,449"
13865,"10,220,221"
13866,"139,140"
13867,"64,271,448"
13868,"10,64,199"
13869,"21,172,271"
13870,"28,29,53"
13871,"0,1"
13872,"0,255"
13873,"0,1"
13874,"0,1"
13875,"271,280"
13876,"131,241"
13877,"40,128,129"
13878,"160,315"
13879,"0,1"
13880,"0,1"
13881,"10,64,271"
13882,"0,1"
13883,"145,194"
13884,"0,1"
13885,"28,29,277"
13886,"265,340"
13887,"10,23,24"
13888,"0,1"
13889,"38,39,40"
13890,"0,216,254"
13891,"131,241"
13892,"0,1"
13893,"0,1"
13894,"23,26,251"
13895,"199,323"
13896,"60,92"
13897,"288,498"
13898,"0,1"
13899,"0,1"
13900,"35,36,40"
13901,"0,1,271"
13902,"21,131,187"
13903,"0,1"
13904,"0,1"
13905,"265,271,340"
13906,"199,374"
13907,"0,1"
13908,"0,1"
13909,"40,131,160"
13910,"11,28,29"
13911,"0,1"
13912,"271,280"
13913,"0,1"
13914,"0,1"
13915,"10,220,242"
13916,"271,355,456"
13917,"0,1"
13918,"0,1"
13919,"0,1"
13920,"0,1"
13921,"0,1"
13922,"0,1"
13923,"31,145,194"
13924,"265,340"
13925,"0,1"
13926,"13,160,204"
13927,"0,1"
13928,"199,374"
13929,"0,1"
13930,"0,1"
13931,"53,265,340"
13932,"271,455"
13933,"44,145"
13934,"0,1"
13935,"199,271,374"
13936,"151,152,160"
13937,"0,1"
13938,"8,270"
13939,"0,1"
13940,"24,25"
13941,"0,1"
13942,"296,300"
13943,"0,1"
13944,"24,25"
13945,"0,1"
13946,"24,25"
13947,"0,313"
13948,"0,1"
13949,"0,1"
13950,"0,1"
13951,"0,1"
13952,"0,265,313"
13953,"0,1"
13954,"0,1"
13955,"0,1"
13956,"21,182,265"
13957,"199,382"
13958,"296,428,452"
13959,"0,1"
13960,"0,1"
13961,"10,64,199"
13962,"0,1"
13963,"0,1"
13964,"0,1"
13965,"0,1"
13966,"13,265,340"
13967,"265,288,376"
13968,"0,1,8"
13969,"0,271,313"
13970,"0,1"
13971,"0,1"
13972,"0,1"
13973,"0,1"
13974,"265,376,425"
13975,"21,172,255"
13976,"0,21,182"
13977,"0,288,357"
13978,"0,1"
13979,"1,2"
13980,"0,1"
13981,"271,455"
13982,"8,160,196"
13983,"160,196"
13984,"44,73,265"
13985,"160,315"
13986,"0,1"
13987,"24,25"
13988,"170,436"
13989,"21,170,301"
13990,"40,53,160"
13991,"0,199,216"
13992,"0,1"
13993,"265,340"
13994,"0,1"
13995,"0,1"
13996,"40,53,160"
13997,"265,340"
13998,"0,1"
13999,"0,1"
14000,"0,1"
14001,"0,1"
14002,"21,182"
14003,"0,271"
14004,"0,1"
14005,"265,340"
14006,"21,31,172"
14007,"0,1"
14008,"288,497"
14009,"220,221"
14010,"10,64,199"
14011,"0,1"
14012,"53,430"
14013,"21,108"
14014,"213,359"
14015,"265,271,360"
14016,"21,182"
14017,"21,131,187"
14018,"40,128,129"
14019,"0,1"
14020,"265,271,340"
14021,"0,1"
14022,"0,1"
14023,"0,1"
14024,"0,1"
14025,"21,301"
14026,"0,1"
14027,"40,131,160"
14028,"216,380,422"
14029,"21,131,187"
14030,"213,359"
14031,"28,170,207"
14032,"21,301"
14033,"265,340"
14034,"24,25"
14035,"0,1"
14036,"271,455"
14037,"53,265,376"
14038,"0,1"
14039,"0,1"
14040,"41,184,215"
14041,"0,1"
14042,"0,1"
14043,"10,64,199"
14044,"169,311"
14045,"0,1"
14046,"3,200,337"
14047,"24,25,31"
14048,"0,1"
14049,"0,1"
14050,"0,1"
14051,"0,1"
14052,"0,1"
14053,"11,220,221"
14054,"21,271,301"
14055,"0,1"
14056,"0,1,271"
14057,"23,26,251"
14058,"0,1"
14059,"0,1"
14060,"179,265,340"
14061,"8,28,29"
14062,"40,131,160"
14063,"0,1"
14064,"21,169,182"
14065,"44,73"
14066,"11,265,419"
14067,"160,315"
14068,"21,34,127"
14069,"0,313"
14070,"23,251,337"
14071,"0,1"
14072,"0,1"
14073,"0,271,313"
14074,"0,265,271"
14075,"199,323"
14076,"170,199,343"
14077,"0,1"
14078,"11,220,221"
14079,"0,1"
14080,"213,214,288"
14081,"0,1"
14082,"13,160,204"
14083,"0,1"
14084,"28,53,430"
14085,"0,1"
14086,"40,160,315"
14087,"0,1"
14088,"40,128,129"
14089,"40,128,129"
14090,"0,1"
14091,"0,1"
14092,"0,1"
14093,"0,1"
14094,"0,1"
14095,"60,92,271"
14096,"0,1"
14097,"53,430"
14098,"170,265,340"
14099,"0,1"
14100,"0,1"
14101,"0,10,220"
14102,"21,182"
14103,"0,1"
14104,"160,315"
14105,"0,1"
14106,"265,340"
14107,"0,1"
14108,"0,1"
14109,"0,1"
14110,"0,1"
14111,"38,39"
14112,"255,484"
14113,"21,131,187"
14114,"60,92"
14115,"13,21,108"
14116,"0,1"
14117,"0,1"
14118,"0,1"
14119,"0,1"
14120,"10,220,242"
14121,"21,172"
14122,"10,64,199"
14123,"21,182"
14124,"160,296,315"
14125,"13,21,108"
14126,"0,1"
14127,"0,1"
14128,"0,1"
14129,"0,1"
14130,"296,452"
14131,"21,127,255"
14132,"212,216,254"
14133,"0,1"
14134,"24,49"
14135,"170,199,343"
14136,"0,1,2"
14137,"10,220"
14138,"10,11"
14139,"0,216,277"
14140,"271,366"
14141,"0,216,288"
14142,"0,1"
14143,"0,1"
14144,"24,49"
14145,"0,271,313"
14146,"0,1"
14147,"21,131,187"
14148,"0,1"
14149,"28,518"
14150,"0,271,444"
14151,"1,2"
14152,"220,221,271"
14153,"271,288,449"
14154,"255,265,340"
14155,"1,277,278"
14156,"0,1"
14157,"0,1"
14158,"0,216,254"
14159,"13,21,108"
14160,"0,1"
14161,"21,160,182"
14162,"131,241,265"
14163,"145,194,199"
14164,"0,1"
14165,"0,1"
14166,"265,340"
14167,"0,1"
14168,"21,131,187"
14169,"220,242"
14170,"10,23,24"
14171,"0,1"
14172,"0,1"
14173,"199,323"
14174,"10,220,242"
14175,"40,131,160"
14176,"0,1"
14177,"265,340"
14178,"40,53,160"
14179,"170,337,339"
14180,"0,1"
14181,"0,1"
14182,"0,1"
14183,"0,1"
14184,"40,145,160"
14185,"0,1"
14186,"265,271,340"
14187,"0,1"
14188,"13,21,108"
14189,"0,1"
14190,"0,1"
14191,"8,514"
14192,"0,1,271"
14193,"26,89,350"
14194,"0,1"
14195,"21,160,182"
14196,"17,145,168"
14197,"0,1"
14198,"265,376"
14199,"0,1"
14200,"44,73"
14201,"271,355,456"
14202,"0,1"
14203,"265,340"
14204,"0,1"
14205,"0,1"
14206,"131,241,265"
14207,"0,1"
14208,"0,1"
14209,"313,397"
14210,"265,271,340"
14211,"151,152,265"
14212,"111,199,282"
14213,"0,1"
14214,"0,313"
14215,"0,1"
14216,"265,271,340"
14217,"74,317"
14218,"0,1,2"
14219,"0,1"
14220,"0,1"
14221,"271,355"
14222,"0,1"
14223,"21,131,187"
14224,"0,1"
14225,"0,1"
14226,"160,315"
14227,"28,29"
14228,"0,1"
14229,"0,1"
14230,"40,160"
14231,"10,11"
14232,"24,47,271"
14233,"0,1"
14234,"0,213,271"
14235,"0,1"
14236,"0,1"
14237,"10,64,199"
14238,"23,26,28"
14239,"0,271,280"
14240,"0,1"
14241,"0,1"
14242,"0,1"
14243,"10,23,24"
14244,"0,1"
14245,"28,29,265"
14246,"179,265,340"
14247,"0,1"
14248,"1,277,278"
14249,"160,196"
14250,"23,26,28"
14251,"0,1"
14252,"21,108,301"
14253,"10,220,288"
14254,"271,313,397"
14255,"40,41"
14256,"0,1"
14257,"10,220,242"
14258,"10,220"
14259,"0,1"
14260,"23,26,251"
14261,"0,1"
14262,"21,160,187"
14263,"0,1"
14264,"1,2,21"
14265,"0,1"
14266,"0,1"
14267,"0,1"
14268,"10,64,199"
14269,"265,271,280"
14270,"271,444"
14271,"199,281"
14272,"220,221,265"
14273,"21,301"
14274,"0,1"
14275,"0,1"
14276,"13,160,204"
14277,"3,200,337"
14278,"0,1"
14279,"0,1"
14280,"0,1"
14281,"271,455"
14282,"0,1"
14283,"0,1"
14284,"0,1"
14285,"0,1"
14286,"199,323"
14287,"0,1"
14288,"0,1"
14289,"0,313"
14290,"0,1"
14291,"21,182"
14292,"0,1,271"
14293,"0,1"
14294,"10,64,145"
14295,"0,1"
14296,"10,220"
14297,"265,271,340"
14298,"265,271,280"
14299,"255,271,280"
14300,"271,355,456"
14301,"0,1"
14302,"0,1"
14303,"0,1"
14304,"10,145,220"
14305,"0,1"
14306,"21,160,182"
14307,"0,313"
14308,"64,145,402"
14309,"0,1"
14310,"21,124,184"
14311,"0,1"
14312,"0,271,355"
14313,"10,220,288"
14314,"28,29"
14315,"0,1"
14316,"0,1"
14317,"1,2"
14318,"21,131,187"
14319,"28,364"
14320,"28,53,364"
14321,"0,1"
14322,"0,1"
14323,"265,271,280"
14324,"265,340"
14325,"271,313,397"
14326,"0,1"
14327,"0,1"
14328,"271,355,456"
14329,"0,1"
14330,"0,64,80"
14331,"0,1"
14332,"0,1"
14333,"179,265,340"
14334,"21,131,187"
14335,"28,29"
14336,"0,1"
14337,"1,2,265"
14338,"1,2,277"
14339,"44,45,288"
14340,"11,419"
14341,"0,213,255"
14342,"0,1"
14343,"170,436"
14344,"0,1"
14345,"0,1"
14346,"40,128,129"
14347,"0,1"
14348,"13,21,108"
14349,"0,1"
14350,"21,131,187"
14351,"24,43,277"
14352,"216,254,255"
14353,"145,194,199"
14354,"0,1"
14355,"0,1"
14356,"10,220,242"
14357,"0,1"
14358,"10,64,199"
14359,"10,220"
14360,"10,24,25"
14361,"0,277,313"
14362,"21,182"
14363,"0,1"
14364,"265,340"
14365,"0,1"
14366,"28,29"
14367,"0,1"
14368,"21,108,301"
14369,"21,131,187"
14370,"0,1"
14371,"64,145,402"
14372,"0,1"
14373,"0,1"
14374,"265,376,425"
14375,"0,1"
14376,"28,29,271"
14377,"0,1"
14378,"24,25"
14379,"216,257"
14380,"0,213,271"
14381,"265,340"
14382,"265,271,340"
14383,"265,340"
14384,"0,1"
14385,"199,281"
14386,"0,218,313"
14387,"15,16,145"
14388,"0,1"
14389,"145,194"
14390,"265,340"
14391,"40,128,129"
14392,"28,60,92"
14393,"199,323"
14394,"21,131,187"
14395,"0,1"
14396,"21,131,187"
14397,"21,182"
14398,"0,1"
14399,"40,128,129"
14400,"255,480"
14401,"0,1"
14402,"8,514"
14403,"0,1"
14404,"0,10"
14405,"21,182,265"
14406,"0,1"
14407,"0,1"
14408,"0,1"
14409,"21,131,187"
14410,"170,199,281"
14411,"0,1"
14412,"0,1"
14413,"10,220,221"
14414,"277,513"
14415,"265,271,376"
14416,"13,296,300"
14417,"10,38,220"
14418,"0,1"
14419,"0,1"
14420,"0,1"
14421,"0,1"
14422,"28,518"
14423,"0,1"
14424,"0,1"
14425,"0,31,313"
14426,"11,151,152"
14427,"10,220,242"
14428,"0,288,357"
14429,"10,64,448"
14430,"3,21,124"
14431,"0,1"
14432,"0,1"
14433,"0,1"
14434,"0,1"
14435,"53,271,430"
14436,"0,1"
14437,"28,364"
14438,"28,364"
14439,"0,1"
14440,"21,131,187"
14441,"23,26,251"
14442,"0,1"
14443,"0,1"
14444,"131,241"
14445,"23,251,337"
14446,"0,1"
14447,"0,1"
14448,"28,518"
14449,"0,313"
14450,"0,1"
14451,"0,1"
14452,"21,131,187"
14453,"0,1"
14454,"0,1"
14455,"0,1"
14456,"60,92"
14457,"0,1"
14458,"0,1,357"
14459,"0,1"
14460,"8,53,430"
14461,"265,273"
14462,"265,271,280"
14463,"64,288,448"
14464,"10,24,25"
14465,"0,1"
14466,"3,200,337"
14467,"199,374"
14468,"199,271,355"
14469,"0,1"
14470,"0,313"
14471,"31,296,328"
14472,"0,1"
14473,"0,1"
14474,"271,355,456"
14475,"10,11,313"
14476,"0,1"
14477,"0,313"
14478,"60,92"
14479,"265,340"
14480,"23,26,40"
14481,"0,1"
14482,"0,1"
14483,"21,187"
14484,"0,1"
14485,"160,196"
14486,"199,382"
14487,"0,1"
14488,"21,182"
14489,"0,1"
14490,"131,241"
14491,"296,417"
14492,"0,1"
14493,"0,1"
14494,"31,328"
14495,"21,131,187"
14496,"0,1"
14497,"21,111,267"
14498,"0,1"
14499,"0,1"
14500,"40,160"
14501,"17,56"
14502,"265,340"
14503,"0,64,313"
14504,"13,204,277"
14505,"0,1"
14506,"265,376,425"
14507,"0,1"
14508,"199,323"
14509,"0,1"
14510,"13,204,277"
14511,"24,49"
14512,"10,23,24"
14513,"0,1"
14514,"0,1"
14515,"271,366"
14516,"40,128,129"
14517,"0,1"
14518,"0,1"
14519,"0,1"
14520,"0,1"
14521,"0,1"
14522,"24,25,220"
14523,"0,1"
14524,"13,401"
14525,"3,200,337"
14526,"0,1"
14527,"0,1"
14528,"0,271"
14529,"0,1"
14530,"53,430"
14531,"0,1"
14532,"21,182"
14533,"255,484"
14534,"255,372"
14535,"0,1"
14536,"0,1"
14537,"0,216"
14538,"131,184,241"
14539,"0,1"
14540,"0,1"
14541,"265,271,340"
14542,"10,11"
14543,"21,108,182"
14544,"271,455"
14545,"40,160"
14546,"199,323"
14547,"0,1"
14548,"0,1"
14549,"10,220,265"
14550,"53,430"
14551,"0,1"
14552,"145,194,199"
14553,"0,313"
14554,"40,131,160"
14555,"277,313,397"
14556,"0,1"
14557,"21,131,187"
14558,"0,1"
14559,"0,1"
14560,"30,117"
14561,"10,24,25"
14562,"0,1"
14563,"0,1"
14564,"3,200,337"
14565,"0,1"
14566,"0,1"
14567,"271,291,444"
14568,"0,1"
14569,"0,1"
14570,"0,1"
14571,"21,277,301"
14572,"31,271,328"
14573,"0,313"
14574,"28,29,255"
14575,"40,160"
14576,"220,221,265"
14577,"0,1"
14578,"160,315"
14579,"0,1"
14580,"10,23,24"
14581,"0,1"
14582,"10,296,417"
14583,"0,1"
14584,"10,220,221"
14585,"21,131,187"
14586,"10,64,199"
14587,"151,152,160"
14588,"0,1"
14589,"21,34,127"
14590,"0,1"
14591,"24,49"
14592,"0,1"
14593,"0,1"
14594,"0,1"
14595,"0,10"
14596,"0,1"
14597,"8,514"
14598,"0,313"
14599,"24,49"
14600,"28,29"
14601,"13,122,265"
14602,"271,455"
14603,"0,1"
14604,"0,1"
14605,"0,21,172"
14606,"0,1"
14607,"0,1"
14608,"0,1"
14609,"0,271,313"
14610,"0,213,313"
14611,"21,108,301"
14612,"0,1"
14613,"0,1"
14614,"0,1"
14615,"10,64,199"
14616,"10,64,199"
14617,"160,315"
14618,"10,11,44"
14619,"0,1"
14620,"288,497"
14621,"8,514"
14622,"24,25,265"
14623,"0,1"
14624,"0,1"
14625,"0,313"
14626,"265,340"
14627,"131,199,241"
14628,"0,1"
14629,"0,1"
14630,"0,1"
14631,"0,1"
14632,"0,1"
14633,"220,221"
14634,"0,1"
14635,"0,1"
14636,"21,40,160"
14637,"10,220,242"
14638,"0,1"
14639,"0,1"
14640,"0,1"
14641,"0,1"
14642,"0,1"
14643,"10,220,242"
14644,"160,315"
14645,"0,1"
14646,"0,1"
14647,"0,1"
14648,"0,1"
14649,"0,28,29"
14650,"24,25"
14651,"160,296,315"
14652,"0,1"
14653,"0,1"
14654,"0,1"
14655,"0,1"
14656,"0,1"
14657,"0,1"
14658,"0,1"
14659,"0,1"
14660,"0,1"
14661,"40,160,199"
14662,"0,21,182"
14663,"0,1"
14664,"0,1"
14665,"13,21,108"
14666,"10,220,265"
14667,"21,182,271"
14668,"24,49"
14669,"3,200,337"
14670,"0,1"
14671,"0,1"
14672,"0,1"
14673,"0,1"
14674,"21,131,187"
14675,"13,21,108"
14676,"0,60,92"
14677,"15,16,21"
14678,"0,1"
14679,"21,160,182"
14680,"265,271,340"
14681,"170,436"
14682,"0,1"
14683,"21,131,187"
14684,"0,1"
14685,"21,182"
14686,"131,145,241"
14687,"213,359"
14688,"131,241"
14689,"0,1"
14690,"21,131,187"
14691,"74,317"
14692,"17,168"
14693,"0,1"
14694,"21,124,184"
14695,"0,1"
14696,"40,131,160"
14697,"0,44,145"
14698,"265,340"
14699,"0,1"
14700,"0,1"
14701,"0,1"
14702,"53,265,340"
14703,"131,241"
14704,"21,265,301"
14705,"0,1"
14706,"170,265,376"
14707,"0,1"
14708,"0,1"
14709,"0,1"
14710,"213,214"
14711,"160,296,315"
14712,"0,1"
14713,"271,277,280"
14714,"0,1"
14715,"0,1"
14716,"0,216"
14717,"44,73"
14718,"0,1"
14719,"23,26,251"
14720,"0,1"
14721,"0,1"
14722,"44,145,271"
14723,"0,1"
14724,"265,340"
14725,"23,24,220"
14726,"0,10,313"
14727,"265,271,340"
14728,"28,29"
14729,"0,1"
14730,"0,1"
14731,"265,271,340"
14732,"0,1"
14733,"21,108,301"
14734,"23,24,25"
14735,"0,1"
14736,"0,1"
14737,"0,1"
14738,"255,271,455"
14739,"255,288,372"
14740,"23,24,25"
14741,"0,10,220"
14742,"53,430"
14743,"0,1"
14744,"41,184,215"
14745,"10,220"
14746,"0,1"
14747,"271,280,355"
14748,"10,213,220"
14749,"21,124,184"
14750,"0,1"
14751,"10,64,199"
14752,"213,214,288"
14753,"24,25,31"
14754,"0,313"
14755,"0,1"
14756,"0,213,313"
14757,"0,1"
14758,"0,1"
14759,"265,340"
14760,"21,301"
14761,"0,1"
14762,"218,271,456"
14763,"0,313"
14764,"170,199,343"
14765,"28,364"
14766,"0,1"
14767,"28,29"
14768,"0,1"
14769,"0,1"
14770,"255,288,372"
14771,"0,1"
14772,"265,271,280"
14773,"0,1"
14774,"0,1"
14775,"265,340"
14776,"0,1"
14777,"0,1"
14778,"0,1"
14779,"0,1"
14780,"265,349"
14781,"0,1"
14782,"271,355,456"
14783,"0,1"
14784,"0,1"
14785,"0,1"
14786,"0,1"
14787,"24,25"
14788,"0,131,241"
14789,"64,145,448"
14790,"0,1"
14791,"3,35,160"
14792,"64,199,323"
14793,"0,1"
14794,"24,25"
14795,"0,1"
14796,"28,29,169"
14797,"0,1"
14798,"160,315"
14799,"40,128,129"
14800,"0,1"
14801,"145,194,199"
14802,"271,444"
14803,"3,200,337"
14804,"0,1"
14805,"288,497"
14806,"0,1"
14807,"265,340"
14808,"60,92"
14809,"0,1"
14810,"21,182,265"
14811,"265,340"
14812,"216,288,354"
14813,"0,1"
14814,"0,1"
14815,"28,310"
14816,"0,1"
14817,"53,393"
14818,"220,221"
14819,"23,251,337"
14820,"0,1"
14821,"21,265,301"
14822,"21,131,187"
14823,"0,1"
14824,"40,160"
14825,"0,1"
14826,"3,200,337"
14827,"271,280,355"
14828,"0,1"
14829,"0,1"
14830,"0,1"
14831,"0,1"
14832,"10,220,221"
14833,"10,11"
14834,"213,214"
14835,"0,1"
14836,"199,374"
14837,"13,21,108"
14838,"0,1"
14839,"10,23,24"
14840,"0,1,357"
14841,"265,340"
14842,"8,514"
14843,"0,1"
14844,"0,1"
14845,"21,28,29"
14846,"0,313"
14847,"21,108,301"
14848,"0,1"
14849,"21,108,301"
14850,"10,220,242"
14851,"170,436"
14852,"169,199,311"
14853,"271,355"
14854,"0,1"
14855,"271,355,456"
14856,"0,313"
14857,"0,1"
14858,"28,29"
14859,"21,182"
14860,"0,179,313"
14861,"265,340"
14862,"0,21,182"
14863,"21,33,74"
14864,"0,1"
14865,"0,1"
14866,"0,1"
14867,"3,51"
14868,"0,313"
14869,"255,265,340"
14870,"0,1"
14871,"10,11"
14872,"0,1"
14873,"0,1"
14874,"10,220,242"
14875,"0,1"
14876,"17,145,168"
14877,"0,1"
14878,"10,220,242"
14879,"131,241"
14880,"0,1"
14881,"271,444"
14882,"3,200,337"
14883,"24,49"
14884,"199,382"
14885,"21,182"
14886,"8,308"
14887,"0,1"
14888,"21,182"
14889,"0,1"
14890,"265,340"
14891,"0,313"
14892,"0,1"
14893,"21,187"
14894,"21,131,187"
14895,"0,1,357"
14896,"0,1"
14897,"0,265,313"
14898,"0,1"
14899,"277,458"
14900,"0,313"
14901,"21,170,301"
14902,"0,1"
14903,"0,216,254"
14904,"0,1"
14905,"0,1"
14906,"10,11,288"
14907,"151,152,170"
14908,"40,53,160"
14909,"0,213,214"
14910,"13,21,108"
14911,"0,1"
14912,"10,220"
14913,"13,21,182"
14914,"265,271,340"
14915,"10,64,199"
14916,"0,1"
14917,"0,1"
14918,"21,187"
14919,"28,29,199"
14920,"60,92,271"
14921,"0,1"
14922,"0,1"
14923,"0,1"
14924,"271,355,456"
14925,"277,288,458"
14926,"0,1"
14927,"10,11,44"
14928,"0,1"
14929,"0,1"
14930,"0,1"
14931,"0,1"
14932,"0,313"
14933,"10,220"
14934,"0,10"
14935,"0,1"
14936,"0,213,214"
14937,"265,340"
14938,"0,1"
14939,"0,1"
14940,"0,1"
14941,"10,220"
14942,"21,131,187"
14943,"0,1"
14944,"0,1"
14945,"271,455"
14946,"271,455"
14947,"0,1"
14948,"0,1"
14949,"0,1"
14950,"0,1"
14951,"0,1"
14952,"0,1"
14953,"0,313"
14954,"21,24,182"
14955,"28,29"
14956,"60,92"
14957,"0,1"
14958,"13,17,168"
14959,"60,92"
14960,"21,187"
14961,"38,103"
14962,"0,1"
14963,"255,271,280"
14964,"0,1,357"
14965,"28,29"
14966,"0,1"
14967,"0,1"
14968,"0,1"
14969,"0,1"
14970,"0,313"
14971,"40,41"
14972,"0,1"
14973,"0,1"
14974,"271,291,444"
14975,"0,1"
14976,"213,359"
14977,"0,271,313"
14978,"0,1"
14979,"0,1"
14980,"199,277,382"
14981,"0,1"
14982,"0,1"
14983,"271,296,417"
14984,"169,311"
14985,"271,355,456"
14986,"10,220,265"
14987,"0,1"
14988,"0,1"
14989,"0,1"
14990,"28,29,265"
14991,"44,73,145"
14992,"271,355,456"
14993,"0,1"
14994,"0,1"
14995,"0,1"
14996,"0,1"
14997,"0,1"
14998,"0,1"
14999,"0,1"
15000,"40,160,315"
15001,"0,1"
15002,"21,131,187"
15003,"0,1"
15004,"0,1"
15005,"0,1"
15006,"0,1"
15007,"0,1"
15008,"24,49"
15009,"184,494"
15010,"21,187,277"
15011,"24,47"
15012,"160,271,315"
15013,"13,160,204"
15014,"21,131,187"
15015,"0,1"
15016,"213,359"
15017,"21,108,301"
15018,"13,64,401"
15019,"0,1"
15020,"0,1"
15021,"0,1"
15022,"160,296,315"
15023,"0,1"
15024,"21,111,267"
15025,"0,1"
15026,"21,187,265"
15027,"0,1"
15028,"0,1"
15029,"0,1"
15030,"169,311"
15031,"216,422"
15032,"13,21,108"
15033,"265,340"
15034,"0,1"
15035,"3,51"
15036,"145,194"
15037,"0,1"
15038,"255,271,360"
15039,"0,1"
15040,"10,24,25"
15041,"13,160,204"
15042,"23,26,251"
15043,"0,1"
15044,"0,1"
15045,"265,340"
15046,"0,1"
15047,"271,280"
15048,"0,1"
15049,"53,430"
15050,"0,1"
15051,"21,182,265"
15052,"131,241"
15053,"265,340"
15054,"0,271,288"
15055,"21,182"
15056,"271,455"
15057,"0,1"
15058,"213,214"
15059,"271,355,456"
15060,"0,1"
15061,"0,1"
15062,"21,182"
15063,"160,196"
15064,"0,1"
15065,"199,323"
15066,"21,131,187"
15067,"199,343"
15068,"277,278"
15069,"0,145,194"
15070,"271,455"
15071,"21,182"
15072,"13,21,108"
15073,"0,1"
15074,"0,1"
15075,"17,56,288"
15076,"21,131,187"
15077,"0,1"
15078,"23,24,25"
15079,"265,340"
15080,"0,1"
15081,"0,313"
15082,"0,1"
15083,"199,323"
15084,"0,1"
15085,"0,1"
15086,"10,220,221"
15087,"265,288,340"
15088,"0,1"
15089,"265,271,280"
15090,"271,455"
15091,"21,108,301"
15092,"17,56,160"
15093,"0,1"
15094,"28,29"
15095,"0,1"
15096,"0,1"
15097,"0,1"
15098,"0,1,2"
15099,"21,131,187"
15100,"265,340"
15101,"0,1"
15102,"0,1"
15103,"3,200,337"
15104,"21,301"
15105,"265,349,425"
15106,"0,1"
15107,"0,271,355"
15108,"0,1"
15109,"0,1"
15110,"0,1"
15111,"0,1"
15112,"160,296,315"
15113,"0,1"
15114,"13,160,204"
15115,"0,1"
15116,"0,1"
15117,"218,271,456"
15118,"0,313"
15119,"265,425"
15120,"160,196,265"
15121,"0,1"
15122,"0,313"
15123,"0,1"
15124,"21,172"
15125,"0,1"
15126,"21,182"
15127,"23,24,25"
15128,"277,288,476"
15129,"0,1"
15130,"0,1"
15131,"0,265,313"
15132,"0,1"
15133,"0,1"
15134,"21,182,265"
15135,"53,430"
15136,"0,1"
15137,"0,1"
15138,"40,160,315"
15139,"0,1"
15140,"0,8,313"
15141,"40,160"
15142,"0,1"
15143,"0,1"
15144,"10,24,25"
15145,"0,1"
15146,"21,131,187"
15147,"0,1"
15148,"0,313"
15149,"0,1"
15150,"0,313"
15151,"0,1"
15152,"10,23,24"
15153,"145,194"
15154,"1,2"
15155,"0,1"
15156,"0,1"
15157,"296,420"
15158,"0,1"
15159,"21,301"
15160,"0,1"
15161,"111,282"
15162,"21,108,301"
15163,"0,1"
15164,"10,24,25"
15165,"0,1"
15166,"0,1"
15167,"160,296,315"
15168,"28,364"
15169,"151,152,170"
15170,"0,1"
15171,"21,182"
15172,"0,1"
15173,"0,1"
15174,"271,444"
15175,"0,1"
15176,"10,11,419"
15177,"0,1"
15178,"60,414"
15179,"13,296,300"
15180,"21,131,187"
15181,"1,21,182"
15182,"10,220"
15183,"24,25,53"
15184,"0,1"
15185,"0,1"
15186,"0,1"
15187,"0,1"
15188,"0,28,271"
15189,"10,220,265"
15190,"265,271,340"
15191,"0,1"
15192,"21,108,301"
15193,"40,128,129"
15194,"3,51,265"
15195,"0,313"
15196,"271,444"
15197,"21,301"
15198,"21,108,301"
15199,"0,1"
15200,"0,1"
15201,"40,128,129"
15202,"0,1"
15203,"0,1"
15204,"0,313"
15205,"265,425,488"
15206,"13,296,300"
15207,"21,127,265"
15208,"0,1"
15209,"0,1"
15210,"24,25,220"
15211,"24,25"
15212,"28,271,364"
15213,"0,1"
15214,"28,29"
15215,"0,1"
15216,"271,355,456"
15217,"21,160,182"
15218,"0,1"
15219,"13,21,108"
15220,"11,31,328"
15221,"1,2,288"
15222,"0,1"
15223,"271,313,360"
15224,"271,355,456"
15225,"0,1"
15226,"21,131,187"
15227,"0,1"
15228,"0,1"
15229,"0,1"
15230,"21,131,187"
15231,"0,313"
15232,"0,1"
15233,"41,184,215"
15234,"160,296,315"
15235,"0,10,220"
15236,"28,29,265"
15237,"199,271,374"
15238,"0,1"
15239,"10,24,25"
15240,"8,514"
15241,"0,313"
15242,"0,1"
15243,"170,265,425"
15244,"10,64,199"
15245,"21,108,301"
15246,"10,64,199"
15247,"0,1,357"
15248,"28,40,160"
15249,"0,1"
15250,"21,265,301"
15251,"0,1"
15252,"145,402"
15253,"10,64,199"
15254,"0,1"
15255,"0,1"
15256,"255,265,340"
15257,"0,1"
15258,"0,1"
15259,"0,1"
15260,"44,73,265"
15261,"0,1"
15262,"24,47"
15263,"0,1"
15264,"0,1"
15265,"60,92"
15266,"0,1"
15267,"40,41"
15268,"0,1"
15269,"21,131,187"
15270,"265,340,425"
15271,"21,187"
15272,"1,277,278"
15273,"10,220,271"
15274,"23,24,220"
15275,"21,172,265"
15276,"0,1"
15277,"135,141"
15278,"21,160,182"
15279,"0,1"
15280,"0,1"
15281,"13,21,108"
15282,"0,1"
15283,"0,1"
15284,"0,1"
15285,"28,29"
15286,"21,108,301"
15287,"0,1"
15288,"0,1"
15289,"0,1"
15290,"0,1"
15291,"0,1"
15292,"3,200,337"
15293,"3,200,337"
15294,"0,1"
15295,"0,1"
15296,"10,220,242"
15297,"0,1"
15298,"265,340"
15299,"199,343"
15300,"40,139,153"
15301,"34,145,194"
15302,"21,108,265"
15303,"0,1,24"
15304,"0,1"
15305,"0,1"
15306,"8,40,160"
15307,"0,1"
15308,"21,182"
15309,"10,44,145"
15310,"0,1"
15311,"0,1"
15312,"170,436"
15313,"0,1"
15314,"13,296,300"
15315,"0,1"
15316,"0,213,313"
15317,"0,1"
15318,"21,182"
15319,"0,1,255"
15320,"0,1"
15321,"40,160"
15322,"0,1"
15323,"0,1"
15324,"1,2,40"
15325,"216,265,340"
15326,"0,1"
15327,"0,265,271"
15328,"53,430"
15329,"0,1"
15330,"0,1"
15331,"0,1"
15332,"0,1"
15333,"0,1"
15334,"10,24,25"
15335,"21,108,265"
15336,"0,1"
15337,"21,131,187"
15338,"17,21,56"
15339,"0,1,216"
15340,"265,349"
15341,"0,1"
15342,"0,1"
15343,"21,182"
15344,"271,280"
15345,"0,1"
15346,"0,1"
15347,"255,372"
15348,"0,1"
15349,"21,301"
15350,"21,182"
15351,"0,1,271"
15352,"169,311"
15353,"21,131,187"
15354,"271,444"
15355,"24,25,199"
15356,"0,1"
15357,"0,1"
15358,"0,313"
15359,"0,1"
15360,"265,271,349"
15361,"0,1"
15362,"21,182,265"
15363,"265,340"
15364,"0,10,220"
15365,"151,152,160"
15366,"0,60,92"
15367,"296,452"
15368,"0,1"
15369,"271,291,444"
15370,"21,131,187"
15371,"0,1"
15372,"60,92"
15373,"0,1"
15374,"0,1"
15375,"64,145,402"
15376,"13,160,204"
15377,"0,1"
15378,"265,271,340"
15379,"0,1"
15380,"0,1"
15381,"288,497"
15382,"13,15,16"
15383,"0,1"
15384,"0,1"
15385,"265,340"
15386,"0,1"
15387,"213,359"
15388,"0,44,313"
15389,"0,1"
15390,"11,220,221"
15391,"0,1"
15392,"21,28,182"
15393,"265,340"
15394,"0,255"
15395,"271,455"
15396,"0,1"
15397,"40,160,334"
15398,"10,24,25"
15399,"10,220,221"
15400,"199,323"
15401,"255,313,372"
15402,"199,323"
15403,"21,172,277"
15404,"0,271,313"
15405,"199,323"
15406,"11,220,221"
15407,"0,1"
15408,"0,271,313"
15409,"21,182,199"
15410,"0,1"
15411,"0,1"
15412,"265,271,280"
15413,"11,220,221"
15414,"0,255"
15415,"277,313,397"
15416,"11,419"
15417,"0,1"
15418,"10,220,242"
15419,"0,1"
15420,"0,1"
15421,"0,1"
15422,"0,1"
15423,"40,160,271"
15424,"0,1"
15425,"0,216,271"
15426,"0,1,271"
15427,"0,1"
15428,"0,1"
15429,"0,277,413"
15430,"0,1"
15431,"0,1"
15432,"0,1"
15433,"0,1"
15434,"0,1"
15435,"0,10"
15436,"21,131,187"
15437,"21,182"
15438,"10,220"
15439,"0,1"
15440,"23,26,28"
15441,"23,26,199"
15442,"0,313"
15443,"40,128,129"
15444,"40,128,271"
15445,"265,340"
15446,"0,1"
15447,"145,194,265"
15448,"40,139"
15449,"40,128,129"
15450,"40,53,160"
15451,"0,1"
15452,"160,184,243"
15453,"40,139,153"
15454,"271,455"
15455,"21,108,301"
15456,"0,1"
15457,"23,26,251"
15458,"265,340"
15459,"53,199,374"
15460,"0,313"
15461,"0,1"
15462,"11,419"
15463,"0,1"
15464,"218,271,456"
15465,"0,1"
15466,"0,1"
15467,"0,1"
15468,"0,1"
15469,"111,265,267"
15470,"44,64,145"
15471,"0,288,313"
15472,"271,313,360"
15473,"13,204,213"
15474,"0,1"
15475,"265,312,340"
15476,"199,382"
15477,"0,10"
15478,"40,139"
15479,"0,1"
15480,"0,1"
15481,"0,1"
15482,"44,73,145"
15483,"0,1"
15484,"0,1"
15485,"0,1"
15486,"199,382"
15487,"216,254,288"
15488,"15,16,131"
15489,"0,1"
15490,"255,265,340"
15491,"0,1"
15492,"31,328"
15493,"21,265,301"
15494,"271,455"
15495,"199,323"
15496,"0,1"
15497,"0,255"
15498,"0,271,313"
15499,"0,1"
15500,"0,271,313"
15501,"265,340"
15502,"0,1"
15503,"0,1"
15504,"0,1"
15505,"28,29"
15506,"40,128,129"
15507,"21,131,187"
15508,"0,1"
15509,"0,1"
15510,"0,1"
15511,"271,355,456"
15512,"24,25"
15513,"28,310"
15514,"0,1"
15515,"31,245"
15516,"271,455"
15517,"0,1"
15518,"0,1"
15519,"40,41,215"
15520,"199,323"
15521,"24,25"
15522,"0,1"
15523,"0,1"
15524,"0,1"
15525,"0,1"
15526,"13,296,300"
15527,"3,200,337"
15528,"296,452"
15529,"265,349"
15530,"28,29,277"
15531,"24,25"
15532,"0,1"
15533,"0,1"
15534,"0,1"
15535,"21,182"
15536,"265,271,340"
15537,"0,1"
15538,"10,64,199"
15539,"0,1"
15540,"145,194,199"
15541,"271,277,455"
15542,"0,1"
15543,"28,29"
15544,"0,1"
15545,"0,1"
15546,"271,455"
15547,"8,514"
15548,"13,21,108"
15549,"111,265,267"
15550,"0,1"
15551,"0,1"
15552,"0,1"
15553,"0,1"
15554,"0,1"
15555,"271,355,456"
15556,"0,1"
15557,"0,1"
15558,"4,19"
15559,"0,1"
15560,"13,21,108"
15561,"10,23,24"
15562,"13,15,16"
15563,"0,1"
15564,"0,1"
15565,"21,182,265"
15566,"0,1"
15567,"0,1"
15568,"0,1"
15569,"265,349,425"
15570,"0,1"
15571,"28,29"
15572,"0,1"
15573,"0,1"
15574,"21,187"
15575,"0,265,313"
15576,"0,1"
15577,"0,1"
15578,"28,518"
15579,"0,1"
15580,"0,265,313"
15581,"0,271,455"
15582,"184,243,296"
15583,"277,288,458"
15584,"131,241,265"
15585,"23,24,220"
15586,"265,425"
15587,"271,355,456"
15588,"21,131,187"
15589,"0,1"
15590,"160,296,315"
15591,"0,1"
15592,"53,430"
15593,"0,1"
15594,"41,184,215"
15595,"24,25,38"
15596,"0,1"
15597,"0,1"
15598,"0,1"
15599,"0,1,271"
15600,"0,1"
15601,"265,340"
15602,"0,1"
15603,"199,374"
15604,"0,1"
15605,"10,220"
15606,"277,278"
15607,"0,1"
15608,"265,313,340"
15609,"0,1"
15610,"265,340"
15611,"0,131,241"
15612,"0,1"
15613,"0,1"
15614,"0,1"
15615,"10,220"
15616,"8,514"
15617,"40,128,271"
15618,"0,1"
15619,"0,1"
15620,"0,1,357"
15621,"0,1"
15622,"60,92"
15623,"139,153"
15624,"0,1"
15625,"0,1"
15626,"277,513"
15627,"0,1"
15628,"0,1"
15629,"0,1"
15630,"0,1"
15631,"160,315"
15632,"265,271,280"
15633,"0,1"
15634,"15,16"
15635,"213,359"
15636,"10,28,64"
15637,"0,1"
15638,"64,145,402"
15639,"23,76"
15640,"218,271,456"
15641,"10,11"
15642,"0,249"
15643,"13,21,108"
15644,"0,1"
15645,"131,241,265"
15646,"0,313"
15647,"0,1"
15648,"21,172,265"
15649,"21,131,187"
15650,"0,1,160"
15651,"0,1"
15652,"0,1"
15653,"271,355,456"
15654,"0,1"
15655,"0,1"
15656,"0,1"
15657,"0,1"
15658,"0,1"
15659,"0,40,128"
15660,"0,1"
15661,"131,241"
15662,"0,1"
15663,"10,23,24"
15664,"0,271,355"
15665,"170,199,374"
15666,"265,340"
15667,"0,1"
15668,"271,366"
15669,"0,1"
15670,"0,1"
15671,"255,372"
15672,"0,1"
15673,"10,220,242"
15674,"0,1"
15675,"0,1"
15676,"265,425,488"
15677,"265,340"
15678,"199,374"
15679,"24,25"
15680,"199,281"
15681,"0,1"
15682,"0,1,357"
15683,"213,214,288"
15684,"53,430"
15685,"0,1"
15686,"0,1"
15687,"23,26,251"
15688,"131,241,271"
15689,"0,1"
15690,"271,288,456"
15691,"53,271,430"
15692,"0,1"
15693,"10,11"
15694,"271,455"
15695,"265,271,340"
15696,"0,1"
15697,"0,1"
15698,"24,49"
15699,"0,1"
15700,"0,1"
15701,"0,1"
15702,"0,249"
15703,"0,1"
15704,"265,340"
15705,"0,1"
15706,"0,1"
15707,"277,513"
15708,"265,340"
15709,"0,271,313"
15710,"0,1"
15711,"21,108,301"
15712,"21,182"
15713,"0,1"
15714,"0,1"
15715,"21,131,187"
15716,"0,1"
15717,"271,455"
15718,"40,128,129"
15719,"0,1"
15720,"10,23,24"
15721,"21,182"
15722,"0,1"
15723,"13,21,204"
15724,"0,1"
15725,"0,1"
15726,"28,29,296"
15727,"8,145,194"
15728,"0,1"
15729,"0,1"
15730,"271,366"
15731,"13,21,108"
15732,"0,265,313"
15733,"8,271,355"
15734,"265,340"
15735,"21,127,200"
15736,"13,401"
15737,"265,271,360"
15738,"0,1"
15739,"0,1"
15740,"24,49"
15741,"0,1"
15742,"271,366"
15743,"265,340,425"
15744,"10,220"
15745,"271,444"
15746,"0,1"
15747,"0,1"
15748,"40,128,271"
15749,"0,1"
15750,"3,200,337"
15751,"145,194,199"
15752,"0,1"
15753,"265,344,438"
15754,"0,1"
15755,"21,182"
15756,"0,1"
15757,"213,359"
15758,"0,1"
15759,"0,1"
15760,"0,64,80"
15761,"21,131,187"
15762,"0,1"
15763,"28,29"
15764,"0,1"
15765,"0,1"
15766,"0,1"
15767,"21,124,184"
15768,"0,1"
15769,"0,1"
15770,"0,1"
15771,"0,1"
15772,"0,1"
15773,"0,1"
15774,"0,271,313"
15775,"0,10,11"
15776,"0,1,357"
15777,"160,296,315"
15778,"64,145,402"
15779,"0,1"
15780,"0,1"
15781,"0,1"
15782,"0,313"
15783,"0,1"
15784,"21,182"
15785,"0,1"
15786,"0,1"
15787,"0,1"
15788,"170,271,455"
15789,"10,11,13"
15790,"0,1"
15791,"0,1"
15792,"21,111,267"
15793,"10,220"
15794,"265,271,340"
15795,"10,24,25"
15796,"0,1"
15797,"21,108,301"
15798,"0,1"
15799,"64,265,340"
15800,"10,220,242"
15801,"0,1"
15802,"0,1"
15803,"265,376,425"
15804,"0,1"
15805,"0,1"
15806,"60,92,255"
15807,"0,271,288"
15808,"0,1"
15809,"0,313"
15810,"21,131,187"
15811,"21,124,184"
15812,"0,1"
15813,"24,25"
15814,"0,1"
15815,"21,131,182"
15816,"21,182"
15817,"0,1"
15818,"0,1"
15819,"64,265,340"
15820,"0,1"
15821,"0,1"
15822,"0,1"
15823,"44,145"
15824,"0,1"
15825,"0,1"
15826,"0,313"
15827,"0,1"
15828,"0,1"
15829,"265,340"
15830,"169,311"
15831,"44,73"
15832,"0,1"
15833,"10,220,242"
15834,"0,1"
15835,"21,131,187"
15836,"0,1"
15837,"0,1"
15838,"0,1"
15839,"0,1"
15840,"0,1"
15841,"131,241"
15842,"0,1"
15843,"10,64,199"
15844,"15,16"
15845,"11,24,25"
15846,"0,1"
15847,"0,1"
15848,"10,64,199"
15849,"0,1"
15850,"10,64,199"
15851,"0,1"
15852,"0,1"
15853,"0,1"
15854,"265,376,425"
15855,"24,25"
15856,"0,1"
15857,"265,376"
15858,"265,340"
15859,"0,1"
15860,"265,376,425"
15861,"271,444"
15862,"0,1"
15863,"28,518"
15864,"10,23,24"
15865,"0,1"
15866,"0,265,313"
15867,"28,131,241"
15868,"0,213,214"
15869,"255,372"
15870,"151,152,160"
15871,"0,1"
15872,"0,1"
15873,"0,1"
15874,"0,277,413"
15875,"0,1"
15876,"271,355,456"
15877,"0,1"
15878,"60,92"
15879,"265,340"
15880,"0,1"
15881,"0,1"
15882,"265,340"
15883,"199,323"
15884,"0,1"
15885,"21,34,127"
15886,"23,26,251"
15887,"21,131,187"
15888,"0,10"
15889,"0,271,313"
15890,"145,194"
15891,"31,271,328"
15892,"0,1"
15893,"199,374"
15894,"271,288,449"
15895,"21,108,182"
15896,"0,1"
15897,"0,1"
15898,"265,376,425"
15899,"24,25"
15900,"8,514"
15901,"0,1"
15902,"0,213,271"
15903,"23,24,25"
15904,"265,340"
15905,"0,131,241"
15906,"0,1"
15907,"213,359"
15908,"21,182"
15909,"265,340"
15910,"64,448"
15911,"131,241"
15912,"0,1,271"
15913,"0,1"
15914,"265,271,340"
15915,"21,182,213"
15916,"0,1"
15917,"265,271,340"
15918,"0,271,277"
15919,"265,340"
15920,"0,1"
15921,"15,16,160"
15922,"21,124,184"
15923,"10,24,25"
15924,"24,25,220"
15925,"0,1"
15926,"0,1"
15927,"0,1"
15928,"0,1"
15929,"40,160"
15930,"0,1"
15931,"0,1"
15932,"11,419"
15933,"131,241"
15934,"170,436"
15935,"0,1"
15936,"0,1"
15937,"0,1"
15938,"10,220"
15939,"0,1"
15940,"0,1"
15941,"0,1"
15942,"0,1"
15943,"265,349"
15944,"0,1"
15945,"0,1"
15946,"0,1"
15947,"24,43,131"
15948,"0,1"
15949,"28,29,131"
15950,"1,2,213"
15951,"24,25,220"
15952,"0,313"
15953,"10,23,24"
15954,"131,145,241"
15955,"21,131,187"
15956,"145,194,271"
15957,"0,1"
15958,"199,382"
15959,"0,1"
15960,"131,241,265"
15961,"0,1"
15962,"265,288,340"
15963,"3,200,337"
15964,"0,1"
15965,"296,452"
15966,"145,194,271"
15967,"0,1"
15968,"0,1,357"
15969,"0,1"
15970,"199,296,374"
15971,"265,271,340"
15972,"0,1"
15973,"0,1"
15974,"10,220,221"
15975,"40,160"
15976,"0,1"
15977,"10,220,265"
15978,"21,301"
15979,"131,241,265"
15980,"0,131,241"
15981,"10,220"
15982,"271,355,456"
15983,"0,1"
15984,"271,355,456"
15985,"17,168,265"
15986,"24,25,220"
15987,"21,131,187"
15988,"53,265,340"
15989,"10,53,64"
15990,"0,1"
15991,"10,24,25"
15992,"24,49,53"
15993,"44,73"
15994,"0,1"
15995,"271,366"
15996,"10,11,44"
15997,"0,1"
15998,"13,21,108"
15999,"0,1"
16000,"160,315"
16001,"31,271,328"
16002,"10,220,271"
16003,"265,340"
16004,"0,1"
16005,"0,1"
16006,"0,1"
16007,"11,213,214"
16008,"40,128,129"
16009,"0,1"
16010,"0,213,271"
16011,"0,1"
16012,"0,1"
16013,"0,1"
16014,"21,170,301"
16015,"10,11,17"
16016,"255,265,340"
16017,"44,145,220"
16018,"21,160,182"
16019,"265,376,425"
16020,"10,220"
16021,"44,73,213"
16022,"265,340"
16023,"0,1"
16024,"0,1"
16025,"10,220,221"
16026,"10,220,242"
16027,"31,271,328"
16028,"0,1"
16029,"17,168"
16030,"53,430"
16031,"21,124,184"
16032,"0,10"
16033,"21,131,187"
16034,"0,271,355"
16035,"10,23,24"
16036,"255,480"
16037,"0,1"
16038,"0,213,214"
16039,"0,1"
16040,"271,280"
16041,"40,128,129"
16042,"271,455"
16043,"0,1"
16044,"15,16"
16045,"170,296,300"
16046,"21,131,187"
16047,"0,10,220"
16048,"21,301"
16049,"60,92"
16050,"0,313"
16051,"0,1"
16052,"265,340"
16053,"0,1"
16054,"24,49"
16055,"13,15,16"
16056,"170,199,343"
16057,"21,160,182"
16058,"0,1"
16059,"265,340"
16060,"10,31,220"
16061,"0,1"
16062,"21,182,265"
16063,"0,1"
16064,"21,108,301"
16065,"0,313"
16066,"0,1"
16067,"0,1,357"
16068,"0,1"
16069,"0,21,182"
16070,"265,288,425"
16071,"265,340"
16072,"0,1"
16073,"0,1"
16074,"265,296,340"
16075,"0,1"
16076,"131,241"
16077,"0,1"
16078,"255,271,372"
16079,"21,187"
16080,"265,271,355"
16081,"0,1"
16082,"23,251,337"
16083,"0,1"
16084,"0,1"
16085,"0,1"
16086,"3,200,337"
16087,"0,1"
16088,"21,131,187"
16089,"10,64,199"
16090,"10,64,199"
16091,"199,323"
16092,"13,21,108"
16093,"10,23,24"
16094,"28,29"
16095,"21,108,265"
16096,"0,1"
16097,"0,1"
16098,"28,29"
16099,"21,182,265"
16100,"0,313,397"
16101,"0,1"
16102,"0,1"
16103,"0,1"
16104,"0,1"
16105,"0,1"
16106,"10,64,199"
16107,"0,216"
16108,"10,220,221"
16109,"0,1"
16110,"0,1"
16111,"28,364"
16112,"271,355,456"
16113,"0,1"
16114,"271,455"
16115,"0,1,357"
16116,"10,220"
16117,"0,1,357"
16118,"10,11,131"
16119,"199,374"
16120,"0,1"
16121,"0,1"
16122,"277,278"
16123,"21,301"
16124,"0,271"
16125,"0,1"
16126,"0,1,271"
16127,"0,1"
16128,"0,1"
16129,"0,1"
16130,"24,25"
16131,"64,145,402"
16132,"288,497"
16133,"0,1"
16134,"271,355"
16135,"131,184,241"
16136,"0,1"
16137,"10,24,25"
16138,"21,172,265"
16139,"10,11,44"
16140,"0,1"
16141,"24,49,199"
16142,"23,251,337"
16143,"213,359"
16144,"0,1,357"
16145,"0,1"
16146,"220,242"
16147,"0,1"
16148,"0,1"
16149,"24,25"
16150,"0,1,131"
16151,"265,340"
16152,"0,1"
16153,"0,1"
16154,"26,89"
16155,"21,182"
16156,"0,1"
16157,"0,1"
16158,"0,1"
16159,"21,301"
16160,"0,1"
16161,"10,23,24"
16162,"21,170,301"
16163,"0,1"
16164,"0,1"
16165,"265,349"
16166,"131,241,271"
16167,"0,1"
16168,"13,204,265"
16169,"0,1"
16170,"0,1,313"
16171,"271,355,456"
16172,"0,1"
16173,"0,1,357"
16174,"21,182,265"
16175,"265,273"
16176,"255,372"
16177,"1,520"
16178,"0,1"
16179,"271,355"
16180,"0,1"
16181,"21,131,187"
16182,"0,1"
16183,"271,455"
16184,"0,1"
16185,"0,1"
16186,"21,108,301"
16187,"131,241"
16188,"0,1"
16189,"21,301"
16190,"213,359"
16191,"0,1"
16192,"0,10"
16193,"10,220"
16194,"1,2,13"
16195,"3,51"
16196,"0,1"
16197,"13,204,271"
16198,"0,1"
16199,"0,1"
16200,"0,1"
16201,"10,64,199"
16202,"0,1"
16203,"0,1"
16204,"0,1"
16205,"271,360,455"
16206,"0,1"
16207,"21,170,301"
16208,"0,1"
16209,"0,1"
16210,"0,1"
16211,"0,1"
16212,"4,19"
16213,"170,296,417"
16214,"0,1"
16215,"0,1"
16216,"296,452"
16217,"0,1"
16218,"0,1"
16219,"0,1"
16220,"0,216"
16221,"0,1"
16222,"296,417"
16223,"21,301"
16224,"21,182"
16225,"265,425"
16226,"41,184,215"
16227,"0,1"
16228,"170,436"
16229,"0,1"
16230,"265,277,278"
16231,"0,1"
16232,"131,241"
16233,"23,26,251"
16234,"0,1"
16235,"0,1"
16236,"199,323"
16237,"0,1"
16238,"0,1"
16239,"0,1"
16240,"10,199,382"
16241,"265,340"
16242,"0,10"
16243,"0,1"
16244,"0,10"
16245,"0,1"
16246,"0,313"
16247,"0,1"
16248,"0,1"
16249,"11,220,221"
16250,"10,220,242"
16251,"265,271,280"
16252,"160,296,315"
16253,"0,1"
16254,"0,1"
16255,"0,1"
16256,"21,108,301"
16257,"10,220,242"
16258,"0,1"
16259,"0,1"
16260,"0,1"
16261,"0,1"
16262,"0,1"
16263,"0,1"
16264,"0,1"
16265,"10,64,448"
16266,"0,1"
16267,"0,1"
16268,"0,1"
16269,"271,444"
16270,"0,1"
16271,"0,1"
16272,"0,1"
16273,"21,131,187"
16274,"0,1"
16275,"296,417"
16276,"0,1"
16277,"0,1"
16278,"265,271,376"
16279,"160,315"
16280,"44,145,402"
16281,"265,340"
16282,"0,1"
16283,"0,1,357"
16284,"0,1"
16285,"21,127"
16286,"40,160"
16287,"160,315"
16288,"21,182"
16289,"0,1"
16290,"0,1"
16291,"271,444"
16292,"0,1"
16293,"0,1"
16294,"271,444"
16295,"0,1"
16296,"24,25,265"
16297,"0,313"
16298,"21,172,271"
16299,"0,1"
16300,"0,1"
16301,"0,1"
16302,"0,1"
16303,"10,220,265"
16304,"0,1"
16305,"53,271,430"
16306,"199,265,340"
16307,"131,241"
16308,"0,1"
16309,"0,1"
16310,"265,340"
16311,"24,25,44"
16312,"0,1"
16313,"0,1"
16314,"265,340"
16315,"10,64,145"
16316,"0,1"
16317,"10,11"
16318,"0,1"
16319,"10,64,199"
16320,"64,145,402"
16321,"0,265,313"
16322,"0,1"
16323,"0,271,280"
16324,"0,1"
16325,"3,51,53"
16326,"0,1"
16327,"0,1"
16328,"0,1"
16329,"0,1"
16330,"271,355,456"
16331,"0,1"
16332,"3,35,160"
16333,"0,313"
16334,"28,29"
16335,"0,1"
16336,"11,419"
16337,"0,213,214"
16338,"0,271,280"
16339,"0,1"
16340,"0,1"
16341,"24,25"
16342,"1,2"
16343,"288,498"
16344,"0,1"
16345,"0,1"
16346,"0,1"
16347,"21,182"
16348,"0,1"
16349,"0,1"
16350,"265,288,349"
16351,"271,366"
16352,"13,21,108"
16353,"21,131,187"
16354,"271,455"
16355,"0,1"
16356,"10,24,25"
16357,"21,131,187"
16358,"0,1"
16359,"21,131,187"
16360,"0,1"
16361,"21,131,187"
16362,"21,31,182"
16363,"265,271,340"
16364,"10,24,25"
16365,"21,131,187"
16366,"13,21,108"
16367,"0,1,271"
16368,"0,1"
16369,"24,49"
16370,"3,35,160"
16371,"0,1"
16372,"0,1"
16373,"0,213,271"
16374,"0,1"
16375,"0,313"
16376,"13,401"
16377,"21,124,184"
16378,"0,1"
16379,"1,2,40"
16380,"28,29,277"
16381,"271,455"
16382,"0,1"
16383,"28,170,207"
16384,"0,271,313"
16385,"0,1"
16386,"0,1,271"
16387,"0,1"
16388,"0,1"
16389,"169,311"
16390,"10,64,145"
16391,"145,271,456"
16392,"0,1"
16393,"151,152,160"
16394,"271,455"
16395,"21,131,187"
16396,"265,340"
16397,"0,64,313"
16398,"0,1"
16399,"265,425,488"
16400,"0,1"
16401,"0,1"
16402,"0,1"
16403,"21,182"
16404,"21,187,213"
16405,"0,1"
16406,"0,1"
16407,"0,1"
16408,"0,213,214"
16409,"296,417"
16410,"0,249"
16411,"0,1"
16412,"220,221,265"
16413,"28,29"
16414,"0,1"
16415,"0,249"
16416,"0,1"
16417,"34,160,263"
16418,"15,16,53"
16419,"64,448"
16420,"0,1"
16421,"40,128,129"
16422,"131,241,271"
16423,"0,1"
16424,"0,1"
16425,"10,220,221"
16426,"0,255,313"
16427,"0,1"
16428,"277,313,397"
16429,"271,455"
16430,"21,182"
16431,"0,1"
16432,"0,1"
16433,"0,1"
16434,"21,160,187"
16435,"3,200,337"
16436,"288,497"
16437,"0,1"
16438,"0,1"
16439,"24,25,220"
16440,"8,160,196"
16441,"21,182"
16442,"0,1"
16443,"271,355,456"
16444,"277,278"
16445,"0,1"
16446,"21,182"
16447,"0,1"
16448,"10,11"
16449,"0,1"
16450,"0,1"
16451,"0,1"
16452,"0,1"
16453,"160,296,315"
16454,"13,296,300"
16455,"44,73,213"
16456,"0,1,2"
16457,"199,374"
16458,"0,1"
16459,"0,1"
16460,"0,1"
16461,"13,21,108"
16462,"0,1"
16463,"0,23,24"
16464,"0,1"
16465,"265,340"
16466,"0,1"
16467,"0,1"
16468,"23,24,265"
16469,"0,1"
16470,"199,382"
16471,"0,1"
16472,"0,1"
16473,"0,1"
16474,"21,182"
16475,"11,419"
16476,"1,277,476"
16477,"0,1"
16478,"296,417"
16479,"21,160,182"
16480,"0,1"
16481,"41,184,215"
16482,"0,1"
16483,"160,315"
16484,"131,241"
16485,"15,16"
16486,"21,131,187"
16487,"0,1"
16488,"21,124,184"
16489,"0,1"
16490,"0,313"
16491,"0,1"
16492,"271,455"
16493,"0,1"
16494,"0,1"
16495,"0,1"
16496,"271,455"
16497,"255,480"
16498,"0,1"
16499,"0,1"
16500,"271,355,424"
16501,"0,1"
16502,"0,1"
16503,"21,124,184"
16504,"0,1"
16505,"40,160"
16506,"0,1"
16507,"0,1"
16508,"218,271,456"
16509,"0,1"
16510,"28,29,271"
16511,"170,436"
16512,"10,220,242"
16513,"24,25"
16514,"131,241"
16515,"0,1"
16516,"31,245"
16517,"0,1"
16518,"0,1"
16519,"0,1"
16520,"21,131,187"
16521,"0,1"
16522,"0,1"
16523,"0,1"
16524,"0,1"
16525,"21,131,187"
16526,"15,16,265"
16527,"1,2"
16528,"0,213,214"
16529,"0,1"
16530,"0,1"
16531,"277,288,476"
16532,"0,1"
16533,"0,10,220"
16534,"24,25"
16535,"0,271,313"
16536,"11,220,221"
16537,"3,35,265"
16538,"0,1"
16539,"0,1"
16540,"0,1"
16541,"0,1"
16542,"131,241"
16543,"271,355,456"
16544,"0,1"
16545,"40,128,129"
16546,"199,323"
16547,"0,1"
16548,"271,444"
16549,"271,355"
16550,"0,313"
16551,"199,374"
16552,"0,1"
16553,"213,214,288"
16554,"131,160,241"
16555,"41,184,215"
16556,"179,265,340"
16557,"10,11,44"
16558,"0,1"
16559,"0,1"
16560,"0,1"
16561,"24,49"
16562,"0,313"
16563,"265,418"
16564,"0,1"
16565,"0,1"
16566,"0,1"
16567,"271,444"
16568,"0,1"
16569,"277,313,397"
16570,"10,24,25"
16571,"10,23,24"
16572,"0,1"
16573,"296,452"
16574,"1,2"
16575,"24,25"
16576,"21,131,187"
16577,"0,1"
16578,"0,1"
16579,"0,1"
16580,"10,220"
16581,"8,271,456"
16582,"0,265,271"
16583,"296,417"
16584,"0,1"
16585,"170,199,382"
16586,"0,1"
16587,"0,1"
16588,"0,1"
16589,"271,455"
16590,"0,277,288"
16591,"0,1"
16592,"0,1"
16593,"0,1"
16594,"0,1"
16595,"0,1"
16596,"0,1,265"
16597,"288,498"
16598,"0,1"
16599,"0,1"
16600,"21,131,187"
16601,"0,1"
16602,"40,128,129"
16603,"24,47"
16604,"21,265,301"
16605,"145,194"
16606,"0,1"
16607,"170,436"
16608,"0,1"
16609,"0,1"
16610,"170,436"
16611,"271,355,360"
16612,"0,1"
16613,"10,220"
16614,"265,340"
16615,"0,1"
16616,"0,1"
16617,"0,1"
16618,"8,288,498"
16619,"271,280,288"
16620,"21,131,187"
16621,"0,199,216"
16622,"296,452"
16623,"40,128,129"
16624,"0,1"
16625,"40,128,129"
16626,"160,296,315"
16627,"265,340"
16628,"10,220,242"
16629,"199,265,323"
16630,"21,53,172"
16631,"64,80"
16632,"271,444"
16633,"0,1"
16634,"0,1"
16635,"160,315"
16636,"0,1"
16637,"8,514"
16638,"151,152,160"
16639,"0,1"
16640,"151,152,271"
16641,"265,271,340"
16642,"41,160,215"
16643,"265,340"
16644,"10,24,25"
16645,"40,160"
16646,"271,355"
16647,"0,1"
16648,"23,26,251"
16649,"21,131,187"
16650,"151,152,160"
16651,"0,1"
16652,"213,214,288"
16653,"60,92,271"
16654,"40,160,271"
16655,"0,1"
16656,"0,1"
16657,"40,160"
16658,"0,1,265"
16659,"3,51"
16660,"0,1"
16661,"1,2,265"
16662,"0,1"
16663,"0,271"
16664,"0,1,2"
16665,"0,1"
16666,"41,160,215"
16667,"60,92"
16668,"21,170,301"
16669,"265,340"
16670,"10,220,313"
16671,"0,1"
16672,"23,26,251"
16673,"10,11"
16674,"0,1"
16675,"64,80,448"
16676,"0,1,357"
16677,"0,1"
16678,"0,1"
16679,"0,313,397"
16680,"0,1"
16681,"0,1"
16682,"21,108,301"
16683,"216,254,271"
16684,"0,131,216"
16685,"11,199,382"
16686,"288,497"
16687,"0,1"
16688,"8,160,196"
16689,"1,277,278"
16690,"0,28,313"
16691,"0,1"
16692,"0,1"
16693,"0,1"
16694,"0,213,271"
16695,"0,1"
16696,"0,1"
16697,"24,25"
16698,"0,1"
16699,"40,128,129"
16700,"40,128,129"
16701,"13,21,108"
16702,"265,425"
16703,"0,1"
16704,"10,23,24"
16705,"0,1"
16706,"40,160"
16707,"21,271,280"
16708,"60,92,296"
16709,"21,131,187"
16710,"0,1"
16711,"0,313"
16712,"40,131,160"
16713,"21,131,187"
16714,"24,49"
16715,"199,323"
16716,"0,1,288"
16717,"0,1"
16718,"265,376"
16719,"60,199,323"
16720,"10,11,44"
16721,"40,128,129"
16722,"213,359"
16723,"160,315"
16724,"0,8,216"
16725,"28,29,213"
16726,"0,1"
16727,"265,273"
16728,"271,455"
16729,"0,313"
16730,"0,1"
16731,"40,160"
16732,"0,1"
16733,"0,1"
16734,"0,271,313"
16735,"28,207"
16736,"265,337,339"
16737,"0,1"
16738,"0,1"
16739,"0,1"
16740,"0,1"
16741,"0,1"
16742,"0,1"
16743,"21,131,187"
16744,"265,340"
16745,"0,1"
16746,"0,1"
16747,"28,29"
16748,"0,1,357"
16749,"0,1"
16750,"0,1"
16751,"271,455"
16752,"24,25,265"
16753,"0,271,313"
16754,"23,26,251"
16755,"0,21,182"
16756,"0,1"
16757,"0,1"
16758,"0,1"
16759,"53,430"
16760,"0,1"
16761,"64,80"
16762,"0,1"
16763,"0,1"
16764,"0,1"
16765,"40,128,129"
16766,"21,182"
16767,"0,1"
16768,"0,1"
16769,"10,220"
16770,"0,1"
16771,"64,80"
16772,"131,241"
16773,"0,1"
16774,"0,1"
16775,"0,249"
16776,"199,271,323"
16777,"0,1"
16778,"170,436"
16779,"0,1"
16780,"265,340"
16781,"0,1"
16782,"44,145"
16783,"17,56"
16784,"0,1"
16785,"0,1"
16786,"44,53,73"
16787,"277,278"
16788,"0,255"
16789,"0,1"
16790,"265,340"
16791,"0,1"
16792,"271,444"
16793,"10,220"
16794,"0,1"
16795,"265,340"
16796,"0,1"
16797,"0,1"
16798,"255,484"
16799,"0,313"
16800,"0,1"
16801,"10,220,221"
16802,"0,1"
16803,"21,301"
16804,"0,1"
16805,"40,131,160"
16806,"0,1"
16807,"0,1"
16808,"0,1"
16809,"0,1"
16810,"0,1"
16811,"0,1"
16812,"0,1"
16813,"0,1"
16814,"0,28,29"
16815,"0,1"
16816,"265,271,280"
16817,"0,1"
16818,"0,1"
16819,"0,1"
16820,"0,1"
16821,"41,184,215"
16822,"21,34,127"
16823,"0,1"
16824,"0,1"
16825,"11,53,419"
16826,"0,1"
16827,"170,271,436"
16828,"0,1"
16829,"0,1"
16830,"21,301"
16831,"271,355"
16832,"216,422"
16833,"0,1"
16834,"8,131,241"
16835,"271,277,455"
16836,"0,1"
16837,"21,265,301"
16838,"0,1"
16839,"0,1"
16840,"0,1"
16841,"0,1,131"
16842,"0,1"
16843,"0,1"
16844,"0,1"
16845,"21,301"
16846,"0,1"
16847,"60,92"
16848,"0,1"
16849,"0,1"
16850,"213,252,255"
16851,"0,1"
16852,"0,213,214"
16853,"24,25,53"
16854,"0,1"
16855,"21,301"
16856,"21,170,301"
16857,"160,199,315"
16858,"120,121,145"
16859,"0,1"
16860,"0,1"
16861,"0,1"
16862,"0,313"
16863,"0,1"
16864,"265,340"
16865,"0,1"
16866,"0,1"
16867,"0,1"
16868,"0,1,357"
16869,"0,1"
16870,"265,340"
16871,"0,1"
16872,"21,124,184"
16873,"21,34,187"
16874,"271,280"
16875,"24,25"
16876,"0,1"
16877,"64,80,271"
16878,"0,1"
16879,"271,455"
16880,"0,1"
16881,"10,11,296"
16882,"0,1"
16883,"265,376"
16884,"0,1"
16885,"1,2,212"
16886,"0,1"
16887,"0,1"
16888,"3,13,51"
16889,"271,277,280"
16890,"21,64,80"
16891,"0,1"
16892,"28,29"
16893,"64,265,340"
16894,"160,265,315"
16895,"8,265,340"
16896,"21,182,265"
16897,"0,1"
16898,"10,220,221"
16899,"0,1"
16900,"0,1"
16901,"0,1"
16902,"0,1"
16903,"0,1,357"
16904,"3,200,337"
16905,"21,182"
16906,"21,182"
16907,"220,221"
16908,"21,182"
16909,"0,21,182"
16910,"0,1"
16911,"10,64,199"
16912,"0,313"
16913,"28,310"
16914,"21,182,271"
16915,"0,216,255"
16916,"21,187"
16917,"1,2"
16918,"0,1"
16919,"0,1"
16920,"10,220"
16921,"0,1"
16922,"21,34,127"
16923,"0,1"
16924,"10,11,44"
16925,"28,29,271"
16926,"0,1,271"
16927,"28,29"
16928,"40,128,129"
16929,"0,313"
16930,"0,1"
16931,"24,25"
16932,"0,216,255"
16933,"21,131,187"
16934,"0,1"
16935,"0,1"
16936,"0,1"
16937,"0,1"
16938,"160,296,315"
16939,"0,1"
16940,"24,25"
16941,"40,128,129"
16942,"10,23,24"
16943,"23,26"
16944,"0,1"
16945,"10,24,25"
16946,"0,1"
16947,"131,241"
16948,"21,182"
16949,"40,128,129"
16950,"53,430"
16951,"31,245,296"
16952,"0,1"
16953,"31,328"
16954,"0,1"
16955,"265,288,488"
16956,"265,271,355"
16957,"3,200,337"
16958,"28,29,170"
16959,"10,23,24"
16960,"28,29,265"
16961,"11,17,168"
16962,"0,1"
16963,"28,518"
16964,"0,1"
16965,"0,1"
16966,"0,1"
16967,"31,328"
16968,"21,160,182"
16969,"0,1"
16970,"220,221"
16971,"0,1"
16972,"0,1"
16973,"271,280"
16974,"24,49"
16975,"28,29"
16976,"13,204,265"
16977,"10,220,242"
16978,"21,182"
16979,"24,49,199"
16980,"21,265,301"
16981,"271,291,444"
16982,"0,1"
16983,"0,1"
16984,"0,1"
16985,"170,436"
16986,"40,128,129"
16987,"271,455"
16988,"160,315"
16989,"53,430"
16990,"271,313,397"
16991,"13,204,271"
16992,"0,1"
16993,"10,220"
16994,"0,1"
16995,"0,1"
16996,"24,25"
16997,"271,355"
16998,"10,23,24"
16999,"21,31,301"
17000,"0,213,214"
17001,"0,1"
17002,"0,1"
17003,"199,271,281"
17004,"0,1"
17005,"13,160,204"
17006,"21,182"
17007,"265,340"
17008,"28,310"
17009,"10,220,242"
17010,"0,1"
17011,"0,1"
17012,"21,160,182"
17013,"213,214,288"
17014,"0,1"
17015,"40,160,271"
17016,"0,1"
17017,"0,1"
17018,"44,73,199"
17019,"0,1"
17020,"0,1"
17021,"145,402"
17022,"0,1"
17023,"23,26,251"
17024,"0,1"
17025,"0,1"
17026,"0,1"
17027,"0,1"
17028,"160,271,315"
17029,"0,1"
17030,"0,1"
17031,"0,1"
17032,"0,1"
17033,"0,1"
17034,"23,26,251"
17035,"64,80,448"
17036,"131,241,265"
17037,"0,1"
17038,"21,182"
17039,"24,25"
17040,"0,1"
17041,"0,1"
17042,"0,1"
17043,"0,1"
17044,"0,1,271"
17045,"0,1"
17046,"160,296,315"
17047,"0,1"
17048,"8,271,456"
17049,"277,278"
17050,"0,1"
17051,"40,128,255"
17052,"0,1"
17053,"44,145"
17054,"0,1"
17055,"13,296,300"
17056,"10,64,448"
17057,"0,1"
17058,"28,29"
17059,"21,172,271"
17060,"11,220,221"
17061,"199,323"
17062,"212,216,288"
17063,"0,271"
17064,"0,213,214"
17065,"0,131,241"
17066,"0,1"
17067,"0,1"
17068,"28,170,207"
17069,"21,131,187"
17070,"0,271,366"
17071,"0,1"
17072,"0,1"
17073,"24,25"
17074,"0,1"
17075,"3,51,265"
17076,"0,1"
17077,"271,355"
17078,"0,1"
17079,"0,1"
17080,"21,160,182"
17081,"0,1"
17082,"296,417"
17083,"60,92,271"
17084,"13,296,300"
17085,"21,160,182"
17086,"10,64,199"
17087,"0,1"
17088,"0,1"
17089,"0,1"
17090,"0,1"
17091,"0,8"
17092,"0,1"
17093,"0,1"
17094,"288,498"
17095,"0,1"
17096,"0,1"
17097,"21,34,127"
17098,"24,25,220"
17099,"21,187,271"
17100,"255,265,340"
17101,"0,1"
17102,"21,172,255"
17103,"1,2,271"
17104,"28,364"
17105,"24,25,139"
17106,"53,393"
17107,"21,172,271"
17108,"0,1"
17109,"0,1"
17110,"265,340,488"
17111,"0,1"
17112,"0,1"
17113,"21,108,301"
17114,"28,265,310"
17115,"53,430"
17116,"0,1"
17117,"0,1"
17118,"8,235,265"
17119,"0,271,360"
17120,"23,26,40"
17121,"64,80,448"
17122,"40,160,271"
17123,"160,265,315"
17124,"10,220"
17125,"0,1"
17126,"265,271,449"
17127,"1,277,278"
17128,"0,1"
17129,"0,1"
17130,"0,1"
17131,"0,1"
17132,"24,25"
17133,"0,1"
17134,"0,1"
17135,"0,1,357"
17136,"265,271,340"
17137,"10,11"
17138,"0,1"
17139,"265,340"
17140,"0,1"
17141,"21,28,182"
17142,"28,29"
17143,"0,1"
17144,"0,1"
17145,"0,1"
17146,"3,200,337"
17147,"288,497"
17148,"0,1"
17149,"0,1"
17150,"24,25"
17151,"0,1"
17152,"271,455"
17153,"0,218,313"
17154,"0,1"
17155,"10,21,182"
17156,"40,160"
17157,"0,1"
17158,"0,213,214"
17159,"0,1"
17160,"0,1"
17161,"271,455"
17162,"218,271,456"
17163,"0,1"
17164,"44,64,80"
17165,"0,1"
17166,"11,220,221"
17167,"0,1"
17168,"0,1"
17169,"0,1"
17170,"21,182,265"
17171,"0,1"
17172,"24,49,64"
17173,"24,25"
17174,"10,220"
17175,"213,359"
17176,"24,25,53"
17177,"0,1"
17178,"199,323"
17179,"64,80,265"
17180,"151,152,160"
17181,"220,221"
17182,"0,1"
17183,"44,73"
17184,"0,1"
17185,"0,1"
17186,"21,187"
17187,"213,359"
17188,"0,1"
17189,"21,170,172"
17190,"0,1"
17191,"0,1"
17192,"0,216"
17193,"0,1"
17194,"24,25,220"
17195,"0,1"
17196,"0,1"
17197,"0,1"
17198,"21,34,187"
17199,"0,1"
17200,"0,1"
17201,"0,1"
17202,"21,187"
17203,"10,220"
17204,"265,288,425"
17205,"0,1"
17206,"271,313,355"
17207,"0,1"
17208,"21,108,301"
17209,"0,1"
17210,"169,311"
17211,"0,1"
17212,"21,182"
17213,"10,23,24"
17214,"0,24,59"
17215,"0,1"
17216,"271,455"
17217,"265,340,376"
17218,"0,1"
17219,"0,1"
17220,"24,25,40"
17221,"21,145,182"
17222,"13,296,300"
17223,"131,241"
17224,"21,182"
17225,"28,29"
17226,"0,313"
17227,"21,131,187"
17228,"0,1"
17229,"21,34,127"
17230,"0,1"
17231,"0,1"
17232,"40,128,129"
17233,"0,1"
17234,"40,160,334"
17235,"0,1"
17236,"200,265,337"
17237,"23,26,251"
17238,"271,455"
17239,"10,64,199"
17240,"3,200,337"
17241,"0,1"
17242,"170,199,343"
17243,"265,340"
17244,"21,182"
17245,"10,23,24"
17246,"13,21,108"
17247,"271,313,397"
17248,"0,1"
17249,"1,28,207"
17250,"10,53,220"
17251,"0,1"
17252,"28,29"
17253,"265,340"
17254,"145,194,271"
17255,"0,1"
17256,"40,139"
17257,"0,1"
17258,"0,1"
17259,"0,1"
17260,"0,1"
17261,"265,340"
17262,"0,1"
17263,"41,184,215"
17264,"0,1"
17265,"23,251,337"
17266,"0,1"
17267,"0,1"
17268,"0,28,216"
17269,"0,1"
17270,"0,1"
17271,"0,1"
17272,"0,1"
17273,"21,108,301"
17274,"21,182"
17275,"277,513"
17276,"0,216,254"
17277,"271,355,456"
17278,"0,1"
17279,"40,131,160"
17280,"53,265,340"
17281,"0,1"
17282,"255,271,456"
17283,"160,196"
17284,"0,271,313"
17285,"0,216,254"
17286,"271,313,360"
17287,"0,44,145"
17288,"265,340"
17289,"21,124,184"
17290,"40,160"
17291,"0,1"
17292,"277,278"
17293,"10,23,24"
17294,"21,182,301"
17295,"0,1"
17296,"220,221,265"
17297,"160,196"
17298,"255,271,355"
17299,"271,455"
17300,"0,1"
17301,"0,1"
17302,"0,1"
17303,"0,1"
17304,"28,29,271"
17305,"0,1"
17306,"0,1"
17307,"10,64,199"
17308,"40,41,271"
17309,"0,1"
17310,"0,1"
17311,"0,1"
17312,"24,25,220"
17313,"0,1"
17314,"0,1"
17315,"0,1"
17316,"0,1"
17317,"0,1"
17318,"10,23,24"
17319,"0,1"
17320,"265,376,425"
17321,"0,1,265"
17322,"21,131,187"
17323,"0,1"
17324,"0,1"
17325,"10,23,24"
17326,"17,56,271"
17327,"3,200,337"
17328,"40,160,315"
17329,"265,340"
17330,"24,28,62"
17331,"0,1"
17332,"3,200,337"
17333,"271,444"
17334,"38,39"
17335,"0,1"
17336,"0,1"
17337,"0,1"
17338,"265,425"
17339,"265,313,376"
17340,"145,194,265"
17341,"0,1"
17342,"0,1,357"
17343,"0,1"
17344,"0,1"
17345,"24,49"
17346,"21,182"
17347,"38,103,271"
17348,"265,271,376"
17349,"0,1"
17350,"40,160"
17351,"0,1"
17352,"199,374"
17353,"0,1"
17354,"265,349"
17355,"271,355,456"
17356,"13,160,204"
17357,"199,323"
17358,"160,296,315"
17359,"13,401"
17360,"0,1"
17361,"24,49"
17362,"28,364"
17363,"0,216,277"
17364,"296,417"
17365,"0,1"
17366,"0,1"
17367,"265,340"
17368,"0,1"
17369,"0,1"
17370,"0,1"
17371,"10,220,242"
17372,"0,1"
17373,"0,1"
17374,"0,1"
17375,"10,220,221"
17376,"0,1,271"
17377,"170,436"
17378,"1,2,271"
17379,"0,1"
17380,"216,288,380"
17381,"0,1"
17382,"0,213,271"
17383,"0,1"
17384,"24,49"
17385,"199,271,323"
17386,"24,49"
17387,"10,24,25"
17388,"271,455"
17389,"0,1"
17390,"11,145,194"
17391,"160,296,315"
17392,"0,1"
17393,"10,24,25"
17394,"24,25,38"
17395,"271,444"
17396,"265,340"
17397,"0,1"
17398,"10,11,44"
17399,"0,1"
17400,"271,444"
17401,"21,182"
17402,"0,1"
17403,"0,1"
17404,"0,1"
17405,"8,271,355"
17406,"21,131,187"
17407,"0,1"
17408,"0,1"
17409,"44,145,170"
17410,"0,1"
17411,"0,1"
17412,"10,24,25"
17413,"0,1"
17414,"271,355,455"
17415,"0,1"
17416,"265,349"
17417,"0,1,357"
17418,"24,25,31"
17419,"0,1"
17420,"40,160,334"
17421,"0,1"
17422,"265,340"
17423,"0,1"
17424,"21,160,182"
17425,"271,355,456"
17426,"40,128,129"
17427,"0,1"
17428,"28,265,340"
17429,"0,1"
17430,"28,364"
17431,"13,204"
17432,"199,323"
17433,"0,1"
17434,"160,296,315"
17435,"0,1"
17436,"17,56"
17437,"0,1"
17438,"0,1"
17439,"296,371"
17440,"0,1"
17441,"0,271,277"
17442,"160,315"
17443,"28,29"
17444,"265,271,449"
17445,"40,160,334"
17446,"0,313"
17447,"21,187"
17448,"0,1"
17449,"0,1"
17450,"213,252,255"
17451,"199,374"
17452,"10,220"
17453,"0,1"
17454,"0,1"
17455,"0,1"
17456,"0,1"
17457,"0,1,357"
17458,"0,1,199"
17459,"265,340"
17460,"10,220,288"
17461,"40,160"
17462,"24,25"
17463,"24,25,220"
17464,"28,170,207"
17465,"15,16,28"
17466,"0,1"
17467,"21,182"
17468,"312,426"
17469,"271,455"
17470,"213,359"
17471,"24,25,44"
17472,"31,290"
17473,"10,64,199"
17474,"10,160,196"
17475,"265,296,376"
17476,"0,1"
17477,"0,1"
17478,"0,1"
17479,"0,1"
17480,"24,25,220"
17481,"271,455"
17482,"0,216,271"
17483,"10,220,221"
17484,"271,355,456"
17485,"10,145,220"
17486,"0,1"
17487,"0,1"
17488,"0,1"
17489,"277,288,458"
17490,"0,1"
17491,"11,419"
17492,"265,340"
17493,"21,182"
17494,"0,1"
17495,"0,1"
17496,"0,1"
17497,"0,1"
17498,"13,204,265"
17499,"0,1"
17500,"21,172,265"
17501,"160,271,315"
17502,"0,1"
17503,"0,1"
17504,"21,124,187"
17505,"0,1,357"
17506,"8,235"
17507,"0,28,313"
17508,"0,199,216"
17509,"21,170,301"
17510,"0,1"
17511,"21,131,187"
17512,"160,296,315"
17513,"0,1"
17514,"0,1"
17515,"41,184,215"
17516,"0,1"
17517,"0,1"
17518,"0,1"
17519,"199,382"
17520,"0,1"
17521,"3,51"
17522,"265,340"
17523,"0,1"
17524,"21,131,187"
17525,"13,296,300"
17526,"24,25,220"
17527,"21,182"
17528,"0,271"
17529,"0,1"
17530,"0,1,357"
17531,"10,199,323"
17532,"40,128,129"
17533,"0,1"
17534,"271,455"
17535,"0,1"
17536,"0,170,255"
17537,"0,1"
17538,"0,1"
17539,"265,349,488"
17540,"0,1"
17541,"21,301"
17542,"1,2"
17543,"0,1"
17544,"21,131,187"
17545,"0,1"
17546,"0,1"
17547,"13,21,108"
17548,"0,1"
17549,"0,1"
17550,"13,21,108"
17551,"0,1"
17552,"271,455"
17553,"0,1"
17554,"0,1"
17555,"0,1"
17556,"0,1"
17557,"0,1,271"
17558,"0,1"
17559,"265,340"
17560,"23,26,265"
17561,"24,25"
17562,"0,1"
17563,"13,160,204"
17564,"0,1,357"
17565,"21,170,301"
17566,"10,64,199"
17567,"0,1"
17568,"229,421"
17569,"265,271,340"
17570,"21,40,108"
17571,"0,1"
17572,"0,1"
17573,"265,340"
17574,"0,1"
17575,"0,1"
17576,"21,187"
17577,"40,128,129"
17578,"24,49"
17579,"0,1"
17580,"0,313"
17581,"271,455"
17582,"0,1"
17583,"0,1"
17584,"271,455"
17585,"10,11,44"
17586,"21,182"
17587,"23,26,251"
17588,"24,49"
17589,"21,301"
17590,"40,131,160"
17591,"10,220"
17592,"0,1"
17593,"10,11"
17594,"0,1"
17595,"265,340"
17596,"21,131,187"
17597,"0,1"
17598,"0,313"
17599,"60,92,213"
17600,"3,200,337"
17601,"0,1"
17602,"21,145,182"
17603,"23,24,25"
17604,"0,216,220"
17605,"271,280,355"
17606,"21,124,184"
17607,"21,28,29"
17608,"271,313,397"
17609,"10,220,242"
17610,"0,1"
17611,"0,1"
17612,"13,21,108"
17613,"0,1"
17614,"131,241"
17615,"131,241"
17616,"0,1"
17617,"21,187,200"
17618,"0,1"
17619,"160,296,315"
17620,"265,340"
17621,"0,1,2"
17622,"21,160,182"
17623,"0,1"
17624,"0,1"
17625,"23,26,199"
17626,"0,1"
17627,"131,241"
17628,"23,24,25"
17629,"0,1"
17630,"0,1"
17631,"0,220,242"
17632,"24,25"
17633,"0,1"
17634,"265,425"
17635,"0,1"
17636,"131,241"
17637,"0,1"
17638,"0,1,60"
17639,"0,1"
17640,"26,28,89"
17641,"0,1"
17642,"53,430"
17643,"0,1"
17644,"131,241"
17645,"0,1"
17646,"44,145"
17647,"0,1"
17648,"24,47,271"
17649,"0,1"
17650,"0,1"
17651,"0,1"
17652,"0,1"
17653,"0,1"
17654,"0,1"
17655,"0,1"
17656,"40,160"
17657,"13,160,204"
17658,"24,47"
17659,"0,1"
17660,"0,288,313"
17661,"0,1"
17662,"0,1"
17663,"0,1"
17664,"0,1"
17665,"0,1"
17666,"0,1"
17667,"40,44,128"
17668,"10,11"
17669,"271,355"
17670,"0,1"
17671,"255,480"
17672,"0,1"
17673,"0,1"
17674,"10,23,24"
17675,"0,1"
17676,"10,220,221"
17677,"296,452"
17678,"0,1"
17679,"13,160,204"
17680,"220,221"
17681,"0,213,214"
17682,"0,1"
17683,"271,280"
17684,"28,29,271"
17685,"60,92,271"
17686,"21,108,301"
17687,"0,1"
17688,"53,430"
17689,"3,51"
17690,"0,1"
17691,"21,301"
17692,"28,29"
17693,"0,1"
17694,"265,271,340"
17695,"21,160,301"
17696,"10,199,323"
17697,"0,1"
17698,"40,128,129"
17699,"0,213,313"
17700,"10,44,145"
17701,"265,340"
17702,"271,355"
17703,"0,1"
17704,"0,1"
17705,"10,23,24"
17706,"13,21,108"
17707,"0,1"
17708,"8,235"
17709,"0,1"
17710,"0,21,182"
17711,"23,251,337"
17712,"160,296,315"
17713,"271,455"
17714,"0,1"
17715,"0,1"
17716,"0,1"
17717,"0,1"
17718,"21,160,182"
17719,"0,1"
17720,"0,1"
17721,"0,1"
17722,"0,1"
17723,"0,1"
17724,"0,1"
17725,"0,1,357"
17726,"40,139,200"
17727,"0,1"
17728,"0,1"
17729,"0,1"
17730,"0,1"
17731,"0,1"
17732,"24,160,315"
17733,"15,16,144"
17734,"21,182,265"
17735,"220,221"
17736,"0,1"
17737,"0,1"
17738,"24,25"
17739,"8,514"
17740,"64,448"
17741,"0,1"
17742,"21,108,301"
17743,"0,1"
17744,"21,182"
17745,"21,131,187"
17746,"3,21,124"
17747,"21,182"
17748,"0,1"
17749,"265,340"
17750,"0,313"
17751,"28,29"
17752,"24,25"
17753,"10,200,337"
17754,"0,1"
17755,"271,444"
17756,"0,1"
17757,"1,40,139"
17758,"0,1"
17759,"0,1"
17760,"53,430"
17761,"271,455"
17762,"0,1"
17763,"0,1"
17764,"0,1"
17765,"0,1"
17766,"271,355"
17767,"0,1"
17768,"0,1"
17769,"271,455"
17770,"0,1"
17771,"0,313"
17772,"160,315"
17773,"0,216,422"
17774,"15,16,265"
17775,"13,21,108"
17776,"8,514"
17777,"0,1"
17778,"271,288,449"
17779,"10,23,24"
17780,"0,313,397"
17781,"0,1"
17782,"271,444,455"
17783,"0,1"
17784,"24,25,220"
17785,"1,2"
17786,"21,108,288"
17787,"40,160"
17788,"0,1"
17789,"0,1"
17790,"0,1"
17791,"0,1"
17792,"265,340"
17793,"23,24,220"
17794,"131,241"
17795,"0,1"
17796,"265,340"
17797,"21,182"
17798,"0,1"
17799,"0,1"
17800,"0,1"
17801,"265,271,340"
17802,"0,1"
17803,"0,1"
17804,"265,313,349"
17805,"0,1"
17806,"0,1"
17807,"170,436"
17808,"21,40,160"
17809,"21,182,265"
17810,"255,480"
17811,"10,220,265"
17812,"0,1"
17813,"0,1"
17814,"0,1"
17815,"0,255"
17816,"0,1"
17817,"0,1"
17818,"131,241,265"
17819,"0,1"
17820,"15,16,160"
17821,"0,1"
17822,"170,436"
17823,"0,1"
17824,"145,194,199"
17825,"13,296,300"
17826,"0,1"
17827,"0,1"
17828,"0,1,357"
17829,"21,182"
17830,"0,1"
17831,"0,1"
17832,"21,44,73"
17833,"271,355,456"
17834,"0,1"
17835,"0,1"
17836,"0,1"
17837,"0,313"
17838,"0,1"
17839,"271,280"
17840,"0,1"
17841,"21,160,182"
17842,"265,340"
17843,"0,1"
17844,"40,128,129"
17845,"10,23,26"
17846,"0,1"
17847,"21,301"
17848,"11,53,419"
17849,"21,34,127"
17850,"21,131,187"
17851,"21,131,187"
17852,"0,1"
17853,"0,60,92"
17854,"0,1"
17855,"271,355,456"
17856,"10,220,242"
17857,"0,1"
17858,"288,498"
17859,"271,444"
17860,"0,313"
17861,"271,280,516"
17862,"0,1"
17863,"21,182"
17864,"0,1"
17865,"23,24,25"
17866,"11,419"
17867,"0,1"
17868,"11,419"
17869,"28,29"
17870,"0,1"
17871,"1,277,278"
17872,"160,196"
17873,"64,145,402"
17874,"3,200,337"
17875,"10,220,242"
17876,"0,1"
17877,"21,131,187"
17878,"265,271,425"
17879,"0,1"
17880,"271,455"
17881,"212,216,296"
17882,"0,1"
17883,"8,265,425"
17884,"28,29"
17885,"265,340"
17886,"21,28,29"
17887,"0,1"
17888,"31,271,328"
17889,"271,355"
17890,"11,419"
17891,"131,241,271"
17892,"24,49"
17893,"0,1"
17894,"0,1"
17895,"13,21,204"
17896,"0,1"
17897,"0,1"
17898,"21,108,182"
17899,"0,1"
17900,"28,29"
17901,"0,1"
17902,"13,401"
17903,"145,493"
17904,"0,271"
17905,"271,355"
17906,"53,393"
17907,"10,23,24"
17908,"0,1"
17909,"271,455"
17910,"0,1"
17911,"0,1"
17912,"21,131,187"
17913,"53,430"
17914,"0,1"
17915,"0,64,313"
17916,"0,1"
17917,"0,1"
17918,"28,271,364"
17919,"0,1"
17920,"288,498"
17921,"0,1"
17922,"0,1"
17923,"265,340"
17924,"23,26,251"
17925,"0,1"
17926,"8,514"
17927,"0,1"
17928,"38,39"
17929,"255,484"
17930,"0,1"
17931,"0,1"
17932,"0,271,313"
17933,"0,1"
17934,"0,1"
17935,"0,1"
17936,"0,1"
17937,"21,182"
17938,"0,1"
17939,"0,1"
17940,"0,1"
17941,"0,1"
17942,"1,2,265"
17943,"0,1"
17944,"0,1"
17945,"10,64,199"
17946,"0,1"
17947,"21,124,184"
17948,"0,1"
17949,"11,28,29"
17950,"0,1"
17951,"13,160,204"
17952,"28,518"
17953,"21,182,271"
17954,"0,1,313"
17955,"0,1"
17956,"0,1"
17957,"0,1"
17958,"21,301"
17959,"213,214,288"
17960,"0,1"
17961,"0,1"
17962,"21,182"
17963,"0,1"
17964,"10,24,25"
17965,"0,28,29"
17966,"44,145"
17967,"0,1"
17968,"0,1"
17969,"0,1,357"
17970,"296,452"
17971,"0,1"
17972,"21,182"
17973,"0,265,271"
17974,"160,296,315"
17975,"0,1"
17976,"0,1"
17977,"0,1"
17978,"120,121,145"
17979,"0,1"
17980,"21,131,187"
17981,"0,1"
17982,"53,430"
17983,"0,1"
17984,"10,23,24"
17985,"24,25"
17986,"53,265,340"
17987,"0,1"
17988,"0,1"
17989,"40,128,129"
17990,"131,241"
17991,"265,273"
17992,"0,1"
17993,"21,108,265"
17994,"0,1"
17995,"0,1"
17996,"0,1"
17997,"28,29"
17998,"0,1"
17999,"0,1"
18000,"10,13,204"
18001,"199,374"
18002,"0,277"
18003,"24,25"
18004,"23,24,220"
18005,"0,288,357"
18006,"0,1"
18007,"0,1"
18008,"265,340"
18009,"21,108,301"
18010,"0,1"
18011,"0,1"
18012,"0,1"
18013,"21,172"
18014,"21,131,187"
18015,"0,1"
18016,"0,1"
18017,"213,271,280"
18018,"0,1"
18019,"0,1"
18020,"0,1"
18021,"10,24,25"
18022,"40,131,160"
18023,"0,1"
18024,"0,1"
18025,"17,56"
18026,"218,271,456"
18027,"0,1"
18028,"23,251,337"
18029,"0,1"
18030,"0,1"
18031,"0,1"
18032,"0,1"
18033,"199,248"
18034,"10,220,242"
18035,"0,1"
18036,"0,1"
18037,"0,271,296"
18038,"131,170,241"
18039,"271,455"
18040,"265,376"
18041,"0,1"
18042,"265,340,425"
18043,"265,340"
18044,"40,53,160"
18045,"0,1"
18046,"0,1"
18047,"0,1"
18048,"0,1"
18049,"265,340"
18050,"160,296,315"
18051,"265,340"
18052,"160,315"
18053,"13,15,16"
18054,"21,108,301"
18055,"271,444"
18056,"0,1"
18057,"21,131,187"
18058,"0,1"
18059,"3,51"
18060,"28,29,60"
18061,"170,436"
18062,"0,1"
18063,"0,1"
18064,"0,1"
18065,"10,220,221"
18066,"40,160"
18067,"0,1"
18068,"11,419"
18069,"0,1"
18070,"0,1"
18071,"0,1"
18072,"21,182"
18073,"199,374"
18074,"64,80"
18075,"0,1"
18076,"0,313"
18077,"0,1"
18078,"0,1"
18079,"200,271,337"
18080,"0,1"
18081,"13,401"
18082,"199,323"
18083,"0,1"
18084,"0,1"
18085,"0,1"
18086,"0,1"
18087,"0,1"
18088,"21,170,301"
18089,"160,315"
18090,"0,1"
18091,"0,1"
18092,"0,1"
18093,"0,64,80"
18094,"40,160"
18095,"21,131,187"
18096,"0,1"
18097,"24,25"
18098,"10,64,199"
18099,"0,1,357"
18100,"0,1"
18101,"145,194,199"
18102,"44,73"
18103,"271,455"
18104,"0,1"
18105,"0,1"
18106,"53,160,315"
18107,"0,1"
18108,"53,393"
18109,"10,11"
18110,"265,340"
18111,"0,10,220"
18112,"21,108,301"
18113,"0,1"
18114,"0,1"
18115,"41,215,271"
18116,"0,1"
18117,"13,21,108"
18118,"0,1"
18119,"13,160,204"
18120,"0,1"
18121,"28,40,160"
18122,"0,1"
18123,"0,1"
18124,"0,1"
18125,"220,221"
18126,"0,1"
18127,"0,1"
18128,"255,277,458"
18129,"0,1"
18130,"0,10,216"
18131,"0,1"
18132,"10,24,25"
18133,"0,1"
18134,"0,265,271"
18135,"0,1"
18136,"0,1"
18137,"24,49,170"
18138,"265,340"
18139,"10,64,199"
18140,"0,1"
18141,"0,1"
18142,"64,80,145"
18143,"0,1"
18144,"0,1"
18145,"10,220,265"
18146,"40,160"
18147,"0,1"
18148,"0,1"
18149,"21,108,301"
18150,"28,29,271"
18151,"0,1"
18152,"0,64,80"
18153,"10,64,265"
18154,"265,271,376"
18155,"24,25,265"
18156,"44,145,160"
18157,"0,1"
18158,"199,382"
18159,"0,1"
18160,"21,28,29"
18161,"21,160,182"
18162,"3,200,337"
18163,"23,26,251"
18164,"10,64,199"
18165,"271,355,456"
18166,"0,1"
18167,"0,1"
18168,"64,80,448"
18169,"131,241,265"
18170,"265,340"
18171,"28,207"
18172,"0,1"
18173,"24,31,49"
18174,"265,340"
18175,"0,1"
18176,"28,135,141"
18177,"0,1"
18178,"0,1,271"
18179,"1,277,278"
18180,"10,220,221"
18181,"0,1"
18182,"218,271,455"
18183,"0,1"
18184,"0,1"
18185,"15,16,271"
18186,"271,449,455"
18187,"0,1"
18188,"265,349"
18189,"0,1"
18190,"13,160,204"
18191,"0,271,355"
18192,"41,184,215"
18193,"265,376,425"
18194,"13,296,300"
18195,"0,1"
18196,"0,1"
18197,"0,1"
18198,"40,128,271"
18199,"0,1"
18200,"0,313"
18201,"0,10"
18202,"40,44,128"
18203,"0,1"
18204,"160,296,315"
18205,"1,483"
18206,"0,1"
18207,"0,1"
18208,"265,340"
18209,"0,1"
18210,"0,1"
18211,"0,1"
18212,"160,296,315"
18213,"28,29"
18214,"31,40,128"
18215,"0,1"
18216,"0,1"
18217,"13,265,340"
18218,"17,31,56"
18219,"40,160,265"
18220,"40,128,129"
18221,"0,1"
18222,"21,301"
18223,"21,34,127"
18224,"271,444"
18225,"0,1"
18226,"296,417"
18227,"53,430"
18228,"10,64,199"
18229,"0,1"
18230,"0,1"
18231,"21,170,301"
18232,"271,444,455"
18233,"0,1"
18234,"0,1"
18235,"13,15,16"
18236,"0,1"
18237,"265,273"
18238,"0,271,313"
18239,"0,1"
18240,"0,1"
18241,"0,1"
18242,"0,21,172"
18243,"0,1"
18244,"271,455"
18245,"265,340"
18246,"0,1"
18247,"40,160"
18248,"0,1"
18249,"13,160,204"
18250,"271,288,449"
18251,"28,29"
18252,"10,220,242"
18253,"21,131,187"
18254,"0,1"
18255,"0,1"
18256,"0,1"
18257,"21,182,265"
18258,"24,25"
18259,"0,1"
18260,"0,1"
18261,"40,160,271"
18262,"0,1"
18263,"0,1"
18264,"10,23,24"
18265,"8,514"
18266,"271,288,355"
18267,"169,271,311"
18268,"0,1"
18269,"10,131,220"
18270,"21,131,187"
18271,"3,200,337"
18272,"0,1"
18273,"0,1"
18274,"265,340"
18275,"199,382"
18276,"21,124,184"
18277,"216,288,380"
18278,"265,271,425"
18279,"265,425"
18280,"0,1"
18281,"0,1"
18282,"277,288,458"
18283,"13,21,108"
18284,"21,182,265"
18285,"271,288,455"
18286,"0,1"
18287,"0,1"
18288,"0,1"
18289,"0,1"
18290,"53,393"
18291,"0,1"
18292,"0,1"
18293,"265,340"
18294,"0,1"
18295,"13,21,108"
18296,"0,1"
18297,"0,1"
18298,"0,271"
18299,"0,1"
18300,"24,47"
18301,"0,1"
18302,"26,89,271"
18303,"13,401"
18304,"0,1"
18305,"21,182"
18306,"265,271,340"
18307,"265,425"
18308,"0,1"
18309,"0,1"
18310,"0,1"
18311,"271,444"
18312,"10,24,25"
18313,"21,40,160"
18314,"255,480"
18315,"0,1"
18316,"0,1"
18317,"0,1,357"
18318,"0,1"
18319,"265,376,425"
18320,"21,131,187"
18321,"21,131,187"
18322,"13,15,16"
18323,"0,1"
18324,"10,64,145"
18325,"21,131,187"
18326,"0,213,214"
18327,"10,64,199"
18328,"40,131,160"
18329,"0,1"
18330,"0,1"
18331,"0,1"
18332,"21,108,301"
18333,"0,1"
18334,"0,1"
18335,"0,313"
18336,"24,25"
18337,"151,152,160"
18338,"0,1"
18339,"160,315"
18340,"265,340"
18341,"28,29,271"
18342,"0,1"
18343,"10,220,242"
18344,"28,29,34"
18345,"10,23,24"
18346,"151,152,160"
18347,"0,1"
18348,"11,419"
18349,"0,1"
18350,"0,1"
18351,"0,1"
18352,"40,53,160"
18353,"271,455"
18354,"0,1"
18355,"0,1"
18356,"24,25,220"
18357,"28,364"
18358,"24,25"
18359,"21,182"
18360,"271,455"
18361,"21,182"
18362,"3,200,337"
18363,"0,1"
18364,"0,1"
18365,"21,131,187"
18366,"0,1"
18367,"0,1"
18368,"0,271,280"
18369,"0,1"
18370,"0,1,357"
18371,"0,1"
18372,"21,108,301"
18373,"21,160,182"
18374,"0,1"
18375,"0,1"
18376,"0,1"
18377,"0,1"
18378,"0,1"
18379,"21,182"
18380,"0,1"
18381,"13,15,16"
18382,"131,241"
18383,"0,1"
18384,"3,21,35"
18385,"0,1"
18386,"44,73,199"
18387,"23,26,288"
18388,"169,311"
18389,"0,1"
18390,"271,355,456"
18391,"13,160,315"
18392,"8,270"
18393,"0,1"
18394,"0,271,313"
18395,"0,1"
18396,"0,1"
18397,"0,1"
18398,"271,455"
18399,"0,1"
18400,"13,296,300"
18401,"199,374"
18402,"199,265,340"
18403,"10,220,221"
18404,"0,1,28"
18405,"0,1"
18406,"271,288,456"
18407,"0,1,357"
18408,"0,1"
18409,"0,1"
18410,"151,152,170"
18411,"0,1,313"
18412,"0,1"
18413,"0,1"
18414,"0,1"
18415,"21,111,267"
18416,"0,1"
18417,"131,241,271"
18418,"0,1"
18419,"255,271,372"
18420,"0,1"
18421,"0,1"
18422,"0,1"
18423,"271,355,456"
18424,"296,371"
18425,"0,1"
18426,"23,76,271"
18427,"145,194"
18428,"0,313"
18429,"170,436"
18430,"0,1"
18431,"11,419"
18432,"265,340"
18433,"0,1"
18434,"131,241"
18435,"0,1"
18436,"40,131,160"
18437,"0,1"
18438,"0,1"
18439,"28,29,265"
18440,"160,296,315"
18441,"296,417"
18442,"21,182"
18443,"21,131,182"
18444,"64,131,241"
18445,"0,1"
18446,"131,241,265"
18447,"160,315"
18448,"0,1"
18449,"265,340"
18450,"0,1,271"
18451,"28,29,145"
18452,"271,455"
18453,"0,1"
18454,"271,355,456"
18455,"0,271,280"
18456,"313,397"
18457,"170,436"
18458,"8,265,340"
18459,"0,1"
18460,"0,313"
18461,"0,1"
18462,"0,1"
18463,"21,170,301"
18464,"0,1"
18465,"255,288,484"
18466,"53,430"
18467,"160,296,315"
18468,"0,1"
18469,"44,145"
18470,"64,145,402"
18471,"0,1"
18472,"24,25,213"
18473,"0,1"
18474,"0,1"
18475,"23,26,251"
18476,"0,1"
18477,"151,152,170"
18478,"131,241"
18479,"0,1"
18480,"199,374"
18481,"0,1"
18482,"0,255"
18483,"53,430"
18484,"13,204,271"
18485,"28,29"
18486,"265,340"
18487,"0,1"
18488,"271,444"
18489,"0,1"
18490,"10,220,221"
18491,"40,160,265"
18492,"0,313"
18493,"0,1"
18494,"0,1"
18495,"0,271,355"
18496,"0,1"
18497,"0,1"
18498,"0,1"
18499,"0,1"
18500,"44,73,160"
18501,"40,131,160"
18502,"40,131,160"
18503,"0,1"
18504,"0,1"
18505,"0,1"
18506,"0,1"
18507,"265,340"
18508,"0,1"
18509,"0,1"
18510,"220,221"
18511,"199,323"
18512,"0,313"
18513,"131,145,194"
18514,"3,200,337"
18515,"10,220"
18516,"40,128,129"
18517,"0,1"
18518,"0,1"
18519,"0,1"
18520,"0,1"
18521,"271,355,456"
18522,"23,26,251"
18523,"145,402"
18524,"64,145,402"
18525,"0,1"
18526,"0,1"
18527,"0,220,242"
18528,"0,1"
18529,"160,315"
18530,"160,315"
18531,"0,1"
18532,"0,1"
18533,"53,430"
18534,"0,1,271"
18535,"13,21,108"
18536,"0,1"
18537,"21,131,187"
18538,"0,1"
18539,"0,1"
18540,"0,313"
18541,"0,1"
18542,"0,1"
18543,"0,271,449"
18544,"271,455"
18545,"0,213,255"
18546,"0,1,2"
18547,"40,139,265"
18548,"0,1"
18549,"13,21,108"
18550,"265,271,340"
18551,"0,1"
18552,"0,313"
18553,"265,425"
18554,"0,1"
18555,"0,1"
18556,"0,1"
18557,"0,1"
18558,"0,1"
18559,"0,1"
18560,"0,1"
18561,"44,145"
18562,"0,1"
18563,"0,1"
18564,"0,1"
18565,"21,172"
18566,"64,288,448"
18567,"31,288,328"
18568,"0,1"
18569,"0,1"
18570,"0,10"
18571,"160,315"
18572,"0,1"
18573,"0,1"
18574,"40,139"
18575,"17,56"
18576,"0,1"
18577,"0,1"
18578,"10,24,64"
18579,"0,1"
18580,"0,1"
18581,"21,28,29"
18582,"21,160,182"
18583,"265,376"
18584,"53,393"
18585,"0,1"
18586,"0,1"
18587,"0,1"
18588,"0,313"
18589,"10,23,24"
18590,"0,1,271"
18591,"24,25"
18592,"131,200,241"
18593,"41,184,215"
18594,"0,1"
18595,"0,1"
18596,"160,296,315"
18597,"21,111,267"
18598,"26,89"
18599,"0,1"
18600,"0,1"
18601,"265,340"
18602,"0,1"
18603,"0,1"
18604,"28,29"
18605,"151,152,160"
18606,"24,25,220"
18607,"24,49"
18608,"0,1"
18609,"277,513"
18610,"160,296,315"
18611,"0,1"
18612,"0,1"
18613,"160,296,315"
18614,"0,1"
18615,"1,2,265"
18616,"21,182,265"
18617,"0,1"
18618,"0,1"
18619,"265,376,425"
18620,"11,419"
18621,"213,214,265"
18622,"0,1"
18623,"10,23,24"
18624,"13,21,108"
18625,"0,1"
18626,"0,1"
18627,"0,1"
18628,"0,1"
18629,"0,1"
18630,"0,1"
18631,"28,364"
18632,"3,200,337"
18633,"0,1"
18634,"0,1"
18635,"21,108,301"
18636,"21,124,184"
18637,"10,24,25"
18638,"28,364"
18639,"10,220,242"
18640,"0,1"
18641,"0,1"
18642,"0,1"
18643,"271,444,456"
18644,"271,455"
18645,"0,1"
18646,"271,444"
18647,"0,1"
18648,"0,1"
18649,"0,1"
18650,"0,1"
18651,"13,21,108"
18652,"21,187,271"
18653,"0,1"
18654,"3,200,337"
18655,"28,29,265"
18656,"21,172"
18657,"0,1"
18658,"0,313"
18659,"0,1"
18660,"213,296,359"
18661,"0,216"
18662,"53,265,340"
18663,"0,1"
18664,"0,1"
18665,"44,145,265"
18666,"0,313"
18667,"40,131,160"
18668,"216,288,354"
18669,"21,124,184"
18670,"10,220"
18671,"271,355"
18672,"28,131,241"
18673,"60,92"
18674,"0,288,313"
18675,"28,29"
18676,"0,1"
18677,"0,1"
18678,"0,1"
18679,"0,1"
18680,"265,376,425"
18681,"265,376,425"
18682,"0,1"
18683,"0,1"
18684,"131,241"
18685,"24,40,49"
18686,"21,170,301"
18687,"0,1"
18688,"0,1"
18689,"0,1"
18690,"265,340"
18691,"0,1"
18692,"0,1"
18693,"0,1"
18694,"23,24,25"
18695,"0,1"
18696,"0,1"
18697,"0,1"
18698,"60,92,131"
18699,"0,1"
18700,"0,1"
18701,"0,1"
18702,"0,1"
18703,"23,26,251"
18704,"21,131,187"
18705,"169,199,311"
18706,"64,145,402"
18707,"0,1"
18708,"1,2"
18709,"0,313"
18710,"0,1"
18711,"21,131,187"
18712,"28,29"
18713,"0,1"
18714,"0,216,422"
18715,"0,1"
18716,"21,182"
18717,"21,182"
18718,"213,214"
18719,"0,1"
18720,"0,1"
18721,"160,315"
18722,"288,497"
18723,"131,241,271"
18724,"0,1"
18725,"0,1"
18726,"255,480"
18727,"0,1"
18728,"0,1"
18729,"0,1"
18730,"0,8,313"
18731,"0,1"
18732,"0,1,357"
18733,"0,1"
18734,"0,1"
18735,"0,1"
18736,"0,1"
18737,"0,1"
18738,"0,1"
18739,"0,1"
18740,"0,40,160"
18741,"0,1"
18742,"13,122"
18743,"0,313"
18744,"3,200,337"
18745,"0,1"
18746,"24,25"
18747,"21,28,172"
18748,"0,1"
18749,"0,1"
18750,"0,1"
18751,"3,51"
18752,"0,1"
18753,"41,184,215"
18754,"0,1"
18755,"53,430"
18756,"10,64,199"
18757,"0,1"
18758,"24,49"
18759,"8,265,270"
18760,"0,1"
18761,"0,1"
18762,"0,313"
18763,"0,1"
18764,"0,10,11"
18765,"40,131,160"
18766,"0,1"
18767,"0,1"
18768,"0,1"
18769,"0,1"
18770,"0,1"
18771,"21,182"
18772,"40,128,129"
18773,"0,1"
18774,"199,323"
18775,"0,1"
18776,"0,1"
18777,"265,340"
18778,"0,1"
18779,"0,1"
18780,"0,1"
18781,"0,1"
18782,"24,25"
18783,"21,160,182"
18784,"0,1"
18785,"0,1"
18786,"24,59"
18787,"255,271,372"
18788,"0,1"
18789,"10,64,199"
18790,"21,182"
18791,"271,516"
18792,"0,1"
18793,"13,21,108"
18794,"13,15,16"
18795,"0,1"
18796,"271,355,449"
18797,"255,480"
18798,"0,1"
18799,"0,1"
18800,"3,200,337"
18801,"0,10"
18802,"0,1"
18803,"255,372"
18804,"220,221"
18805,"21,34,187"
18806,"10,64,199"
18807,"0,1"
18808,"265,340"
18809,"24,25,265"
18810,"13,160,204"
18811,"0,1"
18812,"0,313"
18813,"0,1"
18814,"40,131,160"
18815,"255,265,425"
18816,"0,1"
18817,"64,145,402"
18818,"0,1"
18819,"0,1"
18820,"0,1"
18821,"0,1"
18822,"0,1"
18823,"11,31,328"
18824,"0,1"
18825,"21,124,184"
18826,"131,241"
18827,"0,1"
18828,"0,1"
18829,"265,340"
18830,"13,15,16"
18831,"0,1"
18832,"255,372"
18833,"265,340"
18834,"21,131,187"
18835,"0,1"
18836,"271,444"
18837,"0,1"
18838,"0,1"
18839,"64,80,145"
18840,"40,160"
18841,"271,455"
18842,"179,265,340"
18843,"0,1"
18844,"0,1"
18845,"0,1"
18846,"10,23,24"
18847,"151,152,160"
18848,"10,23,24"
18849,"28,29"
18850,"265,271,340"
18851,"3,51,265"
18852,"111,282"
18853,"0,1"
18854,"24,25"
18855,"0,1,357"
18856,"0,1"
18857,"24,49"
18858,"0,1"
18859,"21,172"
18860,"40,139,170"
18861,"271,313,397"
18862,"24,25,288"
18863,"0,1"
18864,"21,160,182"
18865,"21,131,187"
18866,"251,288,337"
18867,"10,23,24"
18868,"199,374"
18869,"265,271,425"
18870,"0,1"
18871,"0,1"
18872,"0,1"
18873,"0,213,313"
18874,"0,1"
18875,"0,1"
18876,"0,1"
18877,"0,213,271"
18878,"21,265,301"
18879,"11,15,16"
18880,"255,372"
18881,"40,160"
18882,"0,1"
18883,"271,444"
18884,"28,518"
18885,"0,216"
18886,"288,498"
18887,"131,241"
18888,"15,16,277"
18889,"288,498"
18890,"0,131,241"
18891,"0,1"
18892,"265,271,449"
18893,"131,241,277"
18894,"0,1"
18895,"0,1"
18896,"0,131,241"
18897,"24,59"
18898,"0,1"
18899,"28,29,160"
18900,"13,15,16"
18901,"0,1"
18902,"0,1"
18903,"24,25,53"
18904,"151,152,170"
18905,"0,1"
18906,"21,120,121"
18907,"0,10"
18908,"0,1"
18909,"160,296,315"
18910,"0,1"
18911,"0,1"
18912,"265,340"
18913,"0,1"
18914,"170,436"
18915,"265,271,280"
18916,"0,1"
18917,"0,1"
18918,"0,1"
18919,"0,1"
18920,"0,1"
18921,"0,1"
18922,"28,29,271"
18923,"24,25,220"
18924,"0,1"
18925,"3,200,337"
18926,"0,1"
18927,"21,182"
18928,"21,170,301"
18929,"0,1"
18930,"296,417"
18931,"0,1"
18932,"23,251,337"
18933,"0,1"
18934,"0,1"
18935,"0,1"
18936,"10,170,436"
18937,"0,265,271"
18938,"0,1"
18939,"0,1"
18940,"0,313"
18941,"271,455"
18942,"265,425"
18943,"0,1"
18944,"265,271,355"
18945,"271,455"
18946,"0,271"
18947,"13,160,204"
18948,"10,23,24"
18949,"131,241"
18950,"21,187,200"
18951,"220,221,242"
18952,"277,288,458"
18953,"265,340"
18954,"0,1"
18955,"0,1"
18956,"212,216,254"
18957,"0,1"
18958,"13,160,204"
18959,"216,422"
18960,"0,1"
18961,"170,436"
18962,"271,355,456"
18963,"0,1"
18964,"218,271,456"
18965,"21,172,271"
18966,"0,1"
18967,"21,34,127"
18968,"145,194,213"
18969,"40,131,160"
18970,"40,41"
18971,"3,200,337"
18972,"0,1"
18973,"0,1"
18974,"0,1"
18975,"21,301"
18976,"0,1"
18977,"0,1"
18978,"13,401"
18979,"17,168"
18980,"265,340"
18981,"21,131,187"
18982,"21,131,187"
18983,"0,1"
18984,"0,1"
18985,"0,1"
18986,"131,241"
18987,"10,64,199"
18988,"28,29,265"
18989,"10,64,145"
18990,"0,1"
18991,"0,1"
18992,"10,145,220"
18993,"21,131,182"
18994,"0,1"
18995,"0,1"
18996,"0,1"
18997,"13,122"
18998,"0,1"
18999,"0,145,313"
19000,"160,296,315"
19001,"0,1"
19002,"28,364,518"
19003,"0,1"
19004,"0,1"
19005,"0,8,271"
19006,"271,455"
19007,"40,160"
19008,"21,131,187"
19009,"0,1"
19010,"265,340"
19011,"3,35,271"
19012,"160,315"
19013,"0,1"
19014,"0,1"
19015,"0,1"
19016,"3,200,337"
19017,"21,182"
19018,"220,221,265"
19019,"0,271,313"
19020,"28,53,430"
19021,"0,1"
19022,"11,216,419"
19023,"220,221"
19024,"265,340"
19025,"0,1"
19026,"0,1"
19027,"0,1"
19028,"0,1"
19029,"0,1"
19030,"160,315"
19031,"277,458"
19032,"0,1"
19033,"265,271,340"
19034,"10,64,199"
19035,"265,425,488"
19036,"0,1"
19037,"0,313"
19038,"0,1"
19039,"23,76"
19040,"0,1"
19041,"3,200,337"
19042,"220,221"
19043,"0,313"
19044,"160,296,315"
19045,"265,340"
19046,"0,1"
19047,"169,271,311"
19048,"0,1"
19049,"40,160,271"
19050,"13,296,300"
19051,"0,1"
19052,"0,265,313"
19053,"0,249"
19054,"10,220,221"
19055,"0,255,313"
19056,"265,340"
19057,"0,1"
19058,"10,11,419"
19059,"0,1"
19060,"265,340"
19061,"0,1"
19062,"265,273"
19063,"170,199,343"
19064,"0,1"
19065,"28,271,310"
19066,"21,301"
19067,"271,455"
19068,"28,131,207"
19069,"265,349,488"
19070,"21,182,265"
19071,"21,108,301"
19072,"0,1"
19073,"21,108,301"
19074,"0,1"
19075,"0,1"
19076,"0,1"
19077,"0,1"
19078,"10,11,44"
19079,"0,313"
19080,"265,340"
19081,"0,1"
19082,"13,160,204"
19083,"0,1"
19084,"271,291,444"
19085,"265,376"
19086,"0,313"
19087,"0,1"
19088,"145,194,199"
19089,"0,251,313"
19090,"17,168"
19091,"0,1"
19092,"0,1"
19093,"0,1"
19094,"169,311"
19095,"0,1"
19096,"28,518"
19097,"0,1"
19098,"10,23,24"
19099,"0,1"
19100,"0,1"
19101,"0,1"
19102,"0,1"
19103,"0,1"
19104,"0,1"
19105,"265,277,425"
19106,"0,1"
19107,"0,1"
19108,"0,1"
19109,"0,1"
19110,"21,160,182"
19111,"0,313"
19112,"0,1"
19113,"265,340"
19114,"10,64,199"
19115,"0,1"
19116,"0,216,422"
19117,"0,1"
19118,"74,317"
19119,"0,1"
19120,"0,271,280"
19121,"13,21,108"
19122,"170,265,340"
19123,"0,1"
19124,"0,1"
19125,"24,49"
19126,"17,21,56"
19127,"0,1"
19128,"0,1"
19129,"40,128,129"
19130,"265,340"
19131,"255,265,340"
19132,"0,1"
19133,"0,1"
19134,"213,359"
19135,"40,53,160"
19136,"213,252,255"
19137,"0,1"
19138,"145,194,199"
19139,"0,1"
19140,"1,2"
19141,"145,402"
19142,"0,1"
19143,"13,21,108"
19144,"0,1"
19145,"0,1"
19146,"0,1,2"
19147,"0,1"
19148,"0,1"
19149,"0,1"
19150,"0,265,271"
19151,"21,108,265"
19152,"160,296,315"
19153,"3,200,337"
19154,"0,1"
19155,"271,355,456"
19156,"0,1"
19157,"213,271,355"
19158,"10,64,199"
19159,"0,10,220"
19160,"199,382"
19161,"10,44,64"
19162,"0,1,357"
19163,"0,1"
19164,"11,199,374"
19165,"1,277,278"
19166,"271,355,456"
19167,"0,8,313"
19168,"0,1"
19169,"0,1"
19170,"0,1"
19171,"0,1"
19172,"40,160,271"
19173,"0,1"
19174,"200,255,337"
19175,"21,131,187"
19176,"13,296,300"
19177,"0,1"
19178,"0,1"
19179,"0,1"
19180,"24,25,220"
19181,"0,1,357"
19182,"21,111,267"
19183,"0,40,128"
19184,"0,1"
19185,"0,1,357"
19186,"0,271"
19187,"21,124,184"
19188,"21,111,267"
19189,"10,220,242"
19190,"0,1"
19191,"0,1"
19192,"0,1"
19193,"199,323"
19194,"0,1"
19195,"0,1"
19196,"0,313"
19197,"265,349"
19198,"21,131,187"
19199,"0,277,413"
19200,"3,51,265"
19201,"3,200,337"
19202,"265,271,340"
19203,"216,265,340"
19204,"265,340"
19205,"0,1"
19206,"0,1"
19207,"0,1"
19208,"169,311"
19209,"0,271"
19210,"0,1"
19211,"0,1"
19212,"0,1"
19213,"0,1"
19214,"271,444"
19215,"0,1"
19216,"10,24,25"
19217,"265,340"
19218,"8,405,514"
19219,"21,131,187"
19220,"0,1"
19221,"0,1"
19222,"0,1"
19223,"0,1"
19224,"0,271,280"
19225,"10,24,25"
19226,"10,64,199"
19227,"265,340"
19228,"0,1"
19229,"21,131,187"
19230,"265,340"
19231,"13,160,204"
19232,"21,108,301"
19233,"0,1"
19234,"0,44,145"
19235,"160,296,315"
19236,"21,131,187"
19237,"24,25,160"
19238,"38,103"
19239,"0,1"
19240,"24,25,220"
19241,"0,1"
19242,"265,271,449"
19243,"0,1"
19244,"21,40,160"
19245,"199,382"
19246,"271,455"
19247,"271,444"
19248,"0,1"
19249,"13,21,182"
19250,"21,170,301"
19251,"44,145"
19252,"0,213,214"
19253,"31,40,160"
19254,"131,241"
19255,"0,1"
19256,"151,152,160"
19257,"0,1"
19258,"0,1"
19259,"0,40,160"
19260,"0,1"
19261,"131,241"
19262,"0,1"
19263,"0,1"
19264,"21,182,265"
19265,"28,29,34"
19266,"0,1"
19267,"0,1"
19268,"0,1"
19269,"0,313"
19270,"0,1"
19271,"0,1"
19272,"265,349,488"
19273,"0,28,310"
19274,"0,1"
19275,"0,1"
19276,"60,92"
19277,"21,40,160"
19278,"199,382"
19279,"0,1"
19280,"28,364"
19281,"0,1"
19282,"28,364"
19283,"145,493"
19284,"21,34,127"
19285,"21,108,169"
19286,"10,64,199"
19287,"0,1"
19288,"0,1"
19289,"265,271,425"
19290,"0,1"
19291,"0,313"
19292,"265,271,349"
19293,"0,1"
19294,"0,1"
19295,"265,376,425"
19296,"1,271,455"
19297,"0,213,214"
19298,"0,1"
19299,"0,1"
19300,"0,1"
19301,"255,372"
19302,"151,152,170"
19303,"0,1"
19304,"21,131,187"
19305,"21,131,187"
19306,"17,145,168"
19307,"21,145,301"
19308,"271,455"
19309,"64,145,402"
19310,"0,1"
19311,"53,199,323"
19312,"0,1"
19313,"265,271,340"
19314,"0,1"
19315,"213,271,280"
19316,"0,1,357"
19317,"265,271,340"
19318,"21,182"
19319,"0,271,355"
19320,"0,1"
19321,"21,182"
19322,"10,220,242"
19323,"0,1"
19324,"0,1"
19325,"0,1"
19326,"0,1"
19327,"0,313"
19328,"0,1"
19329,"21,169,182"
19330,"28,200,337"
19331,"64,80,448"
19332,"13,28,204"
19333,"220,221"
19334,"265,271,280"
19335,"0,1"
19336,"160,315"
19337,"0,1"
19338,"0,1"
19339,"24,25"
19340,"0,10"
19341,"199,277,343"
19342,"0,1"
19343,"271,444,455"
19344,"0,1"
19345,"17,168,199"
19346,"0,1"
19347,"0,1"
19348,"1,2"
19349,"13,15,16"
19350,"0,1"
19351,"0,1"
19352,"0,1"
19353,"0,1"
19354,"10,220,242"
19355,"0,1"
19356,"160,296,315"
19357,"0,1"
19358,"0,1"
19359,"255,484"
19360,"0,1"
19361,"24,25"
19362,"0,1"
19363,"21,199,281"
19364,"40,128,129"
19365,"271,444"
19366,"255,372"
19367,"0,1"
19368,"10,11"
19369,"0,1"
19370,"0,271,313"
19371,"0,255,313"
19372,"0,1"
19373,"28,364"
19374,"0,1"
19375,"21,131,187"
19376,"0,1"
19377,"0,1"
19378,"10,220,242"
19379,"0,313"
19380,"64,265,340"
19381,"10,271,455"
19382,"40,128,129"
19383,"21,182,199"
19384,"0,1"
19385,"0,1"
19386,"21,160,182"
19387,"271,455"
19388,"0,1"
19389,"0,1"
19390,"0,1"
19391,"255,480"
19392,"11,419"
19393,"0,1"
19394,"0,218,313"
19395,"131,139,153"
19396,"40,160"
19397,"131,241"
19398,"0,1"
19399,"10,23,24"
19400,"170,265,340"
19401,"265,340"
19402,"0,1"
19403,"13,21,108"
19404,"0,1"
19405,"10,220"
19406,"0,1"
19407,"0,1"
19408,"8,514"
19409,"0,1"
19410,"0,1"
19411,"0,1"
19412,"21,124,184"
19413,"60,92,199"
19414,"10,64,199"
19415,"3,200,337"
19416,"265,271,449"
19417,"0,1"
19418,"11,220,221"
19419,"265,340"
19420,"0,1"
19421,"0,1"
19422,"271,455"
19423,"160,296,315"
19424,"199,271,374"
19425,"265,271,280"
19426,"10,11"
19427,"0,1"
19428,"0,1"
19429,"0,1"
19430,"0,1"
19431,"131,241"
19432,"0,1"
19433,"0,1"
19434,"0,1"
19435,"0,1"
19436,"0,21,255"
19437,"0,1"
19438,"1,2,21"
19439,"265,340"
19440,"10,11,44"
19441,"24,49"
19442,"0,1"
19443,"0,1"
19444,"28,31,310"
19445,"10,23,24"
19446,"0,1"
19447,"170,265,340"
19448,"0,1"
19449,"15,16,38"
19450,"0,277,313"
19451,"277,288,458"
19452,"28,518"
19453,"21,182"
19454,"0,1"
19455,"0,1"
19456,"277,288,458"
19457,"255,271,280"
19458,"0,1"
19459,"0,1"
19460,"265,349,418"
19461,"40,160,334"
19462,"265,340"
19463,"0,1"
19464,"0,1"
19465,"21,131,187"
19466,"0,216"
19467,"28,29"
19468,"13,21,108"
19469,"0,1"
19470,"10,11"
19471,"199,374"
19472,"0,1"
19473,"21,108,265"
19474,"0,1"
19475,"0,1"
19476,"40,160"
19477,"17,168"
19478,"28,207"
19479,"0,1"
19480,"265,376,425"
19481,"0,216"
19482,"0,1"
19483,"271,360,455"
19484,"13,53,401"
19485,"0,1"
19486,"0,1"
19487,"0,1"
19488,"160,196,265"
19489,"0,1"
19490,"0,1"
19491,"21,131,187"
19492,"0,1"
19493,"28,170,207"
19494,"0,1"
19495,"0,1"
19496,"213,359"
19497,"0,1"
19498,"0,1"
19499,"0,271"
19500,"0,1"
19501,"0,1"
19502,"0,313"
19503,"24,25"
19504,"0,1"
19505,"0,1"
19506,"0,1"
19507,"0,1"
19508,"0,313"
19509,"0,1"
19510,"44,73"
19511,"255,372"
19512,"24,25"
19513,"271,291,444"
19514,"170,436"
19515,"0,1"
19516,"13,21,108"
19517,"170,199,374"
19518,"53,430"
19519,"10,11"
19520,"265,271,340"
19521,"265,340"
19522,"0,1"
19523,"0,1"
19524,"21,182"
19525,"0,1,40"
19526,"21,160,182"
19527,"271,355,456"
19528,"0,1"
19529,"21,301"
19530,"21,301"
19531,"0,1"
19532,"0,1"
19533,"0,1"
19534,"10,23,24"
19535,"0,1"
19536,"131,199,241"
19537,"0,1"
19538,"1,2,277"
19539,"13,21,108"
19540,"0,1,271"
19541,"199,374"
19542,"160,296,315"
19543,"0,1"
19544,"265,271,280"
19545,"265,340,425"
19546,"10,220,242"
19547,"13,21,108"
19548,"265,288,340"
19549,"0,1"
19550,"0,1"
19551,"21,182"
19552,"0,1"
19553,"0,1"
19554,"0,1"
19555,"199,281"
19556,"0,216"
19557,"0,10,11"
19558,"0,1"
19559,"0,1"
19560,"41,184,215"
19561,"0,1"
19562,"0,1"
19563,"0,1"
19564,"40,128,129"
19565,"0,1"
19566,"13,160,204"
19567,"0,1"
19568,"0,1"
19569,"271,355,456"
19570,"0,1"
19571,"0,1"
19572,"0,1"
19573,"0,10,220"
19574,"265,425"
19575,"160,296,315"
19576,"0,1"
19577,"0,1"
19578,"0,1"
19579,"0,1"
19580,"21,187,265"
19581,"13,21,108"
19582,"0,1"
19583,"40,128,129"
19584,"0,1"
19585,"0,1"
19586,"271,455"
19587,"265,340"
19588,"10,64,199"
19589,"255,372"
19590,"0,1"
19591,"21,131,187"
19592,"13,15,16"
19593,"131,241,265"
19594,"265,340"
19595,"0,1"
19596,"21,182,265"
19597,"44,468"
19598,"0,1"
19599,"0,1"
19600,"271,455"
19601,"255,271,455"
19602,"0,1"
19603,"10,24,25"
19604,"21,170,301"
19605,"13,15,16"
19606,"0,1"
19607,"21,108,301"
19608,"1,2,271"
19609,"10,11,44"
19610,"21,108,301"
19611,"13,40,122"
19612,"44,271,449"
19613,"24,49,271"
19614,"0,1"
19615,"21,34,127"
19616,"0,1"
19617,"0,1"
19618,"0,1"
19619,"10,220,242"
19620,"169,255,256"
19621,"0,1"
19622,"1,277,278"
19623,"0,1"
19624,"0,1"
19625,"0,1"
19626,"21,301"
19627,"0,1"
19628,"41,184,215"
19629,"0,1"
19630,"8,514"
19631,"288,497"
19632,"21,108,301"
19633,"0,1"
19634,"296,452"
19635,"0,1"
19636,"21,182"
19637,"0,1"
19638,"265,349"
19639,"0,1"
19640,"199,323"
19641,"21,131,187"
19642,"40,128,129"
19643,"0,1"
19644,"15,16,145"
19645,"10,220"
19646,"0,1"
19647,"271,355,456"
19648,"271,455"
19649,"271,444"
19650,"0,1"
19651,"271,280"
19652,"0,1"
19653,"53,430"
19654,"0,1"
19655,"0,313"
19656,"0,1"
19657,"0,1"
