id,labels
0,"93,64,10"
1,"168,17,3"
2,"300,296,169"
3,"304,216,0"
4,"448,10,64"
5,"206,8,0"
6,"397,313,0"
7,"42,41,40"
8,"49,24,23"
9,"126,21,3"
10,"205,11,10"
11,"502,145,40"
12,"195,128,40"
13,"27,26,23"
14,"23,24,38"
15,"264,23,38"
16,"145,10,40"
17,"123,3,111"
18,"93,10,64"
19,"145,10,40"
20,"181,40,145"
21,"89,26,23"
22,"228,5,3"
23,"160,315,40"
24,"90,10,64"
25,"40,159,131"
26,"21,3,40"
27,"93,10,64"
28,"18,17,3"
29,"110,53,3"
30,"43,24,23"
31,"417,296,169"
32,"226,40,131"
33,"257,216,0"
34,"454,31,23"
35,"48,3,21"
36,"228,5,3"
37,"62,24,23"
38,"188,4,3"
39,"155,139,40"
40,"370,216,0"
41,"228,5,3"
42,"138,135,40"
43,"457,0,218"
44,"12,11,10"
45,"163,162,40"
46,"168,17,3"
47,"10,60,3"
48,"186,128,40"
49,"322,54,10"
50,"82,23,38"
51,"3,15,17"
52,"145,10,40"
53,"430,53,3"
54,"301,3,21"
55,"102,21,3"
56,"90,64,10"
57,"284,3,111"
58,"118,23,74"
59,"22,21,3"
60,"401,13,3"
61,"448,64,10"
62,"348,255,0"
63,"99,53,3"
64,"505,208,0"
65,"42,41,40"
66,"40,134,131"
67,"60,10,40"
68,"168,17,3"
69,"287,53,3"
70,"299,51,3"
71,"448,64,10"
72,"224,41,40"
73,"126,21,3"
74,"326,105,23"
75,"288,265,0"
76,"187,21,3"
77,"355,271,0"
78,"49,23,24"
79,"220,10,23"
80,"93,64,10"
81,"17,21,3"
82,"12,10,11"
83,"420,296,169"
84,"396,395,40"
85,"63,23,38"
86,"131,132,40"
87,"21,40,3"
88,"231,26,23"
89,"124,21,3"
90,"43,24,23"
91,"220,510,10"
92,"257,216,0"
93,"4,238,3"
94,"478,145,40"
95,"76,40,23"
96,"181,40,145"
97,"102,21,3"
98,"145,10,40"
99,"308,8,0"
100,"231,26,23"
101,"106,105,23"
102,"322,54,10"
103,"156,3,147"
104,"264,23,38"
105,"8,313,0"
106,"181,40,145"
107,"49,24,23"
108,"304,216,0"
109,"8,285,0"
110,"228,3,5"
111,"199,169,23"
112,"3,4,21"
113,"237,34,3"
114,"220,10,40"
115,"199,170,169"
116,"108,21,3"
117,"217,3,120"
118,"283,74,23"
119,"3,21,187"
120,"41,3,40"
121,"415,265,0"
122,"11,40,10"
123,"102,21,3"
124,"122,3,13"
125,"187,21,3"
126,"229,208,0"
127,"54,60,10"
128,"321,271,0"
129,"349,265,0"
130,"478,145,40"
131,"170,169,199"
132,"197,10,60"
133,"250,40,135"
134,"204,3,13"
135,"496,395,40"
136,"457,0,218"
137,"402,145,40"
138,"341,265,0"
139,"48,21,3"
140,"21,40,3"
141,"112,111,3"
142,"343,169,199"
143,"85,21,3"
144,"145,10,40"
145,"10,145,40"
146,"7,4,3"
147,"169,337,311"
148,"448,64,10"
149,"160,196,40"
150,"295,135,40"
151,"63,23,38"
152,"4,435,3"
153,"276,265,0"
154,"382,199,169"
155,"231,26,23"
156,"142,131,40"
157,"145,10,40"
158,"21,40,3"
159,"199,170,169"
160,"308,8,0"
161,"82,23,38"
162,"241,131,40"
163,"267,3,111"
164,"522,271,0"
165,"195,128,40"
166,"90,64,10"
167,"93,64,10"
168,"145,10,40"
169,"324,40,41"
170,"83,54,10"
171,"321,271,0"
172,"349,0,265"
173,"19,4,3"
174,"155,139,40"
175,"249,23,0"
176,"448,64,10"
177,"82,23,38"
178,"42,41,40"
179,"308,8,0"
180,"33,21,3"
181,"50,3,23"
182,"340,265,0"
183,"3,311,169"
184,"362,271,0"
185,"49,23,24"
186,"372,255,0"
187,"374,169,199"
188,"448,64,10"
189,"199,169,356"
190,"508,169,426"
191,"199,311,169"
192,"231,26,23"
193,"318,105,23"
194,"311,199,169"
195,"431,135,40"
196,"264,23,38"
197,"315,160,40"
198,"40,76,23"
199,"456,271,0"
200,"43,24,23"
201,"43,24,23"
202,"53,21,3"
203,"435,4,3"
204,"169,170,199"
205,"199,169,170"
206,"43,24,23"
207,"91,23,38"
208,"54,10,40"
209,"448,64,10"
210,"340,265,0"
211,"235,8,0"
212,"341,265,0"
213,"182,3,21"
214,"384,265,0"
215,"181,145,40"
216,"32,31,23"
217,"80,64,10"
218,"21,187,3"
219,"160,196,40"
220,"82,38,23"
221,"355,271,0"
222,"7,4,3"
223,"199,170,169"
224,"302,160,40"
225,"204,3,13"
226,"242,10,220"
227,"93,10,64"
228,"228,5,3"
229,"187,21,3"
230,"54,95,10"
231,"340,265,0"
232,"55,54,10"
233,"195,128,40"
234,"145,146,40"
235,"134,131,40"
236,"177,30,3"
237,"199,169,0"
238,"402,145,40"
239,"43,24,23"
240,"355,271,0"
241,"522,271,0"
242,"494,184,40"
243,"40,406,131"
244,"469,288,0"
245,"414,60,10"
246,"60,10,3"
247,"460,169,296"
248,"18,17,3"
249,"129,128,40"
250,"62,24,23"
251,"326,105,23"
252,"148,3,147"
253,"209,208,0"
254,"50,3,17"
255,"240,23,38"
256,"33,21,3"
257,"204,3,13"
258,"129,128,40"
259,"145,10,40"
260,"93,64,10"
261,"331,3,5"
262,"93,64,10"
263,"315,160,40"
264,"187,21,3"
265,"21,3,40"
266,"124,21,3"
267,"478,145,40"
268,"93,10,64"
269,"496,40,395"
270,"42,41,40"
271,"40,76,23"
272,"49,24,23"
273,"24,23,38"
274,"80,64,10"
275,"524,145,40"
276,"32,23,31"
277,"311,170,169"
278,"118,74,23"
279,"241,131,40"
280,"63,23,38"
281,"145,10,40"
282,"276,265,0"
283,"21,187,3"
284,"6,3,5"
285,"174,4,3"
286,"448,64,10"
287,"438,0,265"
288,"93,64,10"
289,"103,23,38"
290,"314,313,0"
291,"43,24,23"
292,"62,23,24"
293,"2,1,0"
294,"393,53,3"
295,"149,40,41"
296,"185,184,40"
297,"189,135,40"
298,"204,13,3"
299,"18,17,3"
300,"144,15,3"
301,"187,21,3"
302,"175,128,40"
303,"154,21,3"
304,"170,169,0"
305,"469,288,0"
306,"80,64,10"
307,"89,26,23"
308,"448,64,10"
309,"139,140,40"
310,"304,216,0"
311,"447,34,3"
312,"21,3,40"
313,"49,23,24"
314,"168,17,3"
315,"355,271,0"
316,"241,131,40"
317,"228,3,5"
318,"382,169,199"
319,"170,169,23"
320,"279,249,0"
321,"494,40,184"
322,"35,111,3"
323,"420,169,296"
324,"160,302,40"
325,"54,23,10"
326,"85,86,3"
327,"431,135,40"
328,"43,24,23"
329,"380,216,0"
330,"32,31,23"
331,"129,128,40"
332,"484,0,255"
333,"123,111,3"
334,"366,0,271"
335,"115,21,3"
336,"32,23,31"
337,"187,21,3"
338,"126,3,21"
339,"451,3,50"
340,"221,10,220"
341,"225,3,120"
342,"129,128,40"
343,"97,3,5"
344,"202,111,3"
345,"145,40,10"
346,"460,296,169"
347,"221,220,10"
348,"188,3,4"
349,"300,296,169"
350,"11,10,40"
351,"175,128,40"
352,"411,296,169"
353,"418,0,265"
354,"435,3,4"
355,"264,23,38"
356,"82,23,38"
357,"508,169,426"
358,"410,8,0"
359,"448,64,10"
360,"134,40,131"
361,"145,10,40"
362,"21,108,3"
363,"187,21,3"
364,"508,169,426"
365,"456,271,0"
366,"493,145,40"
367,"455,0,271"
368,"137,23,38"
369,"431,135,40"
370,"238,3,4"
371,"43,24,23"
372,"118,23,74"
373,"406,131,40"
374,"206,8,0"
375,"55,54,10"
376,"170,169,337"
377,"81,30,3"
378,"224,41,40"
379,"96,31,23"
380,"174,3,4"
381,"3,311,169"
382,"427,426,169"
383,"436,169,170"
384,"168,17,3"
385,"326,105,23"
386,"145,10,40"
387,"175,128,40"
388,"254,216,0"
389,"99,3,53"
390,"220,510,10"
391,"145,40,10"
392,"354,216,0"
393,"335,64,10"
394,"205,11,10"
395,"267,111,3"
396,"309,38,23"
397,"21,108,3"
398,"337,169,0"
399,"170,169,10"
400,"264,23,38"
401,"143,34,3"
402,"148,3,147"
403,"272,271,0"
404,"467,3,53"
405,"235,8,0"
406,"311,199,169"
407,"145,40,23"
408,"187,3,21"
409,"187,21,3"
410,"21,40,3"
411,"16,15,3"
412,"181,40,145"
413,"199,169,311"
414,"206,8,0"
415,"226,40,131"
416,"82,23,38"
417,"326,105,23"
418,"478,40,145"
419,"118,23,74"
420,"134,131,40"
421,"221,220,10"
422,"370,0,216"
423,"165,74,23"
424,"346,313,0"
425,"363,271,0"
426,"420,296,169"
427,"181,145,40"
428,"145,10,40"
429,"199,169,40"
430,"129,128,40"
431,"308,8,0"
432,"10,145,40"
433,"524,145,40"
434,"10,60,3"
435,"119,111,3"
436,"216,0,271"
437,"326,105,23"
438,"163,162,40"
439,"339,337,169"
440,"460,296,169"
441,"205,11,10"
442,"168,17,3"
443,"417,169,296"
444,"438,0,265"
445,"4,238,3"
446,"340,265,0"
447,"444,271,0"
448,"473,10,64"
449,"129,128,40"
450,"409,265,0"
451,"354,216,0"
452,"460,296,169"
453,"302,160,40"
454,"506,13,3"
455,"199,169,3"
456,"478,145,40"
457,"448,64,10"
458,"21,3,40"
459,"382,169,199"
460,"355,271,0"
461,"170,169,199"
462,"80,64,10"
463,"42,41,40"
464,"490,265,0"
465,"8,285,0"
466,"350,26,23"
467,"444,271,0"
468,"11,10,40"
469,"187,21,3"
470,"169,426,170"
471,"27,26,23"
472,"93,64,10"
473,"216,249,0"
474,"350,26,23"
475,"376,265,0"
476,"82,23,38"
477,"431,135,40"
478,"141,40,135"
479,"169,199,170"
480,"107,23,38"
481,"264,23,38"
482,"40,131,486"
483,"415,265,0"
484,"3,21,108"
485,"206,8,0"
486,"448,64,10"
487,"211,216,0"
488,"165,23,74"
489,"152,40,151"
490,"90,64,10"
491,"123,111,3"
492,"93,64,10"
493,"376,265,0"
494,"21,3,40"
495,"214,213,0"
496,"40,76,23"
497,"54,64,10"
498,"206,8,0"
499,"493,145,40"
500,"187,3,21"
501,"36,35,3"
502,"405,8,0"
503,"448,64,10"
504,"18,17,3"
505,"193,40,131"
506,"93,64,10"
507,"431,135,40"
508,"21,3,5"
509,"68,3,53"
510,"93,10,64"
511,"186,40,128"
512,"319,211,0"
513,"61,60,10"
514,"123,111,3"
515,"186,128,40"
516,"187,3,21"
517,"181,145,40"
518,"187,21,3"
519,"15,16,3"
520,"205,11,10"
521,"484,255,0"
522,"54,10,40"
523,"226,40,131"
524,"32,31,23"
525,"231,26,23"
526,"192,23,38"
527,"134,40,131"
528,"300,296,169"
529,"82,23,38"
530,"169,199,170"
531,"220,10,23"
532,"264,23,38"
533,"249,279,0"
534,"169,337,199"
535,"240,23,38"
536,"33,3,21"
537,"206,8,0"
538,"54,83,10"
539,"148,3,147"
540,"446,0,218"
541,"87,23,38"
542,"318,105,23"
543,"19,3,4"
544,"182,21,3"
545,"175,128,40"
546,"93,64,10"
547,"316,30,3"
548,"15,3,169"
549,"239,60,10"
550,"138,135,40"
551,"369,208,0"
552,"76,3,23"
553,"220,242,10"
554,"376,0,265"
555,"181,145,40"
556,"181,40,145"
557,"82,23,38"
558,"93,64,10"
559,"129,40,128"
560,"326,105,23"
561,"349,265,0"
562,"220,510,10"
563,"322,54,10"
564,"115,21,3"
565,"181,145,40"
566,"501,313,0"
567,"370,0,216"
568,"118,23,74"
569,"11,10,40"
570,"322,54,10"
571,"175,128,40"
572,"13,3,40"
573,"461,64,10"
574,"338,64,10"
575,"102,21,3"
576,"93,64,10"
577,"43,24,23"
578,"115,3,21"
579,"11,10,40"
580,"80,64,10"
581,"305,21,3"
582,"475,218,0"
583,"401,3,13"
584,"170,169,3"
585,"346,313,0"
586,"220,10,40"
587,"160,315,40"
588,"290,31,23"
589,"21,102,3"
590,"91,23,38"
591,"90,64,10"
592,"241,131,40"
593,"264,23,38"
594,"220,10,23"
595,"374,169,199"
596,"63,23,38"
597,"206,8,0"
598,"164,3,21"
599,"137,23,38"
600,"382,169,199"
601,"47,24,23"
602,"228,5,3"
603,"384,265,0"
604,"4,238,3"
605,"308,8,0"
606,"160,315,40"
607,"35,3,40"
608,"209,0,208"
609,"62,23,24"
610,"43,24,23"
611,"103,23,38"
612,"349,265,0"
613,"21,3,5"
614,"129,40,128"
615,"348,255,0"
616,"25,24,23"
617,"290,31,23"
618,"384,265,0"
619,"431,135,40"
620,"350,26,23"
621,"240,23,38"
622,"115,21,3"
623,"143,34,3"
624,"367,100,40"
625,"346,313,0"
626,"199,170,169"
627,"245,31,23"
628,"402,145,40"
629,"19,4,3"
630,"328,31,23"
631,"206,8,0"
632,"241,131,40"
633,"356,169,199"
634,"360,271,0"
635,"23,38,24"
636,"236,135,40"
637,"187,21,3"
638,"315,160,40"
639,"27,26,23"
640,"404,111,3"
641,"206,8,0"
642,"236,135,40"
643,"42,41,40"
644,"164,21,3"
645,"231,26,23"
646,"404,3,111"
647,"481,218,0"
648,"19,4,3"
649,"170,169,199"
650,"137,23,38"
651,"62,23,24"
652,"334,160,40"
653,"149,41,40"
654,"420,169,296"
655,"102,21,3"
656,"3,108,21"
657,"8,265,0"
658,"161,111,3"
659,"204,3,13"
660,"40,226,131"
661,"216,271,0"
662,"497,288,0"
663,"43,24,23"
664,"11,10,3"
665,"43,24,23"
666,"80,64,10"
667,"258,31,23"
668,"216,271,0"
669,"240,23,38"
670,"396,395,40"
671,"145,10,40"
672,"326,105,23"
673,"199,169,311"
674,"241,40,131"
675,"499,296,169"
676,"448,64,10"
677,"17,3,169"
678,"115,21,3"
679,"326,105,23"
680,"206,8,0"
681,"134,131,40"
682,"90,10,64"
683,"165,23,74"
684,"404,111,3"
685,"447,3,34"
686,"402,145,40"
687,"356,199,169"
688,"23,24,38"
689,"220,10,23"
690,"21,3,53"
691,"63,23,38"
692,"53,523,3"
693,"93,64,10"
694,"206,8,0"
695,"82,23,38"
696,"24,38,23"
697,"51,15,3"
698,"528,311,169"
699,"406,131,40"
700,"447,3,34"
701,"80,64,10"
702,"94,23,38"
703,"24,23,38"
704,"63,23,38"
705,"138,135,40"
706,"168,17,3"
707,"224,41,40"
708,"327,8,0"
709,"49,24,23"
710,"332,3,53"
711,"185,184,40"
712,"15,16,3"
713,"211,216,0"
714,"309,38,23"
715,"49,24,23"
716,"334,160,40"
717,"4,3,7"
718,"21,3,40"
719,"92,60,10"
720,"523,3,53"
721,"10,145,40"
722,"21,3,53"
723,"3,21,301"
724,"228,3,5"
725,"43,24,23"
726,"187,21,3"
727,"511,313,0"
728,"169,199,170"
729,"224,41,40"
730,"199,169,23"
731,"169,337,170"
732,"3,17,18"
733,"145,10,40"
734,"143,34,3"
735,"199,169,170"
736,"93,10,64"
737,"199,311,169"
738,"489,10,60"
739,"514,8,0"
740,"231,26,23"
741,"409,265,0"
742,"183,4,3"
743,"455,0,271"
744,"83,54,10"
745,"388,3,111"
746,"177,3,30"
747,"258,31,23"
748,"182,21,3"
749,"145,10,40"
750,"21,124,3"
751,"43,24,23"
752,"182,21,3"
753,"170,169,199"
754,"417,169,296"
755,"181,145,40"
756,"54,10,40"
757,"163,162,40"
758,"66,3,30"
759,"417,169,296"
760,"170,169,337"
761,"10,60,3"
762,"489,60,10"
763,"21,3,40"
764,"182,21,3"
765,"8,270,0"
766,"425,265,0"
767,"199,169,170"
768,"209,0,208"
769,"181,145,40"
770,"472,111,3"
771,"448,64,10"
772,"16,15,3"
773,"52,3,51"
774,"311,199,169"
775,"124,21,3"
776,"68,3,53"
777,"182,21,3"
778,"19,4,3"
779,"195,128,40"
780,"93,64,10"
781,"181,40,145"
782,"456,271,0"
783,"150,13,3"
784,"108,21,3"
785,"241,40,131"
786,"304,216,0"
787,"80,64,10"
788,"206,8,0"
789,"456,271,0"
790,"21,3,40"
791,"220,10,23"
792,"145,10,40"
793,"82,38,23"
794,"199,170,169"
795,"40,226,131"
796,"228,5,3"
797,"3,337,169"
798,"185,184,40"
799,"112,111,3"
800,"494,184,40"
801,"77,31,23"
802,"39,23,38"
803,"204,3,13"
804,"50,53,3"
805,"199,169,170"
806,"395,40,0"
807,"24,23,38"
808,"187,21,3"
809,"170,169,3"
810,"232,38,23"
811,"43,24,23"
812,"145,10,40"
813,"291,0,271"
814,"102,21,3"
815,"76,23,169"
816,"21,33,3"
817,"365,265,0"
818,"52,3,51"
819,"115,3,21"
820,"463,255,0"
821,"96,31,23"
822,"508,169,426"
823,"43,24,23"
824,"267,3,111"
825,"145,40,10"
826,"391,8,0"
827,"376,0,265"
828,"436,170,169"
829,"478,145,40"
830,"90,10,64"
831,"213,214,0"
832,"54,83,10"
833,"241,131,40"
834,"182,3,21"
835,"201,41,40"
836,"11,40,10"
837,"185,184,40"
838,"435,3,4"
839,"228,5,3"
840,"402,145,40"
841,"3,15,17"
842,"228,5,3"
843,"89,26,23"
844,"258,31,23"
845,"460,169,296"
846,"343,199,169"
847,"130,128,40"
848,"425,265,0"
849,"258,31,23"
850,"343,169,199"
851,"145,10,40"
852,"32,31,23"
853,"24,23,38"
854,"343,169,199"
855,"146,40,145"
856,"396,395,40"
857,"93,10,64"
858,"238,4,3"
859,"459,170,169"
860,"308,8,0"
861,"43,24,23"
862,"204,13,3"
863,"463,255,0"
864,"122,3,13"
865,"186,40,128"
866,"108,21,3"
867,"170,169,199"
868,"222,100,40"
869,"181,40,145"
870,"340,265,0"
871,"48,21,3"
872,"154,21,3"
873,"343,169,199"
874,"214,213,0"
875,"264,23,38"
876,"97,3,5"
877,"226,131,40"
878,"170,169,199"
879,"240,23,38"
880,"301,3,21"
881,"206,8,0"
882,"54,10,40"
883,"149,40,41"
884,"145,10,40"
885,"126,21,3"
886,"145,40,10"
887,"181,40,145"
888,"447,3,34"
889,"199,311,169"
890,"264,23,38"
891,"275,3,111"
892,"54,60,10"
893,"11,419,10"
894,"318,105,23"
895,"515,265,0"
896,"226,131,40"
897,"21,108,3"
898,"21,111,3"
899,"170,169,40"
900,"438,0,265"
901,"126,21,3"
902,"25,24,23"
903,"131,226,40"
904,"93,64,10"
905,"250,40,135"
906,"387,0,218"
907,"488,265,0"
908,"14,13,3"
909,"163,162,40"
910,"220,510,10"
911,"12,11,10"
912,"68,53,3"
913,"145,10,40"
914,"448,64,10"
915,"326,105,23"
916,"4,3,15"
917,"522,271,0"
918,"4,3,111"
919,"321,271,0"
920,"156,3,147"
921,"10,60,3"
922,"467,53,3"
923,"93,64,10"
924,"146,145,40"
925,"347,255,0"
926,"10,60,3"
927,"130,128,40"
928,"115,21,3"
929,"30,66,3"
930,"457,0,218"
931,"229,230,0"
932,"82,23,38"
933,"264,23,38"
934,"181,40,145"
935,"508,169,426"
936,"21,3,111"
937,"148,147,3"
938,"123,111,3"
939,"420,296,169"
940,"19,4,3"
941,"89,26,23"
942,"217,120,3"
943,"431,135,40"
944,"19,4,3"
945,"339,169,337"
946,"206,8,0"
947,"3,311,169"
948,"118,23,74"
949,"241,40,131"
950,"271,456,0"
951,"239,10,60"
952,"170,169,199"
953,"322,54,10"
954,"49,24,23"
955,"366,0,271"
956,"54,10,40"
957,"181,145,40"
958,"60,10,3"
959,"181,40,145"
960,"329,169,170"
961,"187,3,21"
962,"370,216,0"
963,"102,21,3"
964,"54,10,23"
965,"128,130,40"
966,"448,64,10"
967,"337,169,170"
968,"188,3,4"
969,"241,131,40"
970,"138,135,40"
971,"160,315,40"
972,"430,53,3"
973,"484,255,0"
974,"220,10,23"
975,"272,271,0"
976,"206,8,0"
977,"118,23,74"
978,"187,21,3"
979,"201,41,40"
980,"297,265,0"
981,"488,265,0"
982,"18,17,3"
983,"66,3,30"
984,"134,40,131"
985,"152,151,40"
986,"382,199,169"
987,"134,131,40"
988,"93,10,64"
989,"330,3,28"
990,"187,3,21"
991,"43,24,23"
992,"231,26,23"
993,"472,111,3"
994,"43,24,23"
995,"187,21,3"
996,"199,311,169"
997,"226,40,131"
998,"36,35,3"
999,"62,23,24"
1000,"340,265,0"
1001,"267,3,111"
1002,"449,271,0"
1003,"478,40,145"
1004,"502,40,145"
1005,"170,199,169"
1006,"42,41,40"
1007,"39,23,38"
1008,"170,337,169"
1009,"90,10,64"
1010,"78,23,38"
1011,"21,3,40"
1012,"21,115,3"
1013,"448,64,10"
1014,"170,311,169"
1015,"297,265,0"
1016,"24,23,38"
1017,"87,23,38"
1018,"187,21,3"
1019,"4,407,3"
1020,"359,213,0"
1021,"242,220,10"
1022,"488,265,0"
1023,"89,26,23"
1024,"19,4,3"
1025,"163,162,40"
1026,"456,271,0"
1027,"89,26,23"
1028,"3,126,21"
1029,"43,24,23"
1030,"241,131,40"
1031,"181,40,145"
1032,"324,40,41"
1033,"366,271,0"
1034,"340,265,0"
1035,"33,21,3"
1036,"275,3,111"
1037,"115,21,3"
1038,"187,21,3"
1039,"43,24,23"
1040,"458,0,277"
1041,"264,23,38"
1042,"297,265,0"
1043,"271,216,0"
1044,"90,10,64"
1045,"23,38,24"
1046,"21,3,40"
1047,"508,169,426"
1048,"220,10,23"
1049,"216,0,208"
1050,"93,64,10"
1051,"343,169,199"
1052,"242,220,10"
1053,"181,145,40"
1054,"185,184,40"
1055,"502,145,40"
1056,"326,105,23"
1057,"147,3,111"
1058,"301,3,21"
1059,"140,139,40"
1060,"43,24,23"
1061,"21,108,3"
1062,"115,21,3"
1063,"376,265,0"
1064,"52,3,51"
1065,"152,151,40"
1066,"264,23,38"
1067,"170,199,169"
1068,"224,41,40"
1069,"334,160,40"
1070,"97,5,3"
1071,"418,265,0"
1072,"239,60,10"
1073,"206,8,0"
1074,"182,3,21"
1075,"21,108,3"
1076,"318,105,23"
1077,"174,4,3"
1078,"152,151,40"
1079,"224,41,40"
1080,"506,13,3"
1081,"40,128,145"
1082,"89,26,23"
1083,"163,162,40"
1084,"139,160,40"
1085,"524,145,40"
1086,"304,216,0"
1087,"199,169,170"
1088,"187,21,3"
1089,"197,10,60"
1090,"278,277,0"
1091,"40,128,145"
1092,"91,38,23"
1093,"139,40,3"
1094,"199,169,170"
1095,"455,271,0"
1096,"3,17,15"
1097,"202,3,111"
1098,"160,40,41"
1099,"146,145,40"
1100,"469,288,0"
1101,"271,255,0"
1102,"287,53,3"
1103,"43,24,23"
1104,"187,21,3"
1105,"242,220,10"
1106,"308,8,0"
1107,"170,169,199"
1108,"24,23,38"
1109,"104,30,3"
1110,"239,60,10"
1111,"206,8,0"
1112,"396,395,40"
1113,"238,4,3"
1114,"169,170,199"
1115,"496,40,395"
1116,"96,31,23"
1117,"285,8,0"
1118,"497,288,0"
1119,"283,74,23"
1120,"93,10,64"
1121,"3,170,169"
1122,"169,170,311"
1123,"368,40,184"
1124,"21,33,3"
1125,"436,169,170"
1126,"311,169,170"
1127,"448,64,10"
1128,"501,313,0"
1129,"366,271,0"
1130,"206,8,0"
1131,"204,13,3"
1132,"415,265,0"
1133,"448,64,10"
1134,"205,11,10"
1135,"211,216,0"
1136,"42,41,40"
1137,"170,169,337"
1138,"221,220,10"
1139,"199,169,170"
1140,"2,1,0"
1141,"301,3,21"
1142,"220,10,23"
1143,"199,169,170"
1144,"12,10,11"
1145,"197,10,60"
1146,"22,21,3"
1147,"457,0,218"
1148,"240,23,38"
1149,"21,115,3"
1150,"392,3,4"
1151,"40,128,145"
1152,"145,10,40"
1153,"454,31,23"
1154,"402,145,40"
1155,"181,145,40"
1156,"145,10,40"
1157,"347,255,0"
1158,"308,8,0"
1159,"334,160,40"
1160,"169,170,199"
1161,"34,3,21"
1162,"231,26,23"
1163,"84,23,74"
1164,"340,265,0"
1165,"304,216,0"
1166,"187,3,21"
1167,"315,160,40"
1168,"444,271,0"
1169,"24,23,38"
1170,"354,216,0"
1171,"181,145,40"
1172,"19,4,3"
1173,"484,0,255"
1174,"297,265,0"
1175,"62,24,23"
1176,"242,10,220"
1177,"291,271,0"
1178,"65,64,10"
1179,"160,315,40"
1180,"170,169,3"
1181,"2,1,0"
1182,"340,265,0"
1183,"82,23,38"
1184,"308,8,0"
1185,"32,31,23"
1186,"220,10,23"
1187,"168,17,3"
1188,"290,31,23"
1189,"170,169,199"
1190,"32,31,23"
1191,"374,199,169"
1192,"181,40,145"
1193,"21,40,3"
1194,"349,265,0"
1195,"199,281,169"
1196,"435,4,3"
1197,"152,151,40"
1198,"349,265,0"
1199,"181,145,40"
1200,"205,11,10"
1201,"32,23,31"
1202,"21,3,40"
1203,"107,23,38"
1204,"493,145,40"
1205,"24,23,38"
1206,"235,8,0"
1207,"340,265,0"
1208,"220,221,10"
1209,"181,145,40"
1210,"134,40,131"
1211,"62,24,23"
1212,"448,64,10"
1213,"384,0,265"
1214,"350,26,23"
1215,"455,0,271"
1216,"382,199,169"
1217,"180,3,120"
1218,"123,111,3"
1219,"145,10,40"
1220,"199,169,170"
1221,"326,105,23"
1222,"311,170,169"
1223,"21,3,40"
1224,"226,40,131"
1225,"11,10,40"
1226,"250,40,135"
1227,"315,40,160"
1228,"478,40,145"
1229,"199,169,170"
1230,"175,40,128"
1231,"371,296,169"
1232,"285,8,0"
1233,"440,23,38"
1234,"448,64,10"
1235,"317,74,23"
1236,"455,0,271"
1237,"82,23,38"
1238,"328,31,23"
1239,"222,40,100"
1240,"456,271,0"
1241,"21,3,40"
1242,"264,23,38"
1243,"127,21,3"
1244,"11,10,40"
1245,"266,265,0"
1246,"431,135,40"
1247,"175,128,40"
1248,"93,64,10"
1249,"199,169,0"
1250,"205,11,10"
1251,"448,64,10"
1252,"301,21,3"
1253,"78,23,38"
1254,"224,41,40"
1255,"264,23,38"
1256,"188,3,4"
1257,"348,255,0"
1258,"455,271,0"
1259,"471,208,0"
1260,"21,3,169"
1261,"300,296,169"
1262,"93,64,10"
1263,"369,208,0"
1264,"402,145,40"
1265,"204,3,13"
1266,"18,17,3"
1267,"249,8,0"
1268,"231,26,23"
1269,"374,199,169"
1270,"42,41,40"
1271,"24,23,38"
1272,"48,3,21"
1273,"134,131,40"
1274,"374,169,199"
1275,"264,23,38"
1276,"199,170,169"
1277,"3,15,17"
1278,"386,135,40"
1279,"46,34,3"
1280,"334,160,40"
1281,"115,21,3"
1282,"145,10,40"
1283,"523,53,3"
1284,"66,3,30"
1285,"3,170,169"
1286,"272,271,0"
1287,"350,26,23"
1288,"129,128,40"
1289,"229,8,0"
1290,"220,510,10"
1291,"448,64,10"
1292,"32,31,23"
1293,"231,26,23"
1294,"349,265,0"
1295,"182,3,21"
1296,"57,5,3"
1297,"66,3,30"
1298,"42,41,40"
1299,"93,64,10"
1300,"438,265,0"
1301,"63,38,23"
1302,"21,3,5"
1303,"290,31,23"
1304,"7,3,4"
1305,"40,128,145"
1306,"182,3,21"
1307,"199,311,169"
1308,"339,337,169"
1309,"176,4,3"
1310,"153,139,40"
1311,"382,199,169"
1312,"509,0,218"
1313,"264,23,38"
1314,"440,23,38"
1315,"187,3,21"
1316,"430,53,3"
1317,"383,208,0"
1318,"199,169,170"
1319,"161,111,3"
1320,"93,64,10"
1321,"220,10,40"
1322,"41,40,23"
1323,"165,74,23"
1324,"318,105,23"
1325,"187,21,3"
1326,"231,26,23"
1327,"220,10,23"
1328,"153,139,40"
1329,"108,3,21"
1330,"79,64,10"
1331,"52,3,51"
1332,"187,3,21"
1333,"187,21,3"
1334,"355,271,0"
1335,"364,28,3"
1336,"14,13,3"
1337,"326,105,23"
1338,"21,127,3"
1339,"156,3,147"
1340,"187,21,3"
1341,"145,146,40"
1342,"170,169,337"
1343,"243,184,40"
1344,"220,510,10"
1345,"129,128,40"
1346,"231,26,23"
1347,"148,3,147"
1348,"138,135,40"
1349,"96,31,23"
1350,"405,8,0"
1351,"27,26,23"
1352,"188,3,4"
1353,"346,313,0"
1354,"287,53,3"
1355,"434,0,1"
1356,"452,169,296"
1357,"301,21,3"
1358,"467,53,3"
1359,"90,10,64"
1360,"244,135,40"
1361,"306,296,169"
1362,"81,3,30"
1363,"170,169,199"
1364,"187,21,3"
1365,"49,24,23"
1366,"240,23,38"
1367,"310,3,28"
1368,"286,41,40"
1369,"165,74,23"
1370,"429,271,0"
1371,"324,40,41"
1372,"145,10,40"
1373,"145,10,40"
1374,"95,54,10"
1375,"264,23,38"
1376,"148,3,147"
1377,"169,170,10"
1378,"242,10,220"
1379,"440,23,38"
1380,"264,23,38"
1381,"369,0,208"
1382,"148,3,147"
1383,"21,182,3"
1384,"21,3,301"
1385,"315,160,40"
1386,"181,40,145"
1387,"89,26,23"
1388,"205,11,10"
1389,"21,3,169"
1390,"18,17,3"
1391,"216,0,255"
1392,"187,3,21"
1393,"149,40,41"
1394,"164,21,3"
1395,"138,135,40"
1396,"264,23,38"
1397,"269,0,218"
1398,"82,23,38"
1399,"170,169,199"
1400,"317,74,23"
1401,"170,169,40"
1402,"3,331,5"
1403,"447,34,3"
1404,"95,54,10"
1405,"181,40,145"
1406,"18,17,3"
1407,"111,3,4"
1408,"238,4,3"
1409,"24,23,38"
1410,"96,31,23"
1411,"340,265,0"
1412,"187,3,21"
1413,"54,322,10"
1414,"510,220,10"
1415,"320,17,3"
1416,"325,53,3"
1417,"153,139,40"
1418,"228,3,5"
1419,"327,0,8"
1420,"119,111,3"
1421,"345,23,24"
1422,"315,160,40"
1423,"440,23,38"
1424,"368,184,40"
1425,"48,21,3"
1426,"311,169,0"
1427,"440,38,23"
1428,"145,10,40"
1429,"124,21,3"
1430,"55,54,10"
1431,"21,3,23"
1432,"264,23,38"
1433,"93,64,10"
1434,"54,83,10"
1435,"448,64,10"
1436,"420,169,296"
1437,"199,311,169"
1438,"49,24,23"
1439,"197,60,10"
1440,"96,31,23"
1441,"301,21,3"
1442,"458,277,0"
1443,"335,64,10"
1444,"478,145,40"
1445,"181,145,40"
1446,"118,23,74"
1447,"49,24,23"
1448,"402,145,40"
1449,"447,3,34"
1450,"269,0,218"
1451,"267,111,3"
1452,"10,60,3"
1453,"21,124,3"
1454,"145,10,40"
1455,"160,302,40"
1456,"3,108,21"
1457,"224,41,40"
1458,"187,21,3"
1459,"199,311,169"
1460,"43,24,23"
1461,"112,111,3"
1462,"12,11,10"
1463,"264,23,38"
1464,"43,24,23"
1465,"129,128,40"
1466,"231,26,23"
1467,"181,145,40"
1468,"206,8,0"
1469,"118,23,74"
1470,"427,426,169"
1471,"43,24,23"
1472,"475,0,218"
1473,"140,139,40"
1474,"7,4,3"
1475,"90,64,10"
1476,"493,145,40"
1477,"4,7,3"
1478,"271,0,255"
1479,"186,40,128"
1480,"74,23,38"
1481,"338,64,10"
1482,"148,3,147"
1483,"276,265,0"
1484,"239,60,10"
1485,"447,34,3"
1486,"430,3,53"
1487,"430,53,3"
1488,"187,21,3"
1489,"131,40,160"
1490,"451,3,50"
1491,"169,170,199"
1492,"43,24,23"
1493,"456,271,0"
1494,"32,23,31"
1495,"406,40,131"
1496,"92,60,10"
1497,"40,169,296"
1498,"87,23,38"
1499,"226,131,40"
1500,"82,23,38"
1501,"301,21,3"
1502,"329,169,170"
1503,"220,10,40"
1504,"240,38,23"
1505,"160,3,40"
1506,"417,169,296"
1507,"103,23,38"
1508,"21,115,3"
1509,"400,255,0"
1510,"21,187,3"
1511,"170,169,199"
1512,"138,135,40"
1513,"206,8,0"
1514,"431,40,135"
1515,"204,3,13"
1516,"339,337,169"
1517,"340,265,0"
1518,"420,169,296"
1519,"3,28,5"
1520,"382,169,199"
1521,"181,145,40"
1522,"21,3,0"
1523,"49,24,23"
1524,"489,60,10"
1525,"11,10,40"
1526,"49,24,23"
1527,"90,64,10"
1528,"279,249,0"
1529,"82,23,38"
1530,"199,169,23"
1531,"220,10,23"
1532,"461,64,10"
1533,"242,10,220"
1534,"145,10,40"
1535,"25,24,23"
1536,"170,0,169"
1537,"417,169,296"
1538,"340,265,0"
1539,"15,3,53"
1540,"91,23,38"
1541,"187,3,21"
1542,"21,102,3"
1543,"138,135,40"
1544,"10,145,40"
1545,"129,128,40"
1546,"153,139,40"
1547,"60,10,3"
1548,"145,10,40"
1549,"242,10,220"
1550,"216,0,208"
1551,"4,238,3"
1552,"247,160,40"
1553,"435,4,3"
1554,"474,3,111"
1555,"439,208,0"
1556,"199,169,170"
1557,"203,147,3"
1558,"220,10,23"
1559,"181,40,145"
1560,"277,1,0"
1561,"90,64,10"
1562,"172,3,21"
1563,"63,38,23"
1564,"115,21,3"
1565,"138,135,40"
1566,"54,10,23"
1567,"457,0,218"
1568,"317,74,23"
1569,"8,206,0"
1570,"90,64,10"
1571,"496,395,40"
1572,"187,21,3"
1573,"296,411,169"
1574,"24,23,38"
1575,"54,10,40"
1576,"137,23,38"
1577,"148,147,3"
1578,"129,128,40"
1579,"199,356,169"
1580,"187,21,3"
1581,"153,40,139"
1582,"181,40,145"
1583,"417,169,296"
1584,"108,3,21"
1585,"250,135,40"
1586,"199,169,10"
1587,"301,3,21"
1588,"242,10,220"
1589,"317,74,23"
1590,"334,160,40"
1591,"145,40,10"
1592,"170,169,199"
1593,"170,169,199"
1594,"181,145,40"
1595,"170,169,199"
1596,"195,128,40"
1597,"180,3,120"
1598,"6,3,5"
1599,"264,23,38"
1600,"199,169,0"
1601,"186,40,128"
1602,"448,64,10"
1603,"205,11,10"
1604,"455,271,0"
1605,"191,41,40"
1606,"149,41,40"
1607,"460,296,169"
1608,"494,40,184"
1609,"100,40,128"
1610,"49,24,23"
1611,"185,40,184"
1612,"137,23,38"
1613,"3,311,169"
1614,"281,199,169"
1615,"122,3,13"
1616,"361,271,0"
1617,"240,23,38"
1618,"305,21,3"
1619,"220,10,23"
1620,"3,311,169"
1621,"199,311,169"
1622,"431,40,135"
1623,"420,296,169"
1624,"353,271,0"
1625,"318,105,23"
1626,"515,265,0"
1627,"74,23,3"
1628,"202,3,111"
1629,"134,40,131"
1630,"43,24,23"
1631,"145,40,23"
1632,"249,23,0"
1633,"267,111,3"
1634,"80,64,10"
1635,"484,255,0"
1636,"105,38,23"
1637,"276,265,0"
1638,"174,3,4"
1639,"406,131,40"
1640,"21,3,169"
1641,"182,21,3"
1642,"209,208,0"
1643,"376,0,265"
1644,"181,145,40"
1645,"469,288,0"
1646,"181,145,40"
1647,"371,169,296"
1648,"420,169,296"
1649,"192,23,38"
1650,"93,64,10"
1651,"340,265,0"
1652,"126,21,3"
1653,"304,216,0"
1654,"21,102,3"
1655,"247,160,40"
1656,"49,24,23"
1657,"260,170,169"
1658,"148,3,147"
1659,"455,0,271"
1660,"96,31,23"
1661,"228,5,3"
1662,"128,130,40"
1663,"40,131,134"
1664,"4,19,3"
1665,"264,23,38"
1666,"140,139,40"
1667,"145,10,40"
1668,"113,28,3"
1669,"134,40,131"
1670,"349,265,0"
1671,"145,10,40"
1672,"115,21,3"
1673,"287,53,3"
1674,"129,128,40"
1675,"43,24,23"
1676,"271,522,0"
1677,"448,64,10"
1678,"346,313,0"
1679,"123,111,3"
1680,"43,24,23"
1681,"400,255,0"
1682,"206,8,0"
1683,"21,108,3"
1684,"21,3,169"
1685,"277,1,0"
1686,"22,3,21"
1687,"17,40,3"
1688,"187,21,3"
1689,"134,40,131"
1690,"367,40,100"
1691,"263,34,3"
1692,"199,169,170"
1693,"3,238,4"
1694,"458,0,277"
1695,"201,41,40"
1696,"54,220,10"
1697,"466,40,131"
1698,"182,3,21"
1699,"191,41,40"
1700,"10,145,40"
1701,"419,11,10"
1702,"21,3,40"
1703,"340,265,0"
1704,"10,60,3"
1705,"523,3,53"
1706,"203,147,3"
1707,"415,265,0"
1708,"316,30,3"
1709,"494,40,184"
1710,"61,60,10"
1711,"216,265,0"
1712,"24,23,38"
1713,"319,211,0"
1714,"284,3,111"
1715,"170,169,199"
1716,"16,15,3"
1717,"304,216,0"
1718,"296,300,169"
1719,"345,24,23"
1720,"40,76,23"
1721,"43,24,23"
1722,"12,11,10"
1723,"54,10,40"
1724,"47,24,23"
1725,"326,105,23"
1726,"231,26,23"
1727,"317,23,74"
1728,"11,10,40"
1729,"326,105,23"
1730,"187,3,21"
1731,"199,169,170"
1732,"170,311,169"
1733,"93,64,10"
1734,"21,3,40"
1735,"363,271,0"
1736,"264,23,38"
1737,"170,169,199"
1738,"181,145,40"
1739,"497,0,288"
1740,"48,3,21"
1741,"182,21,3"
1742,"257,216,0"
1743,"381,357,0"
1744,"48,21,3"
1745,"21,127,3"
1746,"115,3,21"
1747,"3,52,51"
1748,"89,26,23"
1749,"448,64,10"
1750,"478,40,145"
1751,"290,31,23"
1752,"89,26,23"
1753,"271,456,0"
1754,"181,40,145"
1755,"431,135,40"
1756,"163,40,162"
1757,"418,265,0"
1758,"346,313,0"
1759,"231,26,23"
1760,"309,23,38"
1761,"416,53,3"
1762,"145,10,40"
1763,"170,199,169"
1764,"220,510,10"
1765,"21,102,3"
1766,"138,135,40"
1767,"391,8,0"
1768,"108,21,3"
1769,"187,3,21"
1770,"40,128,145"
1771,"8,285,0"
1772,"115,3,21"
1773,"21,40,3"
1774,"10,145,40"
1775,"356,199,169"
1776,"448,64,10"
1777,"228,3,5"
1778,"21,102,3"
1779,"21,3,40"
1780,"343,199,169"
1781,"199,311,169"
1782,"348,255,0"
1783,"231,23,26"
1784,"129,128,40"
1785,"184,169,40"
1786,"82,23,38"
1787,"145,402,40"
1788,"149,41,40"
1789,"281,199,169"
1790,"307,74,23"
1791,"220,10,40"
1792,"23,24,38"
1793,"489,60,10"
1794,"40,76,23"
1795,"254,216,0"
1796,"264,23,38"
1797,"145,10,40"
1798,"192,23,38"
1799,"21,3,169"
1800,"96,31,23"
1801,"271,0,169"
1802,"187,21,3"
1803,"490,265,0"
1804,"23,38,24"
1805,"235,8,0"
1806,"187,21,3"
1807,"115,21,3"
1808,"21,40,3"
1809,"32,31,23"
1810,"134,40,131"
1811,"467,3,53"
1812,"228,5,3"
1813,"326,105,23"
1814,"230,229,0"
1815,"25,24,23"
1816,"224,41,40"
1817,"21,187,3"
1818,"181,40,145"
1819,"318,105,23"
1820,"62,24,23"
1821,"118,23,74"
1822,"3,21,169"
1823,"350,26,23"
1824,"41,160,40"
1825,"264,23,38"
1826,"54,10,40"
1827,"448,64,10"
1828,"21,3,102"
1829,"170,169,199"
1830,"508,169,426"
1831,"2,1,0"
1832,"209,208,0"
1833,"126,3,21"
1834,"170,169,0"
1835,"346,313,0"
1836,"96,31,23"
1837,"54,10,40"
1838,"523,53,3"
1839,"369,208,0"
1840,"145,40,10"
1841,"153,139,40"
1842,"68,3,53"
1843,"124,21,3"
1844,"304,216,0"
1845,"493,145,40"
1846,"494,40,184"
1847,"24,23,38"
1848,"355,271,0"
1849,"204,3,13"
1850,"15,16,3"
1851,"24,38,23"
1852,"126,21,3"
1853,"241,131,40"
1854,"93,10,64"
1855,"306,296,169"
1856,"206,8,0"
1857,"163,40,162"
1858,"201,41,40"
1859,"209,0,208"
1860,"88,23,38"
1861,"177,3,30"
1862,"346,313,0"
1863,"93,64,10"
1864,"32,31,23"
1865,"134,40,131"
1866,"488,265,0"
1867,"508,169,426"
1868,"382,199,169"
1869,"206,8,0"
1870,"315,160,40"
1871,"399,265,0"
1872,"199,169,311"
1873,"340,265,0"
1874,"24,23,38"
1875,"241,40,131"
1876,"96,31,23"
1877,"43,24,23"
1878,"21,3,108"
1879,"346,313,0"
1880,"370,216,0"
1881,"169,199,170"
1882,"233,51,3"
1883,"118,74,23"
1884,"187,21,3"
1885,"19,3,4"
1886,"153,139,40"
1887,"181,40,145"
1888,"93,64,10"
1889,"33,21,3"
1890,"118,23,74"
1891,"16,15,3"
1892,"348,255,0"
1893,"242,10,220"
1894,"309,38,23"
1895,"206,8,0"
1896,"25,24,23"
1897,"335,64,10"
1898,"19,4,3"
1899,"346,313,0"
1900,"250,40,135"
1901,"332,3,53"
1902,"382,169,199"
1903,"21,3,169"
1904,"168,17,3"
1905,"523,3,53"
1906,"291,271,0"
1907,"515,265,0"
1908,"123,111,3"
1909,"238,4,3"
1910,"8,405,0"
1911,"221,220,10"
1912,"304,216,0"
1913,"388,111,3"
1914,"260,170,169"
1915,"271,255,0"
1916,"148,3,147"
1917,"457,0,218"
1918,"321,271,0"
1919,"431,135,40"
1920,"284,111,3"
1921,"448,64,10"
1922,"118,23,74"
1923,"238,4,3"
1924,"42,41,40"
1925,"100,3,40"
1926,"188,3,4"
1927,"456,271,0"
1928,"170,311,169"
1929,"228,5,3"
1930,"189,135,40"
1931,"62,23,24"
1932,"271,0,255"
1933,"3,15,17"
1934,"326,105,23"
1935,"118,23,74"
1936,"199,169,170"
1937,"286,41,40"
1938,"301,3,21"
1939,"508,169,426"
1940,"242,10,220"
1941,"369,208,0"
1942,"271,0,1"
1943,"300,296,169"
1944,"420,169,296"
1945,"247,160,40"
1946,"283,74,23"
1947,"165,74,23"
1948,"220,10,23"
1949,"14,13,3"
1950,"165,23,74"
1951,"420,296,169"
1952,"199,169,40"
1953,"407,4,3"
1954,"220,10,23"
1955,"126,21,3"
1956,"64,473,10"
1957,"388,3,111"
1958,"148,3,147"
1959,"409,265,0"
1960,"77,31,23"
1961,"3,108,21"
1962,"221,220,10"
1963,"93,64,10"
1964,"306,169,296"
1965,"396,395,40"
1966,"12,11,10"
1967,"317,74,23"
1968,"93,64,10"
1969,"456,271,0"
1970,"62,24,23"
1971,"220,10,23"
1972,"220,10,23"
1973,"382,169,199"
1974,"326,105,23"
1975,"349,265,0"
1976,"271,0,255"
1977,"50,3,23"
1978,"271,265,0"
1979,"206,8,0"
1980,"43,24,23"
1981,"3,435,4"
1982,"524,145,40"
1983,"3,21,53"
1984,"235,8,0"
1985,"181,145,40"
1986,"434,0,1"
1987,"355,271,0"
1988,"40,131,486"
1989,"220,10,23"
1990,"3,311,169"
1991,"242,10,220"
1992,"115,21,3"
1993,"204,3,13"
1994,"21,102,3"
1995,"430,53,3"
1996,"508,169,426"
1997,"199,311,169"
1998,"494,184,40"
1999,"335,64,10"
2000,"415,265,0"
2001,"181,40,145"
2002,"42,41,40"
2003,"264,23,38"
2004,"187,21,3"
2005,"199,169,170"
2006,"404,111,3"
2007,"209,0,208"
2008,"90,64,10"
2009,"60,10,3"
2010,"199,169,170"
2011,"199,337,169"
2012,"448,64,10"
2013,"271,0,255"
2014,"340,265,0"
2015,"8,206,0"
2016,"96,31,23"
2017,"317,74,23"
2018,"430,53,3"
2019,"326,105,23"
2020,"340,265,0"
2021,"187,21,3"
2022,"301,3,21"
2023,"523,53,3"
2024,"40,128,145"
2025,"187,3,21"
2026,"301,21,3"
2027,"350,26,23"
2028,"438,0,265"
2029,"145,10,40"
2030,"131,40,134"
2031,"264,23,38"
2032,"199,169,170"
2033,"43,24,23"
2034,"42,40,41"
2035,"436,169,170"
2036,"63,23,38"
2037,"228,5,3"
2038,"21,187,3"
2039,"221,10,220"
2040,"42,40,41"
2041,"187,3,21"
2042,"243,184,40"
2043,"349,265,0"
2044,"360,0,271"
2045,"230,229,0"
2046,"264,23,38"
2047,"459,169,170"
2048,"205,11,10"
2049,"123,111,3"
2050,"264,23,38"
2051,"3,311,169"
2052,"21,33,3"
2053,"146,145,40"
2054,"32,31,23"
2055,"461,64,10"
2056,"170,169,199"
2057,"429,271,0"
2058,"115,21,3"
2059,"21,40,3"
2060,"32,23,31"
2061,"21,3,40"
2062,"168,17,3"
2063,"264,23,38"
2064,"181,40,145"
2065,"282,111,3"
2066,"109,11,10"
2067,"90,10,64"
2068,"188,4,3"
2069,"49,24,23"
2070,"93,10,64"
2071,"168,17,3"
2072,"518,28,3"
2073,"23,24,38"
2074,"21,3,169"
2075,"84,23,74"
2076,"96,31,23"
2077,"148,3,147"
2078,"170,169,199"
2079,"199,169,311"
2080,"434,0,1"
2081,"160,315,40"
2082,"308,8,0"
2083,"441,3,111"
2084,"343,169,199"
2085,"199,169,170"
2086,"199,311,169"
2087,"40,149,41"
2088,"140,139,40"
2089,"471,208,0"
2090,"350,26,23"
2091,"209,208,0"
2092,"97,3,5"
2093,"376,265,0"
2094,"311,199,169"
2095,"235,8,0"
2096,"380,216,0"
2097,"382,199,169"
2098,"489,60,10"
2099,"322,54,10"
2100,"240,23,38"
2101,"187,21,3"
2102,"112,111,3"
2103,"431,135,40"
2104,"90,64,10"
2105,"129,128,40"
2106,"24,23,38"
2107,"170,169,199"
2108,"21,164,3"
2109,"249,0,8"
2110,"199,169,170"
2111,"21,3,40"
2112,"214,213,0"
2113,"93,64,10"
2114,"175,128,40"
2115,"271,265,0"
2116,"156,147,3"
2117,"340,265,0"
2118,"145,10,40"
2119,"418,265,0"
2120,"145,10,40"
2121,"350,26,23"
2122,"226,40,131"
2123,"382,199,169"
2124,"181,40,145"
2125,"239,60,10"
2126,"12,10,11"
2127,"156,3,147"
2128,"304,216,0"
2129,"3,311,169"
2130,"11,10,40"
2131,"404,111,3"
2132,"93,64,10"
2133,"48,21,3"
2134,"93,64,10"
2135,"161,111,3"
2136,"252,213,0"
2137,"402,145,40"
2138,"139,40,3"
2139,"435,4,3"
2140,"21,3,169"
2141,"226,40,131"
2142,"63,23,38"
2143,"3,15,17"
2144,"181,145,40"
2145,"181,40,145"
2146,"230,229,0"
2147,"522,271,0"
2148,"221,220,10"
2149,"418,265,0"
2150,"240,23,38"
2151,"93,10,64"
2152,"41,3,40"
2153,"76,40,23"
2154,"391,8,0"
2155,"301,3,21"
2156,"62,24,23"
2157,"181,40,145"
2158,"367,40,100"
2159,"145,40,10"
2160,"87,23,38"
2161,"393,53,3"
2162,"326,105,23"
2163,"123,111,3"
2164,"84,23,74"
2165,"169,170,199"
2166,"220,10,40"
2167,"243,184,40"
2168,"159,40,131"
2169,"169,199,170"
2170,"308,8,0"
2171,"315,160,40"
2172,"169,337,199"
2173,"243,184,40"
2174,"206,8,0"
2175,"438,265,0"
2176,"48,21,3"
2177,"317,23,74"
2178,"24,23,38"
2179,"18,17,3"
2180,"43,24,23"
2181,"406,131,40"
2182,"369,208,0"
2183,"285,8,0"
2184,"270,8,0"
2185,"3,15,17"
2186,"33,21,3"
2187,"151,40,184"
2188,"43,24,23"
2189,"187,21,3"
2190,"187,21,3"
2191,"83,54,10"
2192,"62,24,23"
2193,"168,17,3"
2194,"68,3,53"
2195,"199,169,311"
2196,"434,1,0"
2197,"241,40,131"
2198,"326,105,23"
2199,"340,265,0"
2200,"204,3,13"
2201,"355,271,0"
2202,"524,145,40"
2203,"170,169,199"
2204,"49,23,24"
2205,"32,31,23"
2206,"124,21,3"
2207,"469,288,0"
2208,"346,313,0"
2209,"199,169,3"
2210,"92,10,60"
2211,"304,216,0"
2212,"156,3,147"
2213,"122,3,13"
2214,"406,131,40"
2215,"304,216,0"
2216,"3,311,169"
2217,"40,406,131"
2218,"220,10,23"
2219,"515,265,0"
2220,"220,10,0"
2221,"226,40,131"
2222,"96,31,23"
2223,"397,0,313"
2224,"24,23,38"
2225,"435,4,3"
2226,"305,21,3"
2227,"510,220,10"
2228,"206,8,0"
2229,"319,211,0"
2230,"93,10,64"
2231,"220,10,23"
2232,"24,23,38"
2233,"264,23,38"
2234,"12,11,10"
2235,"145,40,23"
2236,"326,105,23"
2237,"391,8,0"
2238,"326,105,23"
2239,"349,265,0"
2240,"331,3,5"
2241,"115,21,3"
2242,"4,238,3"
2243,"315,40,160"
2244,"80,64,10"
2245,"402,145,40"
2246,"500,21,3"
2247,"220,10,23"
2248,"43,24,23"
2249,"55,54,10"
2250,"130,128,40"
2251,"447,3,34"
2252,"225,3,120"
2253,"369,208,0"
2254,"250,40,135"
2255,"11,10,40"
2256,"18,17,3"
2257,"235,8,0"
2258,"271,255,0"
2259,"220,10,23"
2260,"473,64,10"
2261,"118,23,74"
2262,"233,51,3"
2263,"138,135,40"
2264,"372,255,0"
2265,"40,151,3"
2266,"199,169,170"
2267,"10,145,40"
2268,"211,216,0"
2269,"93,64,10"
2270,"183,3,4"
2271,"62,24,23"
2272,"431,135,40"
2273,"4,435,3"
2274,"447,3,34"
2275,"336,296,169"
2276,"55,54,10"
2277,"343,169,199"
2278,"21,3,40"
2279,"256,255,0"
2280,"216,0,255"
2281,"43,24,23"
2282,"343,169,199"
2283,"89,26,23"
2284,"460,296,169"
2285,"340,265,0"
2286,"97,5,3"
2287,"85,3,147"
2288,"3,320,17"
2289,"220,242,10"
2290,"40,128,145"
2291,"138,135,40"
2292,"435,3,4"
2293,"118,74,23"
2294,"272,271,0"
2295,"205,11,10"
2296,"220,10,23"
2297,"3,337,169"
2298,"220,10,23"
2299,"138,135,40"
2300,"456,271,0"
2301,"48,21,3"
2302,"240,23,38"
2303,"236,135,40"
2304,"187,3,21"
2305,"100,3,40"
2306,"340,265,0"
2307,"186,40,128"
2308,"346,313,0"
2309,"18,17,3"
2310,"54,322,10"
2311,"453,0,208"
2312,"21,3,169"
2313,"483,1,0"
2314,"220,10,40"
2315,"83,54,10"
2316,"457,218,0"
2317,"384,265,0"
2318,"326,105,23"
2319,"276,265,0"
2320,"435,4,3"
2321,"62,24,23"
2322,"370,216,0"
2323,"497,0,288"
2324,"339,337,169"
2325,"273,0,265"
2326,"216,0,277"
2327,"457,0,218"
2328,"54,10,40"
2329,"160,40,0"
2330,"32,23,31"
2331,"455,271,0"
2332,"337,169,170"
2333,"264,23,38"
2334,"308,0,8"
2335,"350,26,23"
2336,"160,302,40"
2337,"326,105,23"
2338,"435,4,3"
2339,"3,15,17"
2340,"62,23,24"
2341,"264,23,38"
2342,"3,66,30"
2343,"91,23,38"
2344,"247,160,40"
2345,"467,3,53"
2346,"118,23,74"
2347,"221,10,220"
2348,"3,170,169"
2349,"343,199,169"
2350,"90,64,10"
2351,"10,60,3"
2352,"21,3,53"
2353,"220,10,23"
2354,"488,265,0"
2355,"11,10,40"
2356,"187,21,3"
2357,"170,169,199"
2358,"199,169,170"
2359,"23,38,24"
2360,"384,265,0"
2361,"145,10,40"
2362,"328,31,23"
2363,"224,40,41"
2364,"115,21,3"
2365,"129,128,40"
2366,"220,242,10"
2367,"163,162,40"
2368,"165,23,74"
2369,"145,10,40"
2370,"474,111,3"
2371,"231,26,23"
2372,"32,31,23"
2373,"220,242,10"
2374,"326,105,23"
2375,"54,10,40"
2376,"42,41,40"
2377,"376,0,265"
2378,"3,311,169"
2379,"145,40,10"
2380,"214,213,0"
2381,"349,265,0"
2382,"21,40,3"
2383,"112,111,3"
2384,"478,145,40"
2385,"21,3,126"
2386,"406,131,40"
2387,"436,169,170"
2388,"264,23,38"
2389,"170,169,199"
2390,"388,3,111"
2391,"10,60,3"
2392,"185,184,40"
2393,"156,3,147"
2394,"11,10,40"
2395,"471,208,0"
2396,"242,220,10"
2397,"55,54,10"
2398,"170,169,199"
2399,"224,41,40"
2400,"25,24,23"
2401,"49,24,23"
2402,"337,3,169"
2403,"438,0,265"
2404,"108,21,3"
2405,"181,145,40"
2406,"250,40,135"
2407,"11,10,40"
2408,"43,24,23"
2409,"145,10,40"
2410,"181,145,40"
2411,"40,76,23"
2412,"21,3,40"
2413,"224,41,40"
2414,"62,24,23"
2415,"523,53,3"
2416,"118,23,74"
2417,"93,10,64"
2418,"264,23,38"
2419,"80,64,10"
2420,"187,3,21"
2421,"43,24,23"
2422,"325,3,53"
2423,"21,3,169"
2424,"4,19,3"
2425,"448,64,10"
2426,"182,3,21"
2427,"337,23,169"
2428,"118,74,23"
2429,"506,13,3"
2430,"308,8,0"
2431,"129,128,40"
2432,"360,271,0"
2433,"383,208,0"
2434,"148,147,3"
2435,"21,102,3"
2436,"281,199,169"
2437,"84,23,74"
2438,"343,169,199"
2439,"160,3,40"
2440,"145,10,40"
2441,"249,0,265"
2442,"93,64,10"
2443,"104,30,3"
2444,"139,40,131"
2445,"152,151,40"
2446,"54,10,23"
2447,"231,26,23"
2448,"40,142,131"
2449,"220,10,23"
2450,"447,34,3"
2451,"391,8,0"
2452,"288,40,0"
2453,"138,135,40"
2454,"199,169,170"
2455,"456,271,0"
2456,"128,129,40"
2457,"169,170,199"
2458,"306,296,169"
2459,"11,10,40"
2460,"187,3,21"
2461,"145,10,40"
2462,"85,86,3"
2463,"108,21,3"
2464,"90,10,64"
2465,"337,0,169"
2466,"493,145,40"
2467,"170,169,0"
2468,"220,221,10"
2469,"96,31,23"
2470,"448,64,10"
2471,"220,10,23"
2472,"306,296,169"
2473,"18,17,3"
2474,"40,313,0"
2475,"428,296,169"
2476,"21,3,169"
2477,"181,40,145"
2478,"68,3,53"
2479,"267,111,3"
2480,"32,23,31"
2481,"431,135,40"
2482,"145,10,40"
2483,"17,18,3"
2484,"49,24,23"
2485,"199,169,3"
2486,"319,211,0"
2487,"425,265,0"
2488,"258,31,23"
2489,"305,21,3"
2490,"18,17,3"
2491,"349,265,0"
2492,"456,271,0"
2493,"54,10,60"
2494,"376,0,265"
2495,"510,220,10"
2496,"42,40,41"
2497,"495,105,23"
2498,"241,40,131"
2499,"456,271,0"
2500,"170,169,40"
2501,"170,337,169"
2502,"89,26,23"
2503,"497,288,0"
2504,"226,40,131"
2505,"27,26,23"
2506,"129,128,40"
2507,"41,3,40"
2508,"508,169,426"
2509,"145,10,40"
2510,"43,24,23"
2511,"224,41,40"
2512,"209,0,208"
2513,"129,128,40"
2514,"448,64,10"
2515,"187,21,3"
2516,"264,23,38"
2517,"43,24,23"
2518,"493,145,40"
2519,"134,131,40"
2520,"264,23,38"
2521,"202,3,111"
2522,"204,3,13"
2523,"311,199,169"
2524,"181,145,40"
2525,"370,216,0"
2526,"43,24,23"
2527,"39,23,38"
2528,"370,0,216"
2529,"206,8,0"
2530,"263,34,3"
2531,"454,31,23"
2532,"206,8,0"
2533,"448,64,10"
2534,"346,313,0"
2535,"316,30,3"
2536,"497,0,288"
2537,"181,145,40"
2538,"115,21,3"
2539,"311,170,169"
2540,"11,10,40"
2541,"340,265,0"
2542,"63,23,38"
2543,"224,41,40"
2544,"213,271,0"
2545,"368,40,184"
2546,"376,265,0"
2547,"195,40,128"
2548,"440,23,38"
2549,"350,26,23"
2550,"374,169,199"
2551,"90,64,10"
2552,"138,135,40"
2553,"82,38,23"
2554,"10,145,40"
2555,"182,3,21"
2556,"448,64,10"
2557,"334,160,40"
2558,"170,169,199"
2559,"21,40,3"
2560,"54,10,40"
2561,"325,3,53"
2562,"92,10,60"
2563,"399,265,0"
2564,"186,40,128"
2565,"181,145,40"
2566,"129,40,128"
2567,"123,111,3"
2568,"256,255,0"
2569,"493,145,40"
2570,"271,255,0"
2571,"21,3,0"
2572,"239,60,10"
2573,"240,23,38"
2574,"262,105,23"
2575,"25,24,23"
2576,"157,3,120"
2577,"49,24,23"
2578,"33,21,3"
2579,"473,10,64"
2580,"454,31,23"
2581,"326,105,23"
2582,"490,265,0"
2583,"186,40,128"
2584,"467,3,53"
2585,"300,296,169"
2586,"519,105,23"
2587,"42,41,40"
2588,"3,15,17"
2589,"168,17,3"
2590,"523,53,3"
2591,"376,265,0"
2592,"431,40,135"
2593,"90,10,64"
2594,"331,5,3"
2595,"199,169,170"
2596,"420,296,169"
2597,"241,131,40"
2598,"186,40,128"
2599,"206,8,0"
2600,"334,160,40"
2601,"484,0,255"
2602,"414,10,60"
2603,"241,131,40"
2604,"18,3,17"
2605,"350,26,23"
2606,"457,0,218"
2607,"141,40,135"
2608,"350,26,23"
2609,"138,40,135"
2610,"43,24,23"
2611,"271,0,1"
2612,"181,145,40"
2613,"145,40,10"
2614,"309,23,38"
2615,"286,40,41"
2616,"43,24,23"
2617,"90,64,10"
2618,"391,0,8"
2619,"343,169,199"
2620,"250,40,135"
2621,"276,265,0"
2622,"181,40,145"
2623,"447,3,34"
2624,"523,53,3"
2625,"340,265,0"
2626,"241,131,40"
2627,"21,3,169"
2628,"137,38,23"
2629,"457,0,218"
2630,"370,216,0"
2631,"129,128,40"
2632,"21,3,169"
2633,"32,31,23"
2634,"41,201,40"
2635,"199,169,170"
2636,"249,216,0"
2637,"337,339,169"
2638,"262,105,23"
2639,"156,3,147"
2640,"335,64,10"
2641,"40,131,160"
2642,"283,23,74"
2643,"343,169,199"
2644,"243,184,40"
2645,"21,3,34"
2646,"170,169,311"
2647,"85,3,40"
2648,"340,265,0"
2649,"349,265,0"
2650,"334,160,40"
2651,"124,21,3"
2652,"524,145,40"
2653,"3,52,51"
2654,"134,40,131"
2655,"473,64,10"
2656,"40,226,131"
2657,"317,74,23"
2658,"448,64,10"
2659,"220,10,0"
2660,"19,4,3"
2661,"187,3,21"
2662,"124,21,3"
2663,"43,24,23"
2664,"329,169,170"
2665,"350,26,23"
2666,"174,3,4"
2667,"156,3,147"
2668,"275,111,3"
2669,"43,24,23"
2670,"109,10,11"
2671,"90,10,64"
2672,"267,3,111"
2673,"454,31,23"
2674,"145,10,40"
2675,"126,21,3"
2676,"131,486,40"
2677,"127,21,3"
2678,"21,3,126"
2679,"419,10,11"
2680,"340,265,0"
2681,"343,169,199"
2682,"355,271,0"
2683,"66,30,3"
2684,"319,211,0"
2685,"90,64,10"
2686,"4,238,3"
2687,"169,170,199"
2688,"17,3,53"
2689,"21,126,3"
2690,"237,34,3"
2691,"199,169,23"
2692,"40,131,132"
2693,"496,395,40"
2694,"187,3,21"
2695,"494,184,40"
2696,"118,23,74"
2697,"448,64,10"
2698,"247,160,40"
2699,"406,40,131"
2700,"224,41,40"
2701,"66,3,30"
2702,"326,105,23"
2703,"238,3,4"
2704,"224,41,40"
2705,"199,169,311"
2706,"264,23,38"
2707,"199,169,311"
2708,"229,8,0"
2709,"241,131,40"
2710,"42,41,40"
2711,"309,23,38"
2712,"199,170,169"
2713,"65,64,10"
2714,"110,53,3"
2715,"311,169,40"
2716,"488,265,0"
2717,"427,426,169"
2718,"300,296,169"
2719,"199,169,311"
2720,"145,40,10"
2721,"355,271,0"
2722,"304,216,0"
2723,"170,169,3"
2724,"49,24,23"
2725,"409,265,0"
2726,"311,170,169"
2727,"181,145,40"
2728,"220,10,23"
2729,"434,0,1"
2730,"406,131,40"
2731,"187,3,21"
2732,"62,23,24"
2733,"115,21,3"
2734,"181,40,145"
2735,"498,0,288"
2736,"12,11,10"
2737,"66,3,30"
2738,"199,169,311"
2739,"221,220,10"
2740,"431,135,40"
2741,"521,0,208"
2742,"118,23,74"
2743,"118,23,74"
2744,"148,3,147"
2745,"49,24,23"
2746,"90,64,10"
2747,"315,160,40"
2748,"226,40,131"
2749,"32,31,23"
2750,"62,24,23"
2751,"250,40,135"
2752,"119,111,3"
2753,"115,21,3"
2754,"181,145,40"
2755,"448,64,10"
2756,"271,0,255"
2757,"309,23,38"
2758,"326,105,23"
2759,"220,10,23"
2760,"21,102,3"
2761,"249,8,0"
2762,"334,160,40"
2763,"220,10,23"
2764,"42,41,40"
2765,"415,265,0"
2766,"163,162,40"
2767,"330,28,3"
2768,"160,315,40"
2769,"160,196,40"
2770,"199,170,169"
2771,"10,60,3"
2772,"40,134,131"
2773,"181,145,40"
2774,"148,3,147"
2775,"205,11,10"
2776,"137,23,38"
2777,"375,3,4"
2778,"2,0,1"
2779,"438,0,265"
2780,"187,3,21"
2781,"453,0,208"
2782,"214,213,0"
2783,"264,23,38"
2784,"18,17,3"
2785,"220,510,10"
2786,"181,40,145"
2787,"118,23,74"
2788,"199,169,170"
2789,"175,128,40"
2790,"241,131,40"
2791,"226,131,40"
2792,"123,111,3"
2793,"199,170,169"
2794,"66,30,3"
2795,"21,40,3"
2796,"163,40,162"
2797,"469,288,0"
2798,"40,128,145"
2799,"405,8,0"
2800,"270,8,0"
2801,"199,281,169"
2802,"448,64,10"
2803,"241,40,131"
2804,"8,211,0"
2805,"181,40,145"
2806,"186,40,128"
2807,"115,21,3"
2808,"54,10,40"
2809,"448,64,10"
2810,"206,8,0"
2811,"407,4,3"
2812,"434,0,1"
2813,"93,64,10"
2814,"42,40,41"
2815,"467,53,3"
2816,"199,169,337"
2817,"50,3,23"
2818,"18,17,3"
2819,"426,169,3"
2820,"204,3,13"
2821,"210,3,4"
2822,"32,31,23"
2823,"411,296,169"
2824,"199,169,170"
2825,"181,145,40"
2826,"187,3,21"
2827,"340,265,0"
2828,"24,23,38"
2829,"376,265,0"
2830,"123,111,3"
2831,"129,128,40"
2832,"240,23,38"
2833,"129,128,40"
2834,"438,265,0"
2835,"97,3,5"
2836,"118,23,74"
2837,"264,23,38"
2838,"260,170,169"
2839,"170,169,199"
2840,"187,21,3"
2841,"40,131,134"
2842,"452,169,296"
2843,"340,265,0"
2844,"7,4,3"
2845,"3,169,337"
2846,"93,10,64"
2847,"116,34,3"
2848,"438,265,0"
2849,"220,64,10"
2850,"296,428,169"
2851,"168,17,3"
2852,"303,23,74"
2853,"138,135,40"
2854,"283,74,23"
2855,"369,208,0"
2856,"187,21,3"
2857,"53,40,3"
2858,"297,265,0"
2859,"149,40,41"
2860,"286,41,40"
2861,"89,26,23"
2862,"447,3,34"
2863,"170,199,169"
2864,"19,4,3"
2865,"406,40,131"
2866,"75,74,23"
2867,"366,271,0"
2868,"124,21,3"
2869,"106,105,23"
2870,"484,255,0"
2871,"226,131,40"
2872,"93,64,10"
2873,"376,0,265"
2874,"138,135,40"
2875,"346,313,0"
2876,"515,265,0"
2877,"93,10,64"
2878,"346,313,0"
2879,"3,105,23"
2880,"27,26,23"
2881,"43,24,23"
2882,"356,199,169"
2883,"19,3,4"
2884,"387,0,218"
2885,"220,10,23"
2886,"19,4,3"
2887,"409,265,0"
2888,"47,24,23"
2889,"145,10,40"
2890,"54,10,40"
2891,"141,135,40"
2892,"36,35,3"
2893,"231,26,23"
2894,"165,23,74"
2895,"49,23,24"
2896,"383,208,0"
2897,"278,0,277"
2898,"40,128,145"
2899,"247,160,40"
2900,"131,40,226"
2901,"15,34,3"
2902,"54,23,10"
2903,"340,265,0"
2904,"205,11,10"
2905,"143,34,3"
2906,"206,8,0"
2907,"124,21,3"
2908,"32,23,31"
2909,"62,23,24"
2910,"368,184,40"
2911,"87,23,38"
2912,"337,169,311"
2913,"129,128,40"
2914,"415,265,0"
2915,"43,24,23"
2916,"2,1,0"
2917,"326,105,23"
2918,"448,64,10"
2919,"456,271,0"
2920,"80,64,10"
2921,"406,40,131"
2922,"225,3,120"
2923,"149,40,41"
2924,"356,169,199"
2925,"199,169,311"
2926,"334,160,40"
2927,"316,30,3"
2928,"160,315,40"
2929,"145,493,40"
2930,"129,128,40"
2931,"43,24,23"
2932,"91,23,38"
2933,"21,3,40"
2934,"145,10,40"
2935,"207,28,3"
2936,"21,124,3"
2937,"120,3,40"
2938,"93,10,64"
2939,"81,30,3"
2940,"145,10,40"
2941,"435,3,4"
2942,"102,21,3"
2943,"43,24,23"
2944,"224,41,40"
2945,"118,23,74"
2946,"12,10,11"
2947,"165,23,74"
2948,"231,26,23"
2949,"185,184,40"
2950,"3,4,174"
2951,"187,3,21"
2952,"241,131,40"
2953,"169,426,170"
2954,"43,24,23"
2955,"134,131,40"
2956,"148,3,147"
2957,"205,11,10"
2958,"77,31,23"
2959,"308,8,0"
2960,"238,4,3"
2961,"96,31,23"
2962,"170,169,199"
2963,"418,0,265"
2964,"209,0,208"
2965,"9,8,0"
2966,"226,40,131"
2967,"90,64,10"
2968,"322,54,10"
2969,"239,60,10"
2970,"129,128,40"
2971,"412,111,3"
2972,"369,208,0"
2973,"8,206,0"
2974,"108,21,3"
2975,"523,3,53"
2976,"182,21,3"
2977,"93,64,10"
2978,"170,311,169"
2979,"163,162,40"
2980,"326,105,23"
2981,"402,145,40"
2982,"139,40,3"
2983,"448,10,64"
2984,"307,74,23"
2985,"501,313,0"
2986,"145,10,40"
2987,"315,160,40"
2988,"308,8,0"
2989,"376,265,0"
2990,"21,108,3"
2991,"110,53,3"
2992,"32,31,23"
2993,"455,0,271"
2994,"43,24,23"
2995,"493,145,40"
2996,"48,3,21"
2997,"21,40,3"
2998,"460,169,296"
2999,"40,215,41"
3000,"205,11,10"
3001,"46,34,3"
3002,"12,11,10"
3003,"308,8,0"
3004,"296,420,169"
3005,"4,19,3"
3006,"89,26,23"
3007,"138,135,40"
3008,"32,23,31"
3009,"42,40,41"
3010,"127,3,21"
3011,"110,53,3"
3012,"115,3,21"
3013,"65,64,10"
3014,"349,265,0"
3015,"401,13,3"
3016,"82,23,38"
3017,"508,169,426"
3018,"121,120,3"
3019,"24,23,38"
3020,"42,40,41"
3021,"253,24,23"
3022,"145,40,10"
3023,"145,10,40"
3024,"40,128,145"
3025,"130,128,40"
3026,"32,23,31"
3027,"335,64,10"
3028,"448,64,10"
3029,"506,13,3"
3030,"285,8,0"
3031,"145,40,10"
3032,"126,21,3"
3033,"271,456,0"
3034,"92,60,10"
3035,"8,235,0"
3036,"389,3,53"
3037,"85,3,21"
3038,"187,21,3"
3039,"31,23,0"
3040,"89,26,23"
3041,"186,40,128"
3042,"187,21,3"
3043,"170,169,199"
3044,"115,3,21"
3045,"385,3,5"
3046,"62,24,23"
3047,"148,3,147"
3048,"447,3,34"
3049,"435,3,4"
3050,"315,160,40"
3051,"382,169,199"
3052,"361,271,0"
3053,"91,23,38"
3054,"180,3,120"
3055,"129,128,40"
3056,"371,296,169"
3057,"370,216,0"
3058,"112,111,3"
3059,"43,24,23"
3060,"95,54,10"
3061,"384,265,0"
3062,"126,3,21"
3063,"24,23,38"
3064,"455,0,271"
3065,"199,170,169"
3066,"106,105,23"
3067,"308,8,0"
3068,"249,8,0"
3069,"182,21,3"
3070,"513,277,0"
3071,"187,21,3"
3072,"181,145,40"
3073,"508,169,426"
3074,"339,337,169"
3075,"102,21,3"
3076,"19,4,3"
3077,"187,21,3"
3078,"523,3,53"
3079,"514,8,0"
3080,"325,53,3"
3081,"82,23,38"
3082,"205,11,10"
3083,"433,4,3"
3084,"93,64,10"
3085,"3,15,17"
3086,"138,135,40"
3087,"42,41,40"
3088,"489,10,60"
3089,"240,38,23"
3090,"238,4,3"
3091,"314,313,0"
3092,"402,145,40"
3093,"32,31,23"
3094,"240,23,38"
3095,"152,151,40"
3096,"146,40,145"
3097,"346,313,0"
3098,"27,26,23"
3099,"440,23,38"
3100,"21,3,169"
3101,"42,41,40"
3102,"91,23,38"
3103,"315,160,40"
3104,"129,128,40"
3105,"80,64,10"
3106,"181,40,145"
3107,"181,145,40"
3108,"474,3,111"
3109,"199,169,170"
3110,"127,21,3"
3111,"493,145,40"
3112,"143,34,3"
3113,"30,66,3"
3114,"430,53,3"
3115,"198,111,3"
3116,"19,4,3"
3117,"414,60,10"
3118,"20,3,13"
3119,"40,145,128"
3120,"62,23,24"
3121,"335,64,10"
3122,"89,26,23"
3123,"199,169,40"
3124,"402,145,40"
3125,"431,40,135"
3126,"448,64,10"
3127,"474,3,111"
3128,"338,64,10"
3129,"3,4,238"
3130,"264,23,38"
3131,"68,53,3"
3132,"48,21,3"
3133,"187,21,3"
3134,"209,208,0"
3135,"156,3,147"
3136,"264,23,38"
3137,"112,111,3"
3138,"334,160,40"
3139,"187,3,21"
3140,"21,3,34"
3141,"160,334,40"
3142,"227,3,30"
3143,"322,54,10"
3144,"271,0,218"
3145,"23,38,24"
3146,"90,64,10"
3147,"201,41,40"
3148,"137,23,38"
3149,"21,3,34"
3150,"40,128,145"
3151,"404,111,3"
3152,"40,76,23"
3153,"311,170,169"
3154,"302,160,40"
3155,"523,53,3"
3156,"68,53,3"
3157,"326,105,23"
3158,"206,8,0"
3159,"43,24,23"
3160,"243,184,40"
3161,"4,7,3"
3162,"82,38,23"
3163,"286,40,41"
3164,"264,23,38"
3165,"62,24,23"
3166,"206,8,0"
3167,"199,169,170"
3168,"187,3,21"
3169,"170,169,3"
3170,"435,3,4"
3171,"431,40,135"
3172,"241,131,40"
3173,"134,40,131"
3174,"169,170,199"
3175,"340,265,0"
3176,"457,218,0"
3177,"103,23,38"
3178,"74,23,38"
3179,"355,271,0"
3180,"10,145,40"
3181,"4,3,40"
3182,"187,21,3"
3183,"43,24,23"
3184,"225,3,120"
3185,"149,40,41"
3186,"96,31,23"
3187,"220,242,10"
3188,"43,24,23"
3189,"145,10,40"
3190,"431,135,40"
3191,"237,34,3"
3192,"43,24,23"
3193,"247,160,40"
3194,"128,129,40"
3195,"225,3,120"
3196,"199,169,337"
3197,"235,8,0"
3198,"134,131,40"
3199,"347,255,0"
3200,"87,23,38"
3201,"39,23,38"
3202,"304,216,0"
3203,"130,128,40"
3204,"11,10,40"
3205,"302,160,40"
3206,"21,126,3"
3207,"241,131,40"
3208,"40,160,3"
3209,"201,41,40"
3210,"182,21,3"
3211,"205,11,10"
3212,"250,40,135"
3213,"186,40,128"
3214,"199,169,170"
3215,"187,3,21"
3216,"448,64,10"
3217,"91,23,38"
3218,"146,40,145"
3219,"168,17,3"
3220,"169,337,170"
3221,"175,128,40"
3222,"349,265,0"
3223,"257,216,0"
3224,"137,23,38"
3225,"40,128,145"
3226,"82,23,38"
3227,"231,26,23"
3228,"228,3,5"
3229,"257,216,0"
3230,"257,216,0"
3231,"431,135,40"
3232,"43,24,23"
3233,"264,23,38"
3234,"181,40,145"
3235,"187,3,21"
3236,"149,40,41"
3237,"81,30,3"
3238,"242,220,10"
3239,"244,135,40"
3240,"297,265,0"
3241,"66,3,30"
3242,"93,10,64"
3243,"199,170,169"
3244,"145,40,10"
3245,"335,64,10"
3246,"175,128,40"
3247,"11,10,40"
3248,"264,23,38"
3249,"500,21,3"
3250,"64,448,10"
3251,"42,40,41"
3252,"474,3,111"
3253,"115,21,3"
3254,"21,102,3"
3255,"456,271,0"
3256,"429,271,0"
3257,"399,265,0"
3258,"3,435,4"
3259,"66,3,30"
3260,"157,3,120"
3261,"220,10,23"
3262,"448,64,10"
3263,"427,426,169"
3264,"88,23,38"
3265,"299,3,51"
3266,"224,41,40"
3267,"498,288,0"
3268,"475,0,218"
3269,"370,0,216"
3270,"137,23,38"
3271,"118,74,23"
3272,"209,0,208"
3273,"193,40,131"
3274,"48,21,3"
3275,"185,40,184"
3276,"24,23,38"
3277,"32,23,31"
3278,"170,169,199"
3279,"187,21,3"
3280,"170,169,0"
3281,"42,40,41"
3282,"21,187,3"
3283,"406,40,131"
3284,"311,169,0"
3285,"148,147,3"
3286,"8,391,0"
3287,"211,216,0"
3288,"228,5,3"
3289,"163,162,40"
3290,"187,3,21"
3291,"202,3,111"
3292,"199,311,169"
3293,"140,139,40"
3294,"0,277,1"
3295,"160,247,40"
3296,"21,3,40"
3297,"220,10,23"
3298,"19,3,4"
3299,"187,21,3"
3300,"382,169,199"
3301,"62,23,24"
3302,"145,40,10"
3303,"43,24,23"
3304,"170,169,40"
3305,"351,0,218"
3306,"370,0,216"
3307,"145,10,40"
3308,"372,0,255"
3309,"193,40,131"
3310,"340,0,265"
3311,"54,95,10"
3312,"286,41,40"
3313,"448,64,10"
3314,"139,40,3"
3315,"49,24,23"
3316,"383,208,0"
3317,"291,271,0"
3318,"215,41,40"
3319,"297,265,0"
3320,"500,21,3"
3321,"199,311,169"
3322,"197,10,60"
3323,"334,160,40"
3324,"97,5,3"
3325,"228,5,3"
3326,"32,31,23"
3327,"355,0,271"
3328,"326,105,23"
3329,"6,3,5"
3330,"21,3,40"
3331,"253,24,23"
3332,"344,265,0"
3333,"447,3,34"
3334,"199,281,169"
3335,"145,40,10"
3336,"447,3,34"
3337,"168,17,3"
3338,"187,3,21"
3339,"366,271,0"
3340,"328,31,23"
3341,"49,24,23"
3342,"170,311,169"
3343,"187,21,3"
3344,"199,311,169"
3345,"220,10,23"
3346,"438,0,265"
3347,"3,169,170"
3348,"269,0,218"
3349,"220,10,23"
3350,"170,169,0"
3351,"444,271,0"
3352,"309,23,38"
3353,"151,40,184"
3354,"76,40,23"
3355,"108,3,21"
3356,"163,162,40"
3357,"168,17,3"
3358,"302,160,40"
3359,"89,26,23"
3360,"304,216,0"
3361,"54,23,10"
3362,"474,3,111"
3363,"129,128,40"
3364,"129,128,40"
3365,"263,34,3"
3366,"209,0,208"
3367,"226,131,40"
3368,"8,285,0"
3369,"304,216,0"
3370,"522,271,0"
3371,"18,17,3"
3372,"286,41,40"
3373,"145,10,40"
3374,"129,128,40"
3375,"181,40,145"
3376,"478,145,40"
3377,"317,23,74"
3378,"170,169,199"
3379,"478,145,40"
3380,"129,128,40"
3381,"490,265,0"
3382,"47,23,24"
3383,"90,10,64"
3384,"40,128,145"
3385,"175,128,40"
3386,"163,162,40"
3387,"170,169,199"
3388,"216,254,0"
3389,"321,271,0"
3390,"33,21,3"
3391,"82,23,38"
3392,"11,10,40"
3393,"162,40,145"
3394,"523,53,3"
3395,"222,100,40"
3396,"322,54,10"
3397,"11,10,40"
3398,"118,23,74"
3399,"340,265,0"
3400,"145,10,40"
3401,"3,108,21"
3402,"43,24,23"
3403,"501,313,0"
3404,"93,64,10"
3405,"54,10,40"
3406,"199,169,170"
3407,"447,3,34"
3408,"43,24,23"
3409,"396,395,40"
3410,"478,40,145"
3411,"478,145,40"
3412,"26,231,23"
3413,"448,10,64"
3414,"49,24,23"
3415,"43,24,23"
3416,"24,23,38"
3417,"145,40,23"
3418,"420,169,296"
3419,"175,128,40"
3420,"418,265,0"
3421,"448,64,10"
3422,"49,24,23"
3423,"187,21,3"
3424,"206,8,0"
3425,"96,31,23"
3426,"425,265,0"
3427,"271,255,0"
3428,"30,66,3"
3429,"54,40,10"
3430,"228,3,5"
3431,"199,169,170"
3432,"189,135,40"
3433,"40,131,142"
3434,"308,8,0"
3435,"517,13,3"
3436,"206,8,0"
3437,"181,40,145"
3438,"43,24,23"
3439,"40,160,3"
3440,"226,131,40"
3441,"264,23,38"
3442,"230,229,0"
3443,"199,169,170"
3444,"382,199,169"
3445,"18,17,3"
3446,"160,315,40"
3447,"82,23,38"
3448,"324,40,41"
3449,"30,3,85"
3450,"206,8,0"
3451,"140,139,40"
3452,"355,271,0"
3453,"435,3,4"
3454,"187,21,3"
3455,"27,26,23"
3456,"183,4,3"
3457,"523,3,53"
3458,"195,128,40"
3459,"181,145,40"
3460,"134,40,131"
3461,"457,0,218"
3462,"40,226,131"
3463,"447,3,34"
3464,"350,26,23"
3465,"42,40,41"
3466,"338,64,10"
3467,"4,238,3"
3468,"435,4,3"
3469,"35,21,3"
3470,"21,33,3"
3471,"216,0,213"
3472,"19,4,3"
3473,"54,10,40"
3474,"90,64,10"
3475,"11,10,40"
3476,"434,0,1"
3477,"108,21,3"
3478,"137,23,38"
3479,"90,10,64"
3480,"231,26,23"
3481,"87,23,38"
3482,"148,3,147"
3483,"187,21,3"
3484,"19,4,3"
3485,"369,208,0"
3486,"40,128,145"
3487,"436,169,170"
3488,"508,169,426"
3489,"21,3,147"
3490,"333,169,296"
3491,"32,31,23"
3492,"202,3,111"
3493,"129,128,40"
3494,"21,3,169"
3495,"89,26,23"
3496,"199,169,311"
3497,"43,24,23"
3498,"187,3,21"
3499,"285,8,0"
3500,"199,311,169"
3501,"21,3,169"
3502,"189,135,40"
3503,"145,10,40"
3504,"281,199,169"
3505,"34,447,3"
3506,"11,10,0"
3507,"118,23,74"
3508,"220,242,10"
3509,"206,8,0"
3510,"429,271,0"
3511,"382,169,199"
3512,"118,23,74"
3513,"239,10,60"
3514,"243,184,40"
3515,"43,24,23"
3516,"356,199,169"
3517,"204,13,3"
3518,"302,160,40"
3519,"145,10,40"
3520,"267,3,111"
3521,"258,31,23"
3522,"478,145,40"
3523,"247,160,40"
3524,"160,40,3"
3525,"309,23,38"
3526,"296,411,169"
3527,"156,3,147"
3528,"42,41,40"
3529,"21,40,3"
3530,"267,111,3"
3531,"326,105,23"
3532,"175,128,40"
3533,"43,24,23"
3534,"66,3,30"
3535,"199,311,169"
3536,"3,447,34"
3537,"189,135,40"
3538,"3,126,21"
3539,"85,86,3"
3540,"318,105,23"
3541,"49,24,23"
3542,"418,265,0"
3543,"523,3,53"
3544,"226,40,131"
3545,"381,357,0"
3546,"206,8,0"
3547,"137,23,38"
3548,"140,139,40"
3549,"271,321,0"
3550,"32,31,23"
3551,"402,145,40"
3552,"409,265,0"
3553,"311,169,199"
3554,"115,21,3"
3555,"27,26,23"
3556,"40,128,145"
3557,"139,40,3"
3558,"118,23,74"
3559,"70,3,4"
3560,"170,169,199"
3561,"3,169,337"
3562,"128,40,145"
3563,"21,102,3"
3564,"93,64,10"
3565,"168,3,17"
3566,"385,3,5"
3567,"96,31,23"
3568,"170,311,169"
3569,"199,169,170"
3570,"466,40,131"
3571,"74,23,38"
3572,"338,64,10"
3573,"382,199,169"
3574,"99,53,3"
3575,"272,271,0"
3576,"129,128,40"
3577,"326,105,23"
3578,"145,10,40"
3579,"497,288,0"
3580,"448,64,10"
3581,"271,255,0"
3582,"264,23,38"
3583,"32,31,23"
3584,"129,128,40"
3585,"207,3,28"
3586,"242,10,220"
3587,"108,21,3"
3588,"138,135,40"
3589,"231,26,23"
3590,"220,10,23"
3591,"205,10,11"
3592,"32,31,23"
3593,"340,265,0"
3594,"92,60,10"
3595,"181,40,145"
3596,"428,296,169"
3597,"32,31,23"
3598,"426,311,169"
3599,"241,131,40"
3600,"168,17,3"
3601,"382,169,199"
3602,"112,111,3"
3603,"33,21,3"
3604,"148,3,147"
3605,"205,11,10"
3606,"456,271,0"
3607,"118,23,74"
3608,"49,24,23"
3609,"3,21,169"
3610,"21,48,3"
3611,"222,100,40"
3612,"63,23,38"
3613,"368,184,40"
3614,"3,188,4"
3615,"425,265,0"
3616,"338,64,10"
3617,"322,54,10"
3618,"199,169,337"
3619,"160,3,40"
3620,"438,265,0"
3621,"170,169,199"
3622,"336,169,296"
3623,"238,4,3"
3624,"97,3,5"
3625,"220,10,40"
3626,"83,54,10"
3627,"402,145,40"
3628,"226,131,40"
3629,"334,160,40"
3630,"240,23,38"
3631,"93,64,10"
3632,"91,23,38"
3633,"329,169,170"
3634,"346,313,0"
3635,"238,4,3"
3636,"11,10,40"
3637,"128,129,40"
3638,"18,17,3"
3639,"334,160,40"
3640,"145,10,40"
3641,"53,3,23"
3642,"55,54,10"
3643,"226,40,131"
3644,"123,111,3"
3645,"156,3,147"
3646,"80,64,10"
3647,"287,53,3"
3648,"337,169,0"
3649,"240,23,38"
3650,"216,169,0"
3651,"267,3,111"
3652,"105,40,23"
3653,"170,169,23"
3654,"118,74,23"
3655,"153,139,40"
3656,"24,23,38"
3657,"145,40,10"
3658,"33,21,3"
3659,"257,216,0"
3660,"199,311,169"
3661,"145,10,40"
3662,"456,271,0"
3663,"301,21,3"
3664,"402,145,40"
3665,"93,64,10"
3666,"308,8,0"
3667,"11,10,40"
3668,"367,100,40"
3669,"145,40,23"
3670,"25,24,23"
3671,"170,169,199"
3672,"170,311,169"
3673,"4,7,3"
3674,"54,10,40"
3675,"185,184,40"
3676,"182,3,21"
3677,"203,3,147"
3678,"27,26,23"
3679,"271,456,0"
3680,"334,160,40"
3681,"108,21,3"
3682,"241,131,40"
3683,"447,34,3"
3684,"33,21,3"
3685,"66,3,30"
3686,"224,41,40"
3687,"514,8,0"
3688,"40,128,145"
3689,"134,131,40"
3690,"170,169,40"
3691,"508,169,426"
3692,"240,23,38"
3693,"138,135,40"
3694,"309,38,23"
3695,"414,10,60"
3696,"455,271,0"
3697,"48,21,3"
3698,"85,3,40"
3699,"68,3,53"
3700,"271,0,169"
3701,"33,21,3"
3702,"199,169,311"
3703,"267,111,3"
3704,"32,31,23"
3705,"374,169,199"
3706,"41,40,128"
3707,"160,315,40"
3708,"181,145,40"
3709,"148,3,147"
3710,"331,3,5"
3711,"326,105,23"
3712,"3,28,330"
3713,"62,23,24"
3714,"90,64,10"
3715,"220,10,23"
3716,"27,26,23"
3717,"326,105,23"
3718,"62,24,23"
3719,"54,10,40"
3720,"3,21,28"
3721,"90,64,10"
3722,"94,23,38"
3723,"148,147,3"
3724,"32,31,23"
3725,"267,111,3"
3726,"188,4,3"
3727,"346,313,0"
3728,"231,26,23"
3729,"82,23,38"
3730,"107,23,38"
3731,"3,21,53"
3732,"346,313,0"
3733,"145,10,40"
3734,"370,216,0"
3735,"220,10,23"
3736,"340,265,0"
3737,"444,271,0"
3738,"137,23,38"
3739,"21,127,3"
3740,"54,10,40"
3741,"8,235,0"
3742,"82,23,38"
3743,"384,265,0"
3744,"434,1,0"
3745,"360,271,0"
3746,"220,10,23"
3747,"52,3,51"
3748,"23,38,24"
3749,"54,83,10"
3750,"40,128,145"
3751,"478,40,145"
3752,"308,8,0"
3753,"119,111,3"
3754,"231,26,23"
3755,"170,169,199"
3756,"77,31,23"
3757,"493,145,40"
3758,"145,40,0"
3759,"39,23,38"
3760,"106,105,23"
3761,"90,64,10"
3762,"60,10,3"
3763,"49,24,23"
3764,"508,169,426"
3765,"175,128,40"
3766,"192,23,38"
3767,"326,105,23"
3768,"176,4,3"
3769,"508,169,426"
3770,"138,135,40"
3771,"127,21,3"
3772,"350,26,23"
3773,"286,41,40"
3774,"384,265,0"
3775,"340,265,0"
3776,"54,10,40"
3777,"382,169,199"
3778,"19,4,3"
3779,"40,128,145"
3780,"188,4,3"
3781,"160,3,40"
3782,"185,184,40"
3783,"368,184,40"
3784,"168,17,3"
3785,"448,64,10"
3786,"187,3,21"
3787,"343,169,199"
3788,"206,8,0"
3789,"85,30,3"
3790,"187,3,21"
3791,"456,271,0"
3792,"285,8,0"
3793,"448,64,10"
3794,"489,60,10"
3795,"478,40,145"
3796,"220,10,23"
3797,"334,160,40"
3798,"530,169,296"
3799,"89,26,23"
3800,"199,311,169"
3801,"187,21,3"
3802,"145,40,10"
3803,"145,10,40"
3804,"145,10,40"
3805,"455,271,0"
3806,"145,10,40"
3807,"62,23,24"
3808,"131,132,40"
3809,"263,34,3"
3810,"137,23,38"
3811,"478,145,40"
3812,"331,3,5"
3813,"406,40,131"
3814,"89,26,23"
3815,"386,40,135"
3816,"447,3,34"
3817,"145,10,40"
3818,"435,4,3"
3819,"175,128,40"
3820,"264,23,38"
3821,"348,0,255"
3822,"457,0,218"
3823,"334,160,40"
3824,"326,105,23"
3825,"15,3,34"
3826,"145,10,40"
3827,"197,10,60"
3828,"188,4,3"
3829,"82,23,38"
3830,"265,208,0"
3831,"430,53,3"
3832,"448,64,10"
3833,"129,128,40"
3834,"3,15,17"
3835,"220,10,3"
3836,"522,271,0"
3837,"375,4,3"
3838,"214,213,0"
3839,"326,105,23"
3840,"409,265,0"
3841,"54,10,23"
3842,"181,40,145"
3843,"18,17,3"
3844,"206,8,0"
3845,"124,21,3"
3846,"220,10,40"
3847,"169,170,199"
3848,"11,10,40"
3849,"145,40,131"
3850,"153,139,40"
3851,"376,0,265"
3852,"146,40,145"
3853,"431,40,135"
3854,"456,271,0"
3855,"336,296,169"
3856,"417,169,296"
3857,"3,15,53"
3858,"33,21,3"
3859,"85,3,5"
3860,"42,41,40"
3861,"93,64,10"
3862,"187,21,3"
3863,"160,334,40"
3864,"340,265,0"
3865,"370,216,0"
3866,"241,131,40"
3867,"199,170,169"
3868,"49,24,23"
3869,"271,360,0"
3870,"467,53,3"
3871,"12,11,10"
3872,"134,40,131"
3873,"129,128,40"
3874,"145,40,10"
3875,"82,23,38"
3876,"429,271,0"
3877,"21,126,3"
3878,"447,34,3"
3879,"235,8,0"
3880,"90,10,64"
3881,"519,105,23"
3882,"330,3,28"
3883,"496,40,395"
3884,"291,271,0"
3885,"40,128,145"
3886,"206,8,0"
3887,"32,23,31"
3888,"16,15,3"
3889,"169,199,170"
3890,"11,10,40"
3891,"181,145,40"
3892,"521,0,208"
3893,"188,4,3"
3894,"201,41,40"
3895,"16,3,15"
3896,"140,139,40"
3897,"436,169,170"
3898,"82,23,38"
3899,"231,26,23"
3900,"21,3,40"
3901,"40,128,145"
3902,"39,38,23"
3903,"277,1,0"
3904,"84,23,74"
3905,"82,23,38"
3906,"497,288,0"
3907,"235,8,0"
3908,"350,26,23"
3909,"170,169,199"
3910,"145,10,40"
3911,"170,199,169"
3912,"123,111,3"
3913,"93,64,10"
3914,"10,145,40"
3915,"165,23,74"
3916,"181,40,145"
3917,"21,187,3"
3918,"83,54,10"
3919,"368,40,184"
3920,"112,111,3"
3921,"10,145,40"
3922,"205,11,10"
3923,"185,184,40"
3924,"43,24,23"
3925,"49,24,23"
3926,"63,23,38"
3927,"420,169,296"
3928,"33,21,3"
3929,"170,169,199"
3930,"3,102,21"
3931,"145,10,40"
3932,"448,64,10"
3933,"326,105,23"
3934,"224,41,40"
3935,"380,216,0"
3936,"3,21,40"
3937,"384,265,0"
3938,"448,64,10"
3939,"138,135,40"
3940,"478,145,40"
3941,"43,24,23"
3942,"100,0,40"
3943,"478,145,40"
3944,"348,0,255"
3945,"343,169,199"
3946,"145,10,40"
3947,"448,64,10"
3948,"84,23,74"
3949,"12,10,11"
3950,"216,1,0"
3951,"182,3,21"
3952,"124,21,3"
3953,"205,11,10"
3954,"448,64,10"
3955,"231,23,26"
3956,"204,13,3"
3957,"308,8,0"
3958,"134,40,131"
3959,"241,131,40"
3960,"181,40,145"
3961,"264,23,38"
3962,"500,21,3"
3963,"376,265,0"
3964,"478,40,145"
3965,"368,184,40"
3966,"8,308,0"
3967,"220,10,23"
3968,"91,23,38"
3969,"457,0,218"
3970,"503,105,23"
3971,"411,296,169"
3972,"126,21,3"
3973,"148,3,147"
3974,"206,8,0"
3975,"27,26,23"
3976,"435,4,3"
3977,"182,21,3"
3978,"203,147,3"
3979,"353,271,0"
3980,"90,64,10"
3981,"509,218,0"
3982,"484,0,255"
3983,"235,8,0"
3984,"209,0,208"
3985,"436,170,169"
3986,"145,402,40"
3987,"264,23,38"
3988,"131,226,40"
3989,"139,40,3"
3990,"107,23,38"
3991,"224,41,40"
3992,"129,128,40"
3993,"256,255,0"
3994,"322,54,10"
3995,"326,105,23"
3996,"137,23,38"
3997,"375,4,3"
3998,"36,35,3"
3999,"436,169,170"
4000,"8,514,0"
4001,"429,271,0"
4002,"267,111,3"
4003,"30,316,3"
4004,"4,3,15"
4005,"431,40,135"
4006,"187,3,21"
4007,"437,40,145"
4008,"82,23,38"
4009,"448,64,10"
4010,"122,13,3"
4011,"495,105,23"
4012,"448,64,10"
4013,"187,21,3"
4014,"187,21,3"
4015,"228,5,3"
4016,"93,10,64"
4017,"206,8,0"
4018,"169,337,170"
4019,"3,238,4"
4020,"410,8,0"
4021,"206,8,0"
4022,"242,10,220"
4023,"457,0,218"
4024,"42,41,40"
4025,"21,3,169"
4026,"3,126,21"
4027,"523,3,53"
4028,"448,64,10"
4029,"343,169,199"
4030,"170,169,199"
4031,"40,128,145"
4032,"209,208,0"
4033,"49,24,23"
4034,"435,4,3"
4035,"241,131,40"
4036,"183,4,3"
4037,"50,3,23"
4038,"483,1,0"
4039,"21,108,3"
4040,"264,23,38"
4041,"122,3,13"
4042,"21,305,3"
4043,"306,296,169"
4044,"40,128,145"
4045,"233,51,3"
4046,"349,265,0"
4047,"148,3,147"
4048,"366,271,0"
4049,"214,0,213"
4050,"8,514,0"
4051,"402,145,40"
4052,"119,111,3"
4053,"169,170,311"
4054,"235,8,0"
4055,"54,10,40"
4056,"328,31,23"
4057,"478,145,40"
4058,"493,145,40"
4059,"354,216,0"
4060,"3,311,169"
4061,"195,128,40"
4062,"324,40,41"
4063,"43,24,23"
4064,"326,105,23"
4065,"182,21,3"
4066,"85,3,21"
4067,"152,151,40"
4068,"187,3,21"
4069,"90,64,10"
4070,"502,145,40"
4071,"148,3,147"
4072,"244,135,40"
4073,"163,162,40"
4074,"455,271,0"
4075,"302,160,40"
4076,"493,145,40"
4077,"475,0,218"
4078,"293,85,3"
4079,"482,288,0"
4080,"145,10,40"
4081,"10,60,3"
4082,"43,24,23"
4083,"281,199,169"
4084,"40,131,406"
4085,"271,0,218"
4086,"40,131,486"
4087,"42,41,40"
4088,"118,74,23"
4089,"436,169,170"
4090,"32,23,31"
4091,"232,23,38"
4092,"187,21,3"
4093,"21,85,3"
4094,"139,40,23"
4095,"232,38,23"
4096,"220,10,0"
4097,"346,313,0"
4098,"32,31,23"
4099,"460,169,296"
4100,"145,10,40"
4101,"76,40,23"
4102,"137,23,38"
4103,"463,255,0"
4104,"32,31,23"
4105,"431,135,40"
4106,"350,26,23"
4107,"181,40,145"
4108,"145,10,40"
4109,"21,48,3"
4110,"42,41,40"
4111,"76,40,23"
4112,"10,145,40"
4113,"264,23,38"
4114,"145,10,40"
4115,"512,218,0"
4116,"187,3,21"
4117,"65,64,10"
4118,"309,38,23"
4119,"134,40,131"
4120,"19,4,3"
4121,"326,105,23"
4122,"19,4,3"
4123,"362,271,0"
4124,"264,23,38"
4125,"306,169,296"
4126,"174,4,3"
4127,"226,40,131"
4128,"89,23,26"
4129,"25,23,24"
4130,"82,23,38"
4131,"139,140,40"
4132,"18,17,3"
4133,"139,40,169"
4134,"49,24,23"
4135,"42,41,40"
4136,"188,3,4"
4137,"228,5,3"
4138,"187,21,3"
4139,"346,313,0"
4140,"474,3,111"
4141,"163,162,40"
4142,"384,265,0"
4143,"226,40,131"
4144,"374,169,199"
4145,"95,54,10"
4146,"127,21,3"
4147,"186,40,128"
4148,"91,23,38"
4149,"431,135,40"
4150,"170,169,199"
4151,"3,108,21"
4152,"338,64,10"
4153,"411,296,169"
4154,"139,40,41"
4155,"501,313,0"
4156,"421,229,0"
4157,"93,64,10"
4158,"21,102,3"
4159,"247,160,40"
4160,"483,1,0"
4161,"351,0,218"
4162,"138,135,40"
4163,"195,40,128"
4164,"461,64,10"
4165,"18,17,3"
4166,"220,510,10"
4167,"89,26,23"
4168,"406,131,40"
4169,"209,208,0"
4170,"3,108,21"
4171,"224,41,40"
4172,"21,102,3"
4173,"446,0,218"
4174,"32,31,23"
4175,"18,17,3"
4176,"355,271,0"
4177,"21,3,169"
4178,"137,23,38"
4179,"362,271,0"
4180,"529,265,0"
4181,"152,151,40"
4182,"467,53,3"
4183,"145,10,40"
4184,"258,31,23"
4185,"326,105,23"
4186,"43,24,23"
4187,"514,8,0"
4188,"326,105,23"
4189,"181,40,145"
4190,"160,334,40"
4191,"384,0,265"
4192,"93,64,10"
4193,"8,308,0"
4194,"148,3,147"
4195,"427,169,426"
4196,"457,0,218"
4197,"195,128,40"
4198,"435,4,3"
4199,"453,208,0"
4200,"300,296,169"
4201,"448,64,10"
4202,"456,271,0"
4203,"185,184,40"
4204,"264,23,38"
4205,"220,10,23"
4206,"254,216,0"
4207,"467,53,3"
4208,"145,10,40"
4209,"392,4,3"
4210,"455,271,0"
4211,"93,64,10"
4212,"199,169,170"
4213,"82,23,38"
4214,"273,265,0"
4215,"220,242,10"
4216,"495,105,23"
4217,"429,271,0"
4218,"206,8,0"
4219,"96,31,23"
4220,"40,160,3"
4221,"322,54,10"
4222,"256,255,0"
4223,"187,3,21"
4224,"168,17,3"
4225,"267,111,3"
4226,"24,23,38"
4227,"414,60,10"
4228,"337,426,169"
4229,"159,40,131"
4230,"447,3,34"
4231,"370,216,0"
4232,"55,54,10"
4233,"145,10,40"
4234,"40,128,145"
4235,"224,41,40"
4236,"181,40,145"
4237,"123,111,3"
4238,"43,24,23"
4239,"350,26,23"
4240,"43,24,23"
4241,"340,265,0"
4242,"187,3,21"
4243,"181,40,145"
4244,"115,21,3"
4245,"514,8,0"
4246,"27,26,23"
4247,"247,160,40"
4248,"430,53,3"
4249,"197,10,60"
4250,"3,108,21"
4251,"93,64,10"
4252,"296,411,169"
4253,"309,38,23"
4254,"264,23,38"
4255,"379,21,3"
4256,"40,486,131"
4257,"515,265,0"
4258,"361,271,0"
4259,"267,3,111"
4260,"235,8,0"
4261,"18,17,3"
4262,"331,3,5"
4263,"139,40,135"
4264,"222,100,40"
4265,"355,271,0"
4266,"112,3,111"
4267,"448,64,10"
4268,"111,3,40"
4269,"264,23,38"
4270,"205,11,10"
4271,"275,111,3"
4272,"40,128,145"
4273,"8,9,0"
4274,"82,23,38"
4275,"436,169,170"
4276,"170,169,199"
4277,"2,1,0"
4278,"187,21,3"
4279,"42,41,40"
4280,"393,53,3"
4281,"345,24,23"
4282,"43,24,23"
4283,"343,169,199"
4284,"47,24,23"
4285,"49,24,23"
4286,"96,31,23"
4287,"185,184,40"
4288,"220,10,23"
4289,"220,242,10"
4290,"25,24,23"
4291,"118,74,23"
4292,"145,10,40"
4293,"24,23,38"
4294,"316,30,3"
4295,"130,128,40"
4296,"308,8,0"
4297,"285,8,0"
4298,"139,40,41"
4299,"264,23,38"
4300,"145,10,40"
4301,"170,169,426"
4302,"138,135,40"
4303,"181,145,40"
4304,"406,131,40"
4305,"205,10,11"
4306,"62,24,23"
4307,"346,313,0"
4308,"109,10,11"
4309,"43,24,23"
4310,"49,24,23"
4311,"199,170,169"
4312,"226,40,131"
4313,"324,40,41"
4314,"93,64,10"
4315,"3,148,147"
4316,"264,23,38"
4317,"231,26,23"
4318,"444,271,0"
4319,"84,23,74"
4320,"175,128,40"
4321,"286,40,41"
4322,"145,10,40"
4323,"250,135,40"
4324,"170,169,199"
4325,"322,10,54"
4326,"365,265,0"
4327,"350,26,23"
4328,"338,10,64"
4329,"139,40,131"
4330,"231,26,23"
4331,"181,40,145"
4332,"43,24,23"
4333,"36,35,3"
4334,"286,40,41"
4335,"495,105,23"
4336,"93,64,10"
4337,"115,21,3"
4338,"3,4,238"
4339,"401,3,13"
4340,"148,3,147"
4341,"137,23,38"
4342,"324,40,41"
4343,"368,40,184"
4344,"493,145,40"
4345,"19,4,3"
4346,"170,169,0"
4347,"326,105,23"
4348,"264,23,38"
4349,"21,3,169"
4350,"3,33,21"
4351,"448,64,10"
4352,"322,54,10"
4353,"118,74,23"
4354,"199,170,169"
4355,"199,169,170"
4356,"187,21,3"
4357,"138,135,40"
4358,"40,128,145"
4359,"185,184,40"
4360,"478,145,40"
4361,"170,169,199"
4362,"11,10,40"
4363,"380,216,0"
4364,"457,0,218"
4365,"356,169,199"
4366,"40,128,145"
4367,"96,31,23"
4368,"118,23,74"
4369,"271,0,255"
4370,"21,3,169"
4371,"430,3,53"
4372,"10,145,40"
4373,"118,23,74"
4374,"118,23,74"
4375,"170,311,169"
4376,"420,296,169"
4377,"231,26,23"
4378,"42,40,41"
4379,"121,120,3"
4380,"4,19,3"
4381,"220,0,10"
4382,"129,128,40"
4383,"406,40,131"
4384,"115,21,3"
4385,"66,30,3"
4386,"93,64,10"
4387,"174,4,3"
4388,"220,10,23"
4389,"264,23,38"
4390,"151,40,3"
4391,"448,10,64"
4392,"82,23,38"
4393,"84,23,74"
4394,"199,311,169"
4395,"181,40,145"
4396,"220,221,10"
4397,"18,17,3"
4398,"175,128,40"
4399,"21,3,169"
4400,"89,26,23"
4401,"118,23,74"
4402,"406,131,40"
4403,"493,145,40"
4404,"264,23,38"
4405,"21,3,34"
4406,"82,23,38"
4407,"181,40,145"
4408,"39,23,38"
4409,"96,31,23"
4410,"318,105,23"
4411,"32,23,31"
4412,"278,277,0"
4413,"48,21,3"
4414,"40,128,145"
4415,"108,21,3"
4416,"40,226,131"
4417,"409,265,0"
4418,"170,169,199"
4419,"311,3,169"
4420,"181,40,145"
4421,"244,135,40"
4422,"124,21,3"
4423,"181,40,145"
4424,"206,8,0"
4425,"489,60,10"
4426,"409,265,0"
4427,"49,24,23"
4428,"437,145,40"
4429,"271,0,255"
4430,"124,21,3"
4431,"182,3,21"
4432,"10,145,40"
4433,"260,170,169"
4434,"163,162,40"
4435,"202,3,111"
4436,"430,3,53"
4437,"435,4,3"
4438,"438,0,265"
4439,"308,8,0"
4440,"216,271,0"
4441,"82,23,38"
4442,"66,30,3"
4443,"14,13,3"
4444,"206,8,0"
4445,"93,64,10"
4446,"264,23,38"
4447,"264,23,38"
4448,"40,131,226"
4449,"93,64,10"
4450,"15,3,53"
4451,"182,21,3"
4452,"169,199,170"
4453,"54,10,40"
4454,"220,10,23"
4455,"130,128,40"
4456,"202,111,3"
4457,"220,10,23"
4458,"456,271,0"
4459,"322,54,10"
4460,"524,145,40"
4461,"40,76,23"
4462,"220,10,23"
4463,"331,3,5"
4464,"239,60,10"
4465,"343,199,169"
4466,"187,21,3"
4467,"93,10,64"
4468,"40,139,3"
4469,"137,23,38"
4470,"40,145,128"
4471,"206,8,0"
4472,"206,8,0"
4473,"11,10,40"
4474,"21,3,40"
4475,"199,169,0"
4476,"170,169,199"
4477,"343,199,169"
4478,"286,41,40"
4479,"177,30,3"
4480,"195,128,40"
4481,"241,40,131"
4482,"119,111,3"
4483,"160,315,40"
4484,"279,249,0"
4485,"239,60,10"
4486,"301,3,21"
4487,"303,74,23"
4488,"447,3,34"
4489,"315,160,40"
4490,"448,64,10"
4491,"134,40,131"
4492,"279,249,0"
4493,"272,271,0"
4494,"458,277,0"
4495,"339,337,169"
4496,"199,337,169"
4497,"40,76,23"
4498,"226,131,40"
4499,"112,111,3"
4500,"252,213,0"
4501,"226,131,40"
4502,"198,111,3"
4503,"181,145,40"
4504,"192,23,38"
4505,"350,26,23"
4506,"49,24,23"
4507,"220,10,23"
4508,"346,313,0"
4509,"309,23,38"
4510,"177,30,3"
4511,"317,74,23"
4512,"430,53,3"
4513,"206,8,0"
4514,"334,160,40"
4515,"286,41,40"
4516,"315,160,40"
4517,"391,8,0"
4518,"40,486,131"
4519,"145,40,23"
4520,"130,128,40"
4521,"76,40,23"
4522,"318,105,23"
4523,"137,23,38"
4524,"23,24,38"
4525,"187,3,21"
4526,"279,249,0"
4527,"134,40,131"
4528,"2,1,0"
4529,"10,145,40"
4530,"19,4,3"
4531,"21,3,147"
4532,"241,131,40"
4533,"206,8,0"
4534,"205,11,10"
4535,"99,3,53"
4536,"415,265,0"
4537,"93,64,10"
4538,"402,145,40"
4539,"412,111,3"
4540,"220,242,10"
4541,"187,3,21"
4542,"149,40,41"
4543,"170,169,426"
4544,"258,31,23"
4545,"86,85,3"
4546,"42,41,40"
4547,"152,151,40"
4548,"42,41,40"
4549,"139,40,169"
4550,"219,3,30"
4551,"384,265,0"
4552,"93,64,10"
4553,"165,23,74"
4554,"199,169,170"
4555,"145,10,40"
4556,"264,23,38"
4557,"320,3,17"
4558,"385,3,5"
4559,"264,23,38"
4560,"100,40,128"
4561,"241,131,40"
4562,"65,64,10"
4563,"148,3,147"
4564,"205,11,10"
4565,"160,315,40"
4566,"478,145,40"
4567,"456,271,0"
4568,"201,41,40"
4569,"228,5,3"
4570,"43,24,23"
4571,"10,60,3"
4572,"187,21,3"
4573,"181,40,145"
4574,"43,24,23"
4575,"21,3,23"
4576,"153,40,139"
4577,"93,64,10"
4578,"514,8,0"
4579,"187,21,3"
4580,"41,184,40"
4581,"89,26,23"
4582,"199,170,169"
4583,"63,23,38"
4584,"187,3,21"
4585,"181,40,145"
4586,"15,3,169"
4587,"145,10,40"
4588,"108,3,21"
4589,"277,1,0"
4590,"350,26,23"
4591,"447,3,34"
4592,"301,3,21"
4593,"184,185,40"
4594,"62,24,23"
4595,"21,3,5"
4596,"311,169,0"
4597,"231,26,23"
4598,"187,21,3"
4599,"40,53,3"
4600,"221,220,10"
4601,"438,265,0"
4602,"40,128,145"
4603,"40,145,10"
4604,"43,24,23"
4605,"186,40,128"
4606,"315,160,40"
4607,"348,0,255"
4608,"495,23,105"
4609,"498,288,0"
4610,"21,102,3"
4611,"241,131,40"
4612,"348,255,0"
4613,"4,435,3"
4614,"170,337,169"
4615,"430,3,53"
4616,"172,21,3"
4617,"134,131,40"
4618,"467,53,3"
4619,"54,40,10"
4620,"226,131,40"
4621,"181,145,40"
4622,"304,216,0"
4623,"33,21,3"
4624,"40,76,23"
4625,"51,52,3"
4626,"181,145,40"
4627,"447,3,34"
4628,"172,21,3"
4629,"10,145,40"
4630,"93,64,10"
4631,"175,128,40"
4632,"62,23,24"
4633,"48,21,3"
4634,"34,3,21"
4635,"282,3,111"
4636,"160,334,40"
4637,"423,160,40"
4638,"226,131,40"
4639,"82,23,38"
4640,"66,3,30"
4641,"124,21,3"
4642,"115,21,3"
4643,"77,31,23"
4644,"21,3,40"
4645,"93,64,10"
4646,"137,23,38"
4647,"339,337,169"
4648,"170,169,199"
4649,"3,311,169"
4650,"220,10,0"
4651,"40,160,151"
4652,"281,199,169"
4653,"528,311,169"
4654,"239,60,10"
4655,"203,147,3"
4656,"311,169,0"
4657,"11,10,40"
4658,"89,26,23"
4659,"484,0,255"
4660,"27,26,23"
4661,"371,169,296"
4662,"48,21,3"
4663,"21,40,3"
4664,"115,21,3"
4665,"10,60,3"
4666,"146,145,40"
4667,"228,3,5"
4668,"355,271,0"
4669,"89,26,23"
4670,"436,169,170"
4671,"155,139,40"
4672,"455,271,0"
4673,"62,23,24"
4674,"108,3,21"
4675,"129,128,40"
4676,"199,169,23"
4677,"170,169,10"
4678,"186,40,128"
4679,"350,26,23"
4680,"92,60,10"
4681,"15,53,3"
4682,"170,169,40"
4683,"199,311,169"
4684,"182,21,3"
4685,"93,64,10"
4686,"169,120,3"
4687,"57,5,3"
4688,"304,216,0"
4689,"302,160,40"
4690,"457,0,218"
4691,"349,265,0"
4692,"21,187,3"
4693,"182,3,21"
4694,"87,23,38"
4695,"137,23,38"
4696,"4,7,3"
4697,"40,128,145"
4698,"24,23,38"
4699,"93,64,10"
4700,"170,169,199"
4701,"420,169,296"
4702,"156,3,147"
4703,"326,105,23"
4704,"32,31,23"
4705,"463,255,0"
4706,"21,3,147"
4707,"40,132,131"
4708,"428,296,169"
4709,"307,23,74"
4710,"434,1,0"
4711,"220,10,23"
4712,"448,64,10"
4713,"106,105,23"
4714,"440,23,38"
4715,"515,265,0"
4716,"49,24,23"
4717,"429,271,0"
4718,"160,3,40"
4719,"490,265,0"
4720,"264,23,38"
4721,"431,135,40"
4722,"308,8,0"
4723,"307,23,74"
4724,"254,216,0"
4725,"129,128,40"
4726,"74,23,38"
4727,"19,4,3"
4728,"495,105,23"
4729,"18,17,3"
4730,"187,21,3"
4731,"301,3,21"
4732,"188,3,4"
4733,"145,10,40"
4734,"220,10,23"
4735,"181,145,40"
4736,"108,21,3"
4737,"85,3,21"
4738,"170,169,199"
4739,"382,169,199"
4740,"33,21,3"
4741,"287,53,3"
4742,"42,41,40"
4743,"436,169,170"
4744,"3,169,170"
4745,"316,30,3"
4746,"388,3,111"
4747,"368,184,40"
4748,"247,160,40"
4749,"145,10,40"
4750,"220,510,10"
4751,"348,255,0"
4752,"258,31,23"
4753,"199,169,40"
4754,"185,184,40"
4755,"235,8,0"
4756,"134,131,40"
4757,"235,8,0"
4758,"21,3,169"
4759,"202,3,111"
4760,"237,34,3"
4761,"41,3,40"
4762,"21,3,169"
4763,"309,23,38"
4764,"163,162,40"
4765,"523,3,53"
4766,"162,40,145"
4767,"205,11,10"
4768,"11,10,40"
4769,"353,271,0"
4770,"160,40,395"
4771,"108,21,3"
4772,"54,10,40"
4773,"3,435,4"
4774,"52,3,51"
4775,"187,21,3"
4776,"187,3,21"
4777,"42,41,40"
4778,"456,271,0"
4779,"220,221,10"
4780,"300,296,169"
4781,"145,10,40"
4782,"454,31,23"
4783,"90,64,10"
4784,"187,3,21"
4785,"188,3,4"
4786,"231,26,23"
4787,"228,5,3"
4788,"237,34,3"
4789,"350,26,23"
4790,"145,10,40"
4791,"97,3,5"
4792,"206,8,0"
4793,"175,128,40"
4794,"4,238,3"
4795,"221,10,220"
4796,"272,271,0"
4797,"202,3,111"
4798,"475,218,0"
4799,"170,169,3"
4800,"324,40,41"
4801,"204,3,13"
4802,"145,10,40"
4803,"286,40,41"
4804,"343,199,169"
4805,"108,21,3"
4806,"342,271,0"
4807,"523,3,53"
4808,"118,74,23"
4809,"43,24,23"
4810,"418,265,0"
4811,"307,74,23"
4812,"301,3,21"
4813,"181,145,40"
4814,"297,0,265"
4815,"448,64,10"
4816,"300,296,169"
4817,"515,0,265"
4818,"145,10,40"
4819,"187,3,21"
4820,"199,169,170"
4821,"206,8,0"
4822,"18,17,3"
4823,"145,10,40"
4824,"122,3,13"
4825,"32,23,31"
4826,"62,24,23"
4827,"233,51,3"
4828,"129,128,40"
4829,"21,127,3"
4830,"322,54,10"
4831,"457,0,218"
4832,"206,8,0"
4833,"226,131,40"
4834,"457,0,218"
4835,"148,147,3"
4836,"145,10,40"
4837,"145,146,40"
4838,"18,17,3"
4839,"102,21,3"
4840,"170,169,199"
4841,"199,169,170"
4842,"115,21,3"
4843,"24,23,38"
4844,"264,23,38"
4845,"66,30,3"
4846,"148,3,147"
4847,"326,105,23"
4848,"187,21,3"
4849,"402,145,40"
4850,"206,8,0"
4851,"289,288,0"
4852,"102,21,3"
4853,"283,23,74"
4854,"340,265,0"
4855,"43,24,23"
4856,"129,128,40"
4857,"220,10,23"
4858,"49,24,23"
4859,"510,220,10"
4860,"3,187,21"
4861,"93,10,64"
4862,"334,160,40"
4863,"343,169,199"
4864,"115,21,3"
4865,"129,128,40"
4866,"49,24,23"
4867,"148,3,147"
4868,"32,23,31"
4869,"363,271,0"
4870,"508,426,169"
4871,"170,199,169"
4872,"326,105,23"
4873,"431,135,40"
4874,"182,21,3"
4875,"182,3,21"
4876,"320,17,3"
4877,"521,0,208"
4878,"126,21,3"
4879,"285,0,8"
4880,"83,54,10"
4881,"137,23,38"
4882,"220,242,10"
4883,"53,3,28"
4884,"346,313,0"
4885,"175,40,128"
4886,"21,3,34"
4887,"325,3,53"
4888,"156,3,147"
4889,"170,199,169"
4890,"205,11,10"
4891,"169,199,170"
4892,"301,3,21"
4893,"199,169,170"
4894,"264,23,38"
4895,"206,8,0"
4896,"54,10,23"
4897,"430,53,3"
4898,"21,102,3"
4899,"42,41,40"
4900,"21,108,3"
4901,"11,205,10"
4902,"420,296,169"
4903,"170,169,199"
4904,"160,315,40"
4905,"199,169,311"
4906,"93,64,10"
4907,"170,199,169"
4908,"3,169,311"
4909,"332,3,53"
4910,"137,23,38"
4911,"283,74,23"
4912,"170,337,169"
4913,"43,24,23"
4914,"510,10,220"
4915,"182,21,3"
4916,"326,105,23"
4917,"444,0,271"
4918,"350,26,23"
4919,"309,23,38"
4920,"42,41,40"
4921,"103,23,38"
4922,"524,145,40"
4923,"269,0,218"
4924,"110,53,3"
4925,"143,34,3"
4926,"448,64,10"
4927,"164,21,3"
4928,"11,10,40"
4929,"40,76,23"
4930,"185,184,40"
4931,"467,3,53"
4932,"186,128,40"
4933,"80,64,10"
4934,"326,105,23"
4935,"118,74,23"
4936,"25,24,23"
4937,"145,169,40"
4938,"139,160,40"
4939,"438,265,0"
4940,"62,24,23"
4941,"211,216,0"
4942,"405,8,0"
4943,"368,184,40"
4944,"49,24,23"
4945,"326,105,23"
4946,"8,40,0"
4947,"454,31,23"
4948,"382,199,169"
4949,"189,135,40"
4950,"282,111,3"
4951,"103,23,38"
4952,"206,8,0"
4953,"238,4,3"
4954,"77,31,23"
4955,"402,145,40"
4956,"220,10,0"
4957,"91,23,38"
4958,"93,10,64"
4959,"145,10,40"
4960,"199,170,169"
4961,"123,111,3"
4962,"393,53,3"
4963,"382,169,199"
4964,"488,265,0"
4965,"191,41,40"
4966,"145,10,40"
4967,"354,216,0"
4968,"430,53,3"
4969,"220,10,23"
4970,"264,23,38"
4971,"326,105,23"
4972,"220,10,23"
4973,"224,41,40"
4974,"4,3,15"
4975,"43,24,23"
4976,"115,21,3"
4977,"3,311,169"
4978,"118,23,74"
4979,"354,216,0"
4980,"216,0,265"
4981,"455,0,271"
4982,"311,169,3"
4983,"244,40,135"
4984,"187,21,3"
4985,"42,41,40"
4986,"118,23,74"
4987,"202,3,111"
4988,"216,249,0"
4989,"241,131,40"
4990,"303,74,23"
4991,"455,271,0"
4992,"3,311,169"
4993,"467,53,3"
4994,"224,40,41"
4995,"448,64,10"
4996,"180,120,3"
4997,"249,0,169"
4998,"220,10,23"
4999,"93,64,10"
5000,"493,145,40"
5001,"170,3,169"
5002,"187,3,21"
5003,"317,74,23"
5004,"115,21,3"
5005,"338,64,10"
5006,"89,26,23"
5007,"329,170,169"
5008,"160,315,40"
5009,"226,40,131"
5010,"249,0,218"
5011,"272,271,0"
5012,"55,54,10"
5013,"183,4,3"
5014,"197,10,60"
5015,"93,64,10"
5016,"93,10,64"
5017,"4,238,3"
5018,"307,74,23"
5019,"170,169,199"
5020,"138,135,40"
5021,"90,10,64"
5022,"448,64,10"
5023,"199,169,170"
5024,"97,5,3"
5025,"199,337,169"
5026,"128,0,40"
5027,"286,40,41"
5028,"523,3,53"
5029,"186,128,40"
5030,"355,271,0"
5031,"4,7,3"
5032,"138,135,40"
5033,"436,169,170"
5034,"187,21,3"
5035,"456,271,0"
5036,"147,3,120"
5037,"411,296,169"
5038,"170,199,169"
5039,"406,40,131"
5040,"43,24,23"
5041,"473,64,10"
5042,"231,26,23"
5043,"109,11,10"
5044,"93,64,10"
5045,"129,128,40"
5046,"33,3,21"
5047,"286,41,40"
5048,"23,38,24"
5049,"3,41,40"
5050,"263,34,3"
5051,"185,184,40"
5052,"40,131,160"
5053,"15,16,3"
5054,"118,23,74"
5055,"414,60,10"
5056,"338,64,10"
5057,"160,315,40"
5058,"402,145,40"
5059,"311,169,170"
5060,"99,3,53"
5061,"3,133,5"
5062,"170,169,40"
5063,"40,128,145"
5064,"387,0,218"
5065,"331,3,5"
5066,"488,265,0"
5067,"238,3,4"
5068,"226,131,40"
5069,"4,238,3"
5070,"340,265,0"
5071,"181,145,40"
5072,"264,23,38"
5073,"307,74,23"
5074,"187,21,3"
5075,"3,21,108"
5076,"97,3,5"
5077,"85,3,53"
5078,"220,10,23"
5079,"186,128,40"
5080,"448,64,10"
5081,"220,10,23"
5082,"165,74,23"
5083,"337,169,170"
5084,"493,145,40"
5085,"115,21,3"
5086,"185,184,40"
5087,"332,3,53"
5088,"131,40,486"
5089,"115,21,3"
5090,"199,170,169"
5091,"493,145,40"
5092,"326,105,23"
5093,"220,10,40"
5094,"10,145,40"
5095,"24,23,38"
5096,"11,10,40"
5097,"93,64,10"
5098,"381,357,0"
5099,"145,10,40"
5100,"296,300,169"
5101,"129,128,40"
5102,"170,169,3"
5103,"163,162,40"
5104,"82,23,38"
5105,"199,311,169"
5106,"187,21,3"
5107,"187,3,21"
5108,"32,31,23"
5109,"17,168,3"
5110,"316,3,30"
5111,"49,24,23"
5112,"148,3,147"
5113,"382,169,199"
5114,"33,21,3"
5115,"239,10,60"
5116,"199,170,169"
5117,"484,255,0"
5118,"148,3,147"
5119,"3,66,30"
5120,"472,111,3"
5121,"54,10,40"
5122,"414,60,10"
5123,"21,108,3"
5124,"90,64,10"
5125,"80,64,10"
5126,"115,21,3"
5127,"478,145,40"
5128,"226,40,131"
5129,"129,128,40"
5130,"220,10,23"
5131,"84,23,74"
5132,"175,128,40"
5133,"221,220,10"
5134,"402,145,40"
5135,"438,0,265"
5136,"139,40,131"
5137,"8,0,208"
5138,"206,8,0"
5139,"434,0,1"
5140,"11,10,40"
5141,"93,64,10"
5142,"448,64,10"
5143,"170,169,199"
5144,"27,26,23"
5145,"367,100,40"
5146,"495,105,23"
5147,"402,145,40"
5148,"254,216,0"
5149,"21,3,169"
5150,"65,64,10"
5151,"3,238,4"
5152,"448,64,10"
5153,"141,135,40"
5154,"90,10,64"
5155,"62,24,23"
5156,"115,3,21"
5157,"340,265,0"
5158,"187,21,3"
5159,"106,105,23"
5160,"435,3,4"
5161,"187,21,3"
5162,"343,169,199"
5163,"221,220,10"
5164,"199,169,170"
5165,"256,255,0"
5166,"454,31,23"
5167,"139,3,40"
5168,"220,242,10"
5169,"219,3,30"
5170,"365,265,0"
5171,"129,128,40"
5172,"148,3,147"
5173,"474,111,3"
5174,"340,265,0"
5175,"68,53,3"
5176,"180,3,120"
5177,"281,169,199"
5178,"508,169,426"
5179,"54,10,40"
5180,"145,10,40"
5181,"497,0,288"
5182,"335,10,64"
5183,"231,26,23"
5184,"11,10,40"
5185,"82,23,38"
5186,"21,3,169"
5187,"118,23,74"
5188,"228,5,3"
5189,"153,139,40"
5190,"115,21,3"
5191,"169,199,170"
5192,"402,145,40"
5193,"24,23,38"
5194,"187,21,3"
5195,"239,60,10"
5196,"12,11,10"
5197,"455,0,271"
5198,"139,3,40"
5199,"77,31,23"
5200,"129,40,128"
5201,"40,128,145"
5202,"129,128,40"
5203,"82,23,38"
5204,"232,23,38"
5205,"42,41,40"
5206,"21,108,3"
5207,"190,3,28"
5208,"206,8,0"
5209,"68,3,53"
5210,"82,23,38"
5211,"54,10,40"
5212,"311,199,169"
5213,"149,40,41"
5214,"182,21,3"
5215,"54,10,40"
5216,"502,145,40"
5217,"170,169,199"
5218,"239,60,10"
5219,"430,53,3"
5220,"136,40,135"
5221,"97,3,5"
5222,"402,145,40"
5223,"240,23,38"
5224,"128,129,40"
5225,"508,169,426"
5226,"89,26,23"
5227,"93,10,64"
5228,"27,26,23"
5229,"11,10,40"
5230,"89,26,23"
5231,"475,0,218"
5232,"204,3,13"
5233,"102,21,3"
5234,"129,128,40"
5235,"145,10,40"
5236,"199,169,23"
5237,"170,169,199"
5238,"93,10,64"
5239,"343,199,169"
5240,"239,10,60"
5241,"284,3,111"
5242,"89,26,23"
5243,"326,105,23"
5244,"137,23,38"
5245,"21,102,3"
5246,"431,135,40"
5247,"19,4,3"
5248,"170,169,199"
5249,"40,131,486"
5250,"40,134,131"
5251,"309,23,38"
5252,"21,3,40"
5253,"256,255,0"
5254,"32,23,31"
5255,"346,0,313"
5256,"199,169,170"
5257,"145,40,10"
5258,"456,271,0"
5259,"206,8,0"
5260,"240,23,38"
5261,"317,23,74"
5262,"181,40,145"
5263,"308,8,0"
5264,"260,169,170"
5265,"220,221,10"
5266,"278,277,0"
5267,"448,64,10"
5268,"238,4,3"
5269,"21,108,3"
5270,"271,456,0"
5271,"420,169,296"
5272,"24,23,38"
5273,"185,184,40"
5274,"40,76,23"
5275,"328,31,23"
5276,"206,8,0"
5277,"231,26,23"
5278,"195,128,40"
5279,"108,21,3"
5280,"89,26,23"
5281,"264,23,38"
5282,"96,31,23"
5283,"317,74,23"
5284,"231,26,23"
5285,"42,41,40"
5286,"187,3,21"
5287,"115,3,21"
5288,"30,66,3"
5289,"160,40,131"
5290,"21,127,3"
5291,"42,41,40"
5292,"406,131,40"
5293,"366,271,0"
5294,"231,26,23"
5295,"170,169,426"
5296,"163,162,40"
5297,"264,23,38"
5298,"199,169,23"
5299,"220,10,40"
5300,"43,24,23"
5301,"54,40,10"
5302,"199,169,337"
5303,"43,24,23"
5304,"145,10,40"
5305,"209,208,0"
5306,"263,34,3"
5307,"250,40,135"
5308,"145,40,10"
5309,"65,64,10"
5310,"165,23,74"
5311,"11,10,40"
5312,"160,40,3"
5313,"231,26,23"
5314,"488,265,0"
5315,"145,10,40"
5316,"249,265,0"
5317,"115,21,3"
5318,"348,0,255"
5319,"447,3,34"
5320,"96,31,23"
5321,"226,131,40"
5322,"187,3,21"
5323,"308,8,0"
5324,"241,131,40"
5325,"189,135,40"
5326,"286,41,40"
5327,"199,170,169"
5328,"17,320,3"
5329,"91,23,38"
5330,"160,41,40"
5331,"466,40,131"
5332,"326,105,23"
5333,"3,4,435"
5334,"138,135,40"
5335,"112,111,3"
5336,"343,199,169"
5337,"32,23,31"
5338,"170,169,199"
5339,"159,40,131"
5340,"170,169,199"
5341,"195,128,40"
5342,"164,21,3"
5343,"340,265,0"
5344,"54,322,10"
5345,"82,23,38"
5346,"62,23,24"
5347,"231,26,23"
5348,"285,8,0"
5349,"325,53,3"
5350,"420,296,169"
5351,"21,3,169"
5352,"40,160,3"
5353,"484,255,0"
5354,"322,54,10"
5355,"134,131,40"
5356,"300,296,169"
5357,"317,74,23"
5358,"238,3,4"
5359,"49,23,24"
5360,"357,0,218"
5361,"21,3,40"
5362,"250,40,135"
5363,"40,128,145"
5364,"11,10,40"
5365,"3,148,147"
5366,"148,3,147"
5367,"459,170,169"
5368,"170,169,3"
5369,"500,21,3"
5370,"52,51,3"
5371,"80,64,10"
5372,"328,31,23"
5373,"340,265,0"
5374,"448,64,10"
5375,"226,40,131"
5376,"199,281,169"
5377,"340,265,0"
5378,"174,4,3"
5379,"145,10,40"
5380,"318,105,23"
5381,"186,128,40"
5382,"220,10,23"
5383,"455,271,0"
5384,"139,40,41"
5385,"456,271,0"
5386,"96,31,23"
5387,"42,41,40"
5388,"10,145,40"
5389,"515,265,0"
5390,"54,10,40"
5391,"93,10,64"
5392,"530,296,169"
5393,"187,3,21"
5394,"54,10,40"
5395,"145,40,10"
5396,"107,23,38"
5397,"391,8,0"
5398,"8,265,0"
5399,"231,26,23"
5400,"42,41,40"
5401,"448,64,10"
5402,"419,10,11"
5403,"149,40,41"
5404,"340,265,0"
5405,"406,40,131"
5406,"186,128,40"
5407,"355,271,0"
5408,"143,34,3"
5409,"33,3,21"
5410,"384,265,0"
5411,"420,296,169"
5412,"199,169,170"
5413,"93,64,10"
5414,"199,169,0"
5415,"420,169,296"
5416,"42,41,40"
5417,"222,100,40"
5418,"11,10,0"
5419,"145,10,40"
5420,"447,3,34"
5421,"187,21,3"
5422,"187,21,3"
5423,"187,3,21"
5424,"93,64,10"
5425,"170,169,10"
5426,"202,3,111"
5427,"49,24,23"
5428,"335,64,10"
5429,"220,10,40"
5430,"447,34,3"
5431,"4,7,3"
5432,"309,23,38"
5433,"509,0,218"
5434,"235,8,0"
5435,"524,145,40"
5436,"23,24,38"
5437,"235,8,0"
5438,"444,0,271"
5439,"146,145,40"
5440,"91,23,38"
5441,"287,53,3"
5442,"327,8,0"
5443,"206,8,0"
5444,"224,41,40"
5445,"288,23,0"
5446,"469,288,0"
5447,"115,21,3"
5448,"376,0,265"
5449,"185,184,40"
5450,"239,60,10"
5451,"187,21,3"
5452,"300,296,169"
5453,"187,21,3"
5454,"170,0,169"
5455,"76,40,23"
5456,"216,357,0"
5457,"195,128,40"
5458,"258,31,23"
5459,"17,3,40"
5460,"148,3,147"
5461,"43,24,23"
5462,"140,139,40"
5463,"108,21,3"
5464,"3,263,34"
5465,"355,0,271"
5466,"376,265,0"
5467,"241,40,131"
5468,"181,145,40"
5469,"355,271,0"
5470,"231,26,23"
5471,"169,170,199"
5472,"42,41,40"
5473,"276,265,0"
5474,"457,0,218"
5475,"148,3,147"
5476,"238,3,4"
5477,"448,64,10"
5478,"264,23,38"
5479,"452,296,169"
5480,"199,169,170"
5481,"123,111,3"
5482,"134,131,40"
5483,"8,206,0"
5484,"68,3,53"
5485,"306,296,169"
5486,"340,265,0"
5487,"340,265,0"
5488,"32,31,23"
5489,"306,296,169"
5490,"21,164,3"
5491,"448,64,10"
5492,"3,311,169"
5493,"181,145,40"
5494,"227,3,30"
5495,"355,271,0"
5496,"76,40,23"
5497,"355,271,0"
5498,"168,17,3"
5499,"14,13,3"
5500,"10,145,40"
5501,"264,38,23"
5502,"345,23,24"
5503,"448,64,10"
5504,"162,40,23"
5505,"406,131,40"
5506,"377,0,218"
5507,"211,216,0"
5508,"340,265,0"
5509,"54,64,10"
5510,"160,41,40"
5511,"187,21,3"
5512,"138,135,40"
5513,"187,3,21"
5514,"25,24,23"
5515,"264,23,38"
5516,"142,40,131"
5517,"448,64,10"
5518,"134,40,131"
5519,"21,33,3"
5520,"80,64,10"
5521,"318,105,23"
5522,"318,105,23"
5523,"3,21,169"
5524,"326,105,23"
5525,"40,128,145"
5526,"328,31,23"
5527,"229,3,0"
5528,"119,111,3"
5529,"10,145,40"
5530,"388,3,111"
5531,"145,10,40"
5532,"91,23,38"
5533,"343,199,169"
5534,"284,3,111"
5535,"458,0,277"
5536,"506,13,3"
5537,"187,21,3"
5538,"170,169,40"
5539,"90,10,64"
5540,"80,64,10"
5541,"181,40,145"
5542,"187,3,21"
5543,"199,169,170"
5544,"24,23,38"
5545,"267,111,3"
5546,"43,24,23"
5547,"187,3,21"
5548,"58,3,17"
5549,"90,10,64"
5550,"138,135,40"
5551,"138,135,40"
5552,"355,271,0"
5553,"187,21,3"
5554,"352,271,0"
5555,"24,38,23"
5556,"241,40,131"
5557,"91,23,38"
5558,"340,265,0"
5559,"440,23,38"
5560,"66,3,30"
5561,"125,3,111"
5562,"145,10,40"
5563,"446,0,218"
5564,"43,24,23"
5565,"455,271,0"
5566,"145,10,40"
5567,"337,311,169"
5568,"228,3,5"
5569,"224,41,40"
5570,"326,105,23"
5571,"43,24,23"
5572,"170,169,426"
5573,"21,3,169"
5574,"21,40,3"
5575,"63,23,38"
5576,"170,169,199"
5577,"209,0,208"
5578,"457,0,218"
5579,"326,105,23"
5580,"128,130,40"
5581,"24,23,38"
5582,"100,40,128"
5583,"189,135,40"
5584,"40,160,151"
5585,"145,10,40"
5586,"138,135,40"
5587,"315,160,40"
5588,"130,128,40"
5589,"201,41,40"
5590,"456,271,0"
5591,"107,23,38"
5592,"131,134,40"
5593,"224,41,40"
5594,"326,105,23"
5595,"62,23,24"
5596,"434,0,1"
5597,"296,300,169"
5598,"496,40,395"
5599,"456,271,0"
5600,"452,169,296"
5601,"145,10,40"
5602,"21,102,3"
5603,"349,265,0"
5604,"87,38,23"
5605,"11,10,40"
5606,"394,255,0"
5607,"446,0,218"
5608,"220,10,23"
5609,"181,145,40"
5610,"19,3,4"
5611,"348,255,0"
5612,"199,170,169"
5613,"187,3,21"
5614,"444,271,0"
5615,"15,3,17"
5616,"169,170,199"
5617,"340,265,0"
5618,"514,8,0"
5619,"228,3,5"
5620,"93,64,10"
5621,"326,105,23"
5622,"145,40,0"
5623,"273,0,265"
5624,"271,0,23"
5625,"376,265,0"
5626,"264,23,38"
5627,"199,169,40"
5628,"241,131,40"
5629,"432,0,277"
5630,"96,31,23"
5631,"290,31,23"
5632,"195,128,40"
5633,"199,311,169"
5634,"374,169,199"
5635,"197,10,60"
5636,"170,169,199"
5637,"89,26,23"
5638,"205,11,10"
5639,"339,337,169"
5640,"128,40,23"
5641,"27,26,23"
5642,"328,31,23"
5643,"139,131,40"
5644,"143,34,3"
5645,"355,271,0"
5646,"283,74,23"
5647,"448,64,10"
5648,"478,145,40"
5649,"309,23,38"
5650,"367,100,40"
5651,"428,296,169"
5652,"397,313,0"
5653,"240,23,38"
5654,"4,435,3"
5655,"501,313,0"
5656,"21,187,3"
5657,"127,21,3"
5658,"523,3,53"
5659,"115,21,3"
5660,"41,201,40"
5661,"65,64,10"
5662,"146,145,40"
5663,"231,26,23"
5664,"363,271,0"
5665,"362,271,0"
5666,"139,40,3"
5667,"140,139,40"
5668,"118,23,74"
5669,"264,23,38"
5670,"340,265,0"
5671,"448,64,10"
5672,"145,10,40"
5673,"241,131,40"
5674,"448,64,10"
5675,"3,108,21"
5676,"382,169,199"
5677,"277,1,0"
5678,"118,74,23"
5679,"21,3,169"
5680,"209,208,0"
5681,"54,10,23"
5682,"108,21,3"
5683,"54,10,40"
5684,"149,41,40"
5685,"518,3,28"
5686,"66,3,30"
5687,"11,10,40"
5688,"434,0,1"
5689,"396,395,40"
5690,"335,64,10"
5691,"175,40,128"
5692,"411,296,169"
5693,"250,40,135"
5694,"231,26,23"
5695,"231,26,23"
5696,"20,13,3"
5697,"4,238,3"
5698,"384,265,0"
5699,"451,50,3"
5700,"302,160,40"
5701,"371,296,169"
5702,"21,126,3"
5703,"376,265,0"
5704,"93,10,64"
5705,"393,53,3"
5706,"382,199,169"
5707,"185,184,40"
5708,"199,311,169"
5709,"247,160,40"
5710,"181,40,145"
5711,"514,8,0"
5712,"355,271,0"
5713,"220,10,23"
5714,"40,131,160"
5715,"438,265,0"
5716,"170,169,199"
5717,"10,145,40"
5718,"275,111,3"
5719,"406,131,40"
5720,"134,131,40"
5721,"124,21,3"
5722,"498,288,0"
5723,"134,40,131"
5724,"448,64,10"
5725,"523,53,3"
5726,"366,271,0"
5727,"4,3,5"
5728,"187,21,3"
5729,"25,24,23"
5730,"199,169,170"
5731,"522,271,0"
5732,"170,169,0"
5733,"382,199,169"
5734,"146,40,145"
5735,"325,53,3"
5736,"440,23,38"
5737,"328,31,23"
5738,"169,337,170"
5739,"169,199,170"
5740,"435,4,3"
5741,"49,23,24"
5742,"326,105,23"
5743,"435,4,3"
5744,"349,265,0"
5745,"156,3,147"
5746,"448,64,10"
5747,"245,31,23"
5748,"54,10,40"
5749,"93,64,10"
5750,"220,510,10"
5751,"315,160,40"
5752,"138,135,40"
5753,"454,31,23"
5754,"324,40,41"
5755,"43,24,23"
5756,"187,3,21"
5757,"14,13,3"
5758,"309,23,38"
5759,"195,128,40"
5760,"220,10,23"
5761,"226,131,40"
5762,"238,3,4"
5763,"145,10,40"
5764,"19,4,3"
5765,"182,3,21"
5766,"61,60,10"
5767,"224,41,40"
5768,"457,0,218"
5769,"199,169,170"
5770,"126,3,21"
5771,"89,26,23"
5772,"137,23,38"
5773,"181,145,40"
5774,"191,41,40"
5775,"95,54,10"
5776,"264,23,38"
5777,"182,3,21"
5778,"324,40,41"
5779,"42,41,40"
5780,"438,0,265"
5781,"40,128,145"
5782,"145,10,40"
5783,"204,3,13"
5784,"112,111,3"
5785,"247,160,40"
5786,"436,169,170"
5787,"220,10,23"
5788,"175,128,40"
5789,"460,296,169"
5790,"514,8,0"
5791,"92,10,60"
5792,"90,10,64"
5793,"204,13,3"
5794,"205,11,10"
5795,"369,208,0"
5796,"169,199,170"
5797,"264,23,38"
5798,"420,169,296"
5799,"84,23,74"
5800,"12,10,11"
5801,"152,151,40"
5802,"91,23,38"
5803,"43,24,23"
5804,"290,23,31"
5805,"458,0,277"
5806,"254,216,0"
5807,"485,313,0"
5808,"268,3,120"
5809,"501,313,0"
5810,"457,218,0"
5811,"144,15,3"
5812,"199,311,169"
5813,"187,21,3"
5814,"381,357,0"
5815,"353,271,0"
5816,"176,4,3"
5817,"406,40,131"
5818,"420,169,296"
5819,"343,199,169"
5820,"220,510,10"
5821,"8,410,0"
5822,"348,255,0"
5823,"345,24,23"
5824,"11,10,40"
5825,"23,24,38"
5826,"345,23,24"
5827,"325,53,3"
5828,"220,10,23"
5829,"43,24,23"
5830,"96,31,23"
5831,"126,3,21"
5832,"478,145,40"
5833,"231,26,23"
5834,"381,357,0"
5835,"129,128,40"
5836,"19,4,3"
5837,"326,105,23"
5838,"187,21,3"
5839,"220,40,10"
5840,"241,40,131"
5841,"160,302,40"
5842,"11,10,40"
5843,"431,135,40"
5844,"21,3,187"
5845,"346,313,0"
5846,"286,41,40"
5847,"411,296,169"
5848,"369,208,0"
5849,"169,170,337"
5850,"493,145,40"
5851,"370,216,0"
5852,"63,23,38"
5853,"275,3,111"
5854,"199,169,3"
5855,"40,76,23"
5856,"446,0,218"
5857,"466,40,131"
5858,"18,17,3"
5859,"249,0,255"
5860,"93,10,64"
5861,"23,24,38"
5862,"145,10,40"
5863,"375,4,3"
5864,"402,145,40"
5865,"185,184,40"
5866,"82,23,38"
5867,"220,10,23"
5868,"181,145,40"
5869,"133,5,3"
5870,"36,3,35"
5871,"199,170,169"
5872,"181,40,145"
5873,"145,10,40"
5874,"286,41,40"
5875,"40,226,131"
5876,"199,311,169"
5877,"32,23,31"
5878,"2,1,0"
5879,"40,145,128"
5880,"160,315,40"
5881,"48,21,3"
5882,"40,131,134"
5883,"199,169,311"
5884,"82,23,38"
5885,"469,288,0"
5886,"242,10,220"
5887,"12,10,11"
5888,"49,24,23"
5889,"163,162,40"
5890,"232,23,38"
5891,"85,86,3"
5892,"366,271,0"
5893,"21,3,169"
5894,"96,31,23"
5895,"418,265,0"
5896,"187,21,3"
5897,"4,435,3"
5898,"168,17,3"
5899,"306,296,169"
5900,"40,131,486"
5901,"431,135,40"
5902,"135,3,40"
5903,"62,24,23"
5904,"192,23,38"
5905,"66,3,30"
5906,"11,10,40"
5907,"324,40,41"
5908,"460,169,296"
5909,"93,64,10"
5910,"211,216,0"
5911,"138,135,40"
5912,"54,10,40"
5913,"139,40,3"
5914,"8,514,0"
5915,"25,24,23"
5916,"226,131,40"
5917,"40,226,131"
5918,"77,31,23"
5919,"156,3,147"
5920,"145,10,40"
5921,"243,184,40"
5922,"497,0,288"
5923,"43,24,23"
5924,"444,271,0"
5925,"190,3,28"
5926,"80,64,10"
5927,"42,40,41"
5928,"48,3,21"
5929,"238,4,3"
5930,"384,265,0"
5931,"62,24,23"
5932,"93,64,10"
5933,"21,115,3"
5934,"227,3,30"
5935,"356,169,199"
5936,"509,0,218"
5937,"478,145,40"
5938,"318,105,23"
5939,"160,315,40"
5940,"403,208,0"
5941,"448,64,10"
5942,"262,105,23"
5943,"221,220,10"
5944,"176,4,3"
5945,"316,30,3"
5946,"118,23,74"
5947,"308,8,0"
5948,"242,220,10"
5949,"439,208,0"
5950,"264,23,38"
5951,"456,271,0"
5952,"199,169,23"
5953,"154,21,3"
5954,"149,40,41"
5955,"138,135,40"
5956,"33,3,21"
5957,"15,3,53"
5958,"36,35,3"
5959,"169,420,296"
5960,"263,34,3"
5961,"427,426,169"
5962,"169,337,170"
5963,"145,40,23"
5964,"451,3,50"
5965,"509,218,0"
5966,"226,131,40"
5967,"345,23,24"
5968,"15,16,3"
5969,"436,169,170"
5970,"54,23,10"
5971,"170,169,426"
5972,"43,24,23"
5973,"206,8,0"
5974,"187,21,3"
5975,"94,23,38"
5976,"189,135,40"
5977,"145,40,10"
5978,"187,21,3"
5979,"524,145,40"
5980,"405,8,0"
5981,"383,0,208"
5982,"304,216,0"
5983,"109,11,10"
5984,"231,26,23"
5985,"278,277,0"
5986,"149,41,40"
5987,"497,288,0"
5988,"231,26,23"
5989,"21,124,3"
5990,"187,21,3"
5991,"8,313,0"
5992,"211,216,0"
5993,"326,105,23"
5994,"226,40,131"
5995,"448,64,10"
5996,"19,3,4"
5997,"220,10,23"
5998,"331,5,3"
5999,"163,162,40"
6000,"181,145,40"
6001,"85,3,53"
6002,"519,105,23"
6003,"360,271,0"
6004,"511,313,0"
6005,"181,145,40"
6006,"406,131,40"
6007,"187,21,3"
6008,"187,21,3"
6009,"66,3,30"
6010,"43,24,23"
6011,"228,5,3"
6012,"93,64,10"
6013,"145,10,40"
6014,"108,21,3"
6015,"68,3,53"
6016,"321,271,0"
6017,"448,64,10"
6018,"387,0,218"
6019,"112,111,3"
6020,"181,145,40"
6021,"425,265,0"
6022,"8,206,0"
6023,"21,108,3"
6024,"369,208,0"
6025,"12,10,11"
6026,"3,21,169"
6027,"8,208,0"
6028,"156,3,147"
6029,"40,226,131"
6030,"199,169,170"
6031,"118,23,74"
6032,"348,0,255"
6033,"145,40,10"
6034,"85,3,40"
6035,"138,135,40"
6036,"264,23,38"
6037,"408,128,40"
6038,"231,26,23"
6039,"238,3,4"
6040,"315,160,40"
6041,"47,24,23"
6042,"305,21,3"
6043,"138,135,40"
6044,"521,0,208"
6045,"226,131,40"
6046,"220,10,0"
6047,"43,24,23"
6048,"145,10,40"
6049,"48,21,3"
6050,"382,199,169"
6051,"175,128,40"
6052,"163,40,162"
6053,"118,23,74"
6054,"496,40,395"
6055,"168,17,3"
6056,"187,21,3"
6057,"257,216,0"
6058,"414,10,60"
6059,"63,23,38"
6060,"185,40,184"
6061,"202,3,111"
6062,"406,131,40"
6063,"115,21,3"
6064,"118,23,74"
6065,"62,24,23"
6066,"66,30,3"
6067,"107,23,38"
6068,"343,199,169"
6069,"435,4,3"
6070,"4,7,3"
6071,"97,5,3"
6072,"455,0,271"
6073,"420,296,169"
6074,"300,296,169"
6075,"160,151,40"
6076,"264,23,38"
6077,"272,271,0"
6078,"406,131,40"
6079,"181,40,145"
6080,"444,271,0"
6081,"369,208,0"
6082,"304,216,0"
6083,"170,199,169"
6084,"231,23,26"
6085,"181,40,145"
6086,"315,160,40"
6087,"20,13,3"
6088,"49,24,23"
6089,"43,24,23"
6090,"93,64,10"
6091,"80,64,10"
6092,"169,199,170"
6093,"129,128,40"
6094,"77,31,23"
6095,"350,26,23"
6096,"21,3,40"
6097,"397,313,0"
6098,"4,183,3"
6099,"93,64,10"
6100,"206,8,0"
6101,"163,162,40"
6102,"145,10,40"
6103,"490,265,0"
6104,"170,169,3"
6105,"420,169,296"
6106,"100,0,40"
6107,"494,184,40"
6108,"10,145,40"
6109,"3,238,4"
6110,"10,145,40"
6111,"106,105,23"
6112,"139,40,3"
6113,"199,169,170"
6114,"220,510,10"
6115,"96,31,23"
6116,"216,211,0"
6117,"340,265,0"
6118,"231,26,23"
6119,"205,11,10"
6120,"206,8,0"
6121,"54,95,10"
6122,"66,3,30"
6123,"175,40,128"
6124,"3,21,169"
6125,"360,271,0"
6126,"126,21,3"
6127,"191,41,40"
6128,"324,40,41"
6129,"264,23,38"
6130,"148,3,147"
6131,"18,17,3"
6132,"21,102,3"
6133,"469,0,288"
6134,"54,64,10"
6135,"148,3,147"
6136,"145,10,40"
6137,"30,3,28"
6138,"133,5,3"
6139,"115,21,3"
6140,"21,3,5"
6141,"264,23,38"
6142,"93,64,10"
6143,"93,64,10"
6144,"145,10,40"
6145,"224,41,40"
6146,"145,10,40"
6147,"355,271,0"
6148,"143,34,3"
6149,"43,24,23"
6150,"21,108,3"
6151,"169,311,426"
6152,"199,170,169"
6153,"356,199,169"
6154,"96,31,23"
6155,"221,10,220"
6156,"290,31,23"
6157,"23,24,38"
6158,"420,169,296"
6159,"40,486,131"
6160,"346,313,0"
6161,"104,3,30"
6162,"431,40,135"
6163,"170,169,199"
6164,"339,337,169"
6165,"24,23,38"
6166,"170,169,40"
6167,"493,145,40"
6168,"402,145,40"
6169,"3,170,169"
6170,"19,4,3"
6171,"306,296,169"
6172,"21,3,40"
6173,"181,40,145"
6174,"467,53,3"
6175,"284,111,3"
6176,"315,160,40"
6177,"129,128,40"
6178,"15,3,53"
6179,"79,64,10"
6180,"151,152,40"
6181,"220,10,23"
6182,"434,1,0"
6183,"508,169,426"
6184,"249,0,265"
6185,"263,34,3"
6186,"18,17,3"
6187,"49,24,23"
6188,"181,145,40"
6189,"25,23,24"
6190,"514,8,0"
6191,"317,74,23"
6192,"199,170,169"
6193,"82,23,38"
6194,"264,23,38"
6195,"106,105,23"
6196,"33,21,3"
6197,"191,41,40"
6198,"118,23,74"
6199,"43,24,23"
6200,"21,3,40"
6201,"478,145,40"
6202,"199,169,170"
6203,"96,31,23"
6204,"151,160,40"
6205,"231,26,23"
6206,"448,64,10"
6207,"102,21,3"
6208,"370,216,0"
6209,"286,41,40"
6210,"235,8,0"
6211,"22,21,3"
6212,"185,184,40"
6213,"308,8,0"
6214,"325,3,53"
6215,"12,10,11"
6216,"418,265,0"
6217,"441,111,3"
6218,"43,24,23"
6219,"40,160,151"
6220,"326,105,23"
6221,"209,0,208"
6222,"176,3,4"
6223,"40,226,131"
6224,"181,145,40"
6225,"220,10,23"
6226,"220,10,23"
6227,"65,64,10"
6228,"128,40,0"
6229,"187,21,3"
6230,"216,271,0"
6231,"276,265,0"
6232,"115,21,3"
6233,"214,0,213"
6234,"411,296,169"
6235,"170,169,311"
6236,"3,4,21"
6237,"128,40,169"
6238,"264,23,38"
6239,"62,24,23"
6240,"343,169,199"
6241,"368,40,184"
6242,"217,3,120"
6243,"48,3,21"
6244,"170,169,199"
6245,"250,135,40"
6246,"311,169,3"
6247,"21,102,3"
6248,"170,169,337"
6249,"345,24,23"
6250,"315,40,160"
6251,"438,0,265"
6252,"48,21,3"
6253,"96,31,23"
6254,"220,11,10"
6255,"180,3,120"
6256,"138,40,135"
6257,"351,0,218"
6258,"309,23,38"
6259,"346,313,0"
6260,"105,40,23"
6261,"185,184,40"
6262,"249,0,208"
6263,"118,23,74"
6264,"260,169,170"
6265,"93,10,64"
6266,"108,21,3"
6267,"311,199,169"
6268,"227,3,30"
6269,"191,41,40"
6270,"185,184,40"
6271,"187,21,3"
6272,"523,3,53"
6273,"33,21,3"
6274,"11,10,40"
6275,"97,5,3"
6276,"213,288,0"
6277,"11,10,40"
6278,"92,60,10"
6279,"168,17,3"
6280,"340,265,0"
6281,"375,3,4"
6282,"435,4,3"
6283,"151,40,3"
6284,"108,3,21"
6285,"4,238,3"
6286,"271,255,0"
6287,"93,64,10"
6288,"170,169,199"
6289,"286,41,40"
6290,"32,31,23"
6291,"466,40,131"
6292,"49,24,23"
6293,"447,3,34"
6294,"91,23,38"
6295,"145,10,40"
6296,"278,277,0"
6297,"206,8,0"
6298,"126,21,3"
6299,"90,10,64"
6300,"40,160,151"
6301,"199,311,169"
6302,"304,216,0"
6303,"326,105,23"
6304,"355,271,0"
6305,"62,24,23"
6306,"356,199,169"
6307,"316,30,3"
6308,"109,11,10"
6309,"33,21,3"
6310,"43,24,23"
6311,"335,64,10"
6312,"32,31,23"
6313,"87,23,38"
6314,"145,10,40"
6315,"118,23,74"
6316,"85,86,3"
6317,"264,23,38"
6318,"448,64,10"
6319,"335,64,10"
6320,"372,255,0"
6321,"43,24,23"
6322,"448,64,10"
6323,"95,54,10"
6324,"199,170,169"
6325,"130,128,40"
6326,"199,170,169"
6327,"106,105,23"
6328,"170,169,199"
6329,"242,220,10"
6330,"58,17,3"
6331,"7,4,3"
6332,"32,31,23"
6333,"49,24,23"
6334,"83,54,10"
6335,"82,23,38"
6336,"168,17,3"
6337,"40,128,145"
6338,"66,3,30"
6339,"240,23,38"
6340,"301,3,21"
6341,"14,13,3"
6342,"145,10,40"
6343,"181,145,40"
6344,"456,271,0"
6345,"206,8,0"
6346,"145,40,23"
6347,"220,10,23"
6348,"199,169,23"
6349,"365,265,0"
6350,"155,139,40"
6351,"315,160,40"
6352,"205,11,10"
6353,"456,271,0"
6354,"21,3,40"
6355,"54,83,10"
6356,"143,3,34"
6357,"96,31,23"
6358,"183,4,3"
6359,"283,74,23"
6360,"40,128,145"
6361,"169,337,170"
6362,"43,24,23"
6363,"224,41,40"
6364,"169,199,170"
6365,"283,74,23"
6366,"129,128,40"
6367,"258,31,23"
6368,"493,145,40"
6369,"126,21,3"
6370,"11,10,40"
6371,"62,23,24"
6372,"211,216,0"
6373,"160,41,40"
6374,"220,242,10"
6375,"226,40,131"
6376,"447,34,3"
6377,"396,395,40"
6378,"185,184,40"
6379,"3,170,169"
6380,"205,11,10"
6381,"271,1,0"
6382,"457,0,218"
6383,"221,220,10"
6384,"126,21,3"
6385,"62,24,23"
6386,"457,0,218"
6387,"199,170,169"
6388,"206,8,0"
6389,"3,523,53"
6390,"165,74,23"
6391,"242,10,220"
6392,"91,23,38"
6393,"187,3,21"
6394,"145,40,23"
6395,"199,169,0"
6396,"243,184,40"
6397,"199,169,311"
6398,"348,255,0"
6399,"220,10,23"
6400,"11,205,10"
6401,"399,265,0"
6402,"147,148,3"
6403,"301,3,21"
6404,"181,40,145"
6405,"43,24,23"
6406,"369,208,0"
6407,"146,145,40"
6408,"52,51,3"
6409,"376,265,0"
6410,"3,15,17"
6411,"369,208,0"
6412,"16,15,3"
6413,"109,11,10"
6414,"187,21,3"
6415,"238,3,4"
6416,"4,435,3"
6417,"175,128,40"
6418,"184,169,40"
6419,"40,131,226"
6420,"138,135,40"
6421,"7,3,4"
6422,"163,40,162"
6423,"170,169,199"
6424,"448,64,10"
6425,"204,3,13"
6426,"235,8,0"
6427,"478,40,145"
6428,"523,53,3"
6429,"226,131,40"
6430,"285,8,0"
6431,"199,170,169"
6432,"205,11,10"
6433,"239,60,10"
6434,"213,313,0"
6435,"185,184,40"
6436,"107,23,38"
6437,"80,10,64"
6438,"33,21,3"
6439,"18,17,3"
6440,"414,10,60"
6441,"27,26,23"
6442,"483,1,0"
6443,"107,23,38"
6444,"93,64,10"
6445,"389,3,53"
6446,"185,184,40"
6447,"19,4,3"
6448,"63,38,23"
6449,"170,169,311"
6450,"103,23,38"
6451,"250,40,135"
6452,"39,23,38"
6453,"206,8,0"
6454,"145,40,23"
6455,"264,23,38"
6456,"82,23,38"
6457,"16,15,3"
6458,"76,24,23"
6459,"187,21,3"
6460,"448,64,10"
6461,"313,213,0"
6462,"510,220,10"
6463,"113,28,3"
6464,"32,31,23"
6465,"115,21,3"
6466,"181,40,145"
6467,"199,169,311"
6468,"181,145,40"
6469,"102,21,3"
6470,"230,229,0"
6471,"77,31,23"
6472,"43,24,23"
6473,"203,147,3"
6474,"523,3,53"
6475,"226,131,40"
6476,"182,21,3"
6477,"195,128,40"
6478,"353,271,0"
6479,"21,40,3"
6480,"482,288,0"
6481,"241,40,131"
6482,"507,296,169"
6483,"149,41,40"
6484,"328,31,23"
6485,"216,380,0"
6486,"425,265,0"
6487,"325,3,53"
6488,"134,40,131"
6489,"137,23,38"
6490,"267,3,111"
6491,"457,0,218"
6492,"170,169,40"
6493,"367,40,100"
6494,"93,64,10"
6495,"411,296,169"
6496,"335,64,10"
6497,"170,169,3"
6498,"206,8,0"
6499,"199,169,170"
6500,"24,23,38"
6501,"85,3,53"
6502,"369,208,0"
6503,"77,31,23"
6504,"220,10,23"
6505,"90,64,10"
6506,"304,0,216"
6507,"135,40,169"
6508,"11,10,40"
6509,"129,128,40"
6510,"145,10,40"
6511,"21,3,53"
6512,"282,111,3"
6513,"278,277,0"
6514,"11,10,40"
6515,"326,105,23"
6516,"11,109,10"
6517,"328,31,23"
6518,"205,11,10"
6519,"165,74,23"
6520,"134,131,40"
6521,"137,23,38"
6522,"523,3,53"
6523,"331,3,5"
6524,"24,23,38"
6525,"170,169,199"
6526,"199,170,169"
6527,"160,315,40"
6528,"3,40,41"
6529,"36,3,35"
6530,"21,3,169"
6531,"92,10,60"
6532,"304,216,0"
6533,"7,4,3"
6534,"431,135,40"
6535,"326,105,23"
6536,"123,111,3"
6537,"111,3,21"
6538,"301,3,21"
6539,"129,128,40"
6540,"145,402,40"
6541,"8,270,0"
6542,"170,169,0"
6543,"498,0,288"
6544,"108,21,3"
6545,"309,23,38"
6546,"335,64,10"
6547,"160,315,40"
6548,"315,160,40"
6549,"324,40,41"
6550,"40,486,131"
6551,"346,313,0"
6552,"264,23,38"
6553,"93,64,10"
6554,"10,145,40"
6555,"112,3,111"
6556,"205,11,10"
6557,"170,169,199"
6558,"32,31,23"
6559,"419,11,10"
6560,"431,40,135"
6561,"322,54,10"
6562,"336,169,296"
6563,"420,169,296"
6564,"23,38,24"
6565,"309,23,38"
6566,"128,40,145"
6567,"21,3,40"
6568,"18,3,17"
6569,"199,169,170"
6570,"2,1,0"
6571,"8,308,0"
6572,"91,23,38"
6573,"438,265,0"
6574,"49,24,23"
6575,"111,3,40"
6576,"483,1,0"
6577,"145,10,40"
6578,"216,211,0"
6579,"431,135,40"
6580,"264,23,38"
6581,"418,0,265"
6582,"406,131,40"
6583,"42,41,40"
6584,"494,40,184"
6585,"137,23,38"
6586,"15,3,50"
6587,"43,24,23"
6588,"326,105,23"
6589,"199,170,169"
6590,"55,54,10"
6591,"241,40,131"
6592,"140,139,40"
6593,"326,105,23"
6594,"502,145,40"
6595,"63,38,23"
6596,"121,120,3"
6597,"334,160,40"
6598,"4,19,3"
6599,"220,221,10"
6600,"91,23,38"
6601,"264,23,38"
6602,"21,115,3"
6603,"448,64,10"
6604,"224,41,40"
6605,"68,3,53"
6606,"523,53,3"
6607,"431,40,135"
6608,"118,23,74"
6609,"93,64,10"
6610,"148,3,147"
6611,"271,265,0"
6612,"309,38,23"
6613,"205,11,10"
6614,"311,3,169"
6615,"138,135,40"
6616,"435,4,3"
6617,"406,131,40"
6618,"128,40,3"
6619,"187,21,3"
6620,"21,3,40"
6621,"264,23,38"
6622,"354,216,0"
6623,"206,8,0"
6624,"201,41,40"
6625,"90,10,64"
6626,"138,135,40"
6627,"21,3,40"
6628,"220,10,0"
6629,"331,5,3"
6630,"355,271,0"
6631,"475,0,218"
6632,"21,3,169"
6633,"2,1,0"
6634,"376,265,0"
6635,"107,23,38"
6636,"308,8,0"
6637,"385,3,5"
6638,"440,23,38"
6639,"448,64,10"
6640,"180,3,120"
6641,"2,0,1"
6642,"222,100,40"
6643,"137,23,38"
6644,"42,40,41"
6645,"350,26,23"
6646,"264,23,38"
6647,"169,170,199"
6648,"405,8,0"
6649,"4,5,3"
6650,"199,169,23"
6651,"145,502,40"
6652,"224,41,40"
6653,"82,23,38"
6654,"317,74,23"
6655,"66,30,3"
6656,"118,23,74"
6657,"240,23,38"
6658,"199,311,169"
6659,"187,21,3"
6660,"326,105,23"
6661,"43,24,23"
6662,"402,145,40"
6663,"145,40,23"
6664,"326,105,23"
6665,"172,21,3"
6666,"397,313,0"
6667,"15,3,111"
6668,"40,131,486"
6669,"406,131,40"
6670,"181,40,145"
6671,"231,26,23"
6672,"336,169,296"
6673,"382,169,199"
6674,"216,0,208"
6675,"96,31,23"
6676,"444,0,271"
6677,"187,3,21"
6678,"195,40,128"
6679,"206,8,0"
6680,"381,357,0"
6681,"287,53,3"
6682,"437,145,40"
6683,"448,64,10"
6684,"21,301,3"
6685,"138,135,40"
6686,"160,334,40"
6687,"311,170,169"
6688,"370,0,216"
6689,"272,271,0"
6690,"502,145,40"
6691,"40,128,145"
6692,"431,40,135"
6693,"33,21,3"
6694,"348,0,255"
6695,"90,10,64"
6696,"3,15,17"
6697,"472,111,3"
6698,"406,40,131"
6699,"3,66,30"
6700,"108,21,3"
6701,"12,10,11"
6702,"250,40,135"
6703,"220,510,10"
6704,"187,21,3"
6705,"240,23,38"
6706,"14,13,3"
6707,"106,105,23"
6708,"325,3,53"
6709,"181,40,145"
6710,"350,26,23"
6711,"43,24,23"
6712,"108,21,3"
6713,"343,199,169"
6714,"137,38,23"
6715,"143,34,3"
6716,"221,220,10"
6717,"43,24,23"
6718,"391,8,0"
6719,"384,265,0"
6720,"94,23,38"
6721,"264,23,38"
6722,"145,10,40"
6723,"47,24,23"
6724,"326,105,23"
6725,"241,131,40"
6726,"282,3,111"
6727,"271,0,218"
6728,"523,3,53"
6729,"226,131,40"
6730,"475,0,218"
6731,"170,169,199"
6732,"187,21,3"
6733,"36,35,3"
6734,"62,24,23"
6735,"89,26,23"
6736,"460,169,296"
6737,"402,145,40"
6738,"220,10,23"
6739,"210,3,4"
6740,"206,8,0"
6741,"329,169,170"
6742,"205,11,10"
6743,"220,10,23"
6744,"240,23,38"
6745,"40,128,145"
6746,"506,13,3"
6747,"181,40,145"
6748,"187,3,21"
6749,"404,3,111"
6750,"3,238,4"
6751,"209,208,0"
6752,"127,21,3"
6753,"315,160,40"
6754,"140,139,40"
6755,"296,411,169"
6756,"220,10,23"
6757,"48,21,3"
6758,"3,238,4"
6759,"36,35,3"
6760,"308,8,0"
6761,"498,0,288"
6762,"187,21,3"
6763,"231,26,23"
6764,"81,30,3"
6765,"441,3,111"
6766,"271,456,0"
6767,"145,10,40"
6768,"220,242,10"
6769,"199,169,0"
6770,"36,35,3"
6771,"209,0,208"
6772,"118,23,74"
6773,"160,40,131"
6774,"311,169,337"
6775,"19,3,4"
6776,"18,17,3"
6777,"296,300,169"
6778,"129,40,128"
6779,"27,26,23"
6780,"168,17,3"
6781,"76,40,23"
6782,"118,23,74"
6783,"199,169,170"
6784,"264,23,38"
6785,"373,208,0"
6786,"54,10,40"
6787,"40,131,226"
6788,"96,31,23"
6789,"258,31,23"
6790,"249,8,0"
6791,"322,54,10"
6792,"235,8,0"
6793,"326,105,23"
6794,"181,40,145"
6795,"27,26,23"
6796,"431,135,40"
6797,"63,38,23"
6798,"104,3,30"
6799,"435,4,3"
6800,"238,4,3"
6801,"80,64,10"
6802,"97,3,5"
6803,"360,271,0"
6804,"90,64,10"
6805,"137,23,38"
6806,"25,24,23"
6807,"337,169,296"
6808,"343,169,199"
6809,"278,277,0"
6810,"348,0,255"
6811,"42,40,41"
6812,"66,3,30"
6813,"21,187,3"
6814,"19,4,3"
6815,"12,11,10"
6816,"160,40,3"
6817,"199,169,170"
6818,"284,3,111"
6819,"42,41,40"
6820,"348,0,255"
6821,"515,265,0"
6822,"87,23,38"
6823,"250,40,135"
6824,"399,265,0"
6825,"448,64,10"
6826,"431,135,40"
6827,"226,40,131"
6828,"304,216,0"
6829,"43,24,23"
6830,"32,31,23"
6831,"181,145,40"
6832,"508,169,426"
6833,"21,3,53"
6834,"33,3,21"
6835,"295,135,40"
6836,"19,4,3"
6837,"448,64,10"
6838,"155,139,40"
6839,"231,23,26"
6840,"242,220,10"
6841,"337,169,311"
6842,"24,23,38"
6843,"82,23,38"
6844,"286,40,41"
6845,"456,271,0"
6846,"402,145,40"
6847,"187,21,3"
6848,"444,271,0"
6849,"60,10,23"
6850,"160,423,40"
6851,"40,145,10"
6852,"54,10,40"
6853,"206,8,0"
6854,"24,23,38"
6855,"128,40,145"
6856,"42,40,41"
6857,"16,15,3"
6858,"206,8,0"
6859,"425,265,0"
6860,"436,169,170"
6861,"436,169,170"
6862,"36,3,35"
6863,"145,10,40"
6864,"90,10,64"
6865,"163,162,40"
6866,"169,337,199"
6867,"338,64,10"
6868,"456,271,0"
6869,"65,64,10"
6870,"113,28,3"
6871,"414,10,60"
6872,"226,40,131"
6873,"118,23,74"
6874,"351,0,218"
6875,"350,26,23"
6876,"199,311,169"
6877,"40,145,10"
6878,"337,170,169"
6879,"21,102,3"
6880,"206,8,0"
6881,"372,255,0"
6882,"281,199,169"
6883,"181,40,145"
6884,"27,26,23"
6885,"420,296,169"
6886,"244,135,40"
6887,"181,40,145"
6888,"160,315,40"
6889,"145,10,40"
6890,"399,265,0"
6891,"106,105,23"
6892,"350,26,23"
6893,"475,0,218"
6894,"240,23,38"
6895,"43,24,23"
6896,"439,208,0"
6897,"498,288,0"
6898,"406,40,131"
6899,"130,128,40"
6900,"500,21,3"
6901,"205,11,10"
6902,"199,169,23"
6903,"326,105,23"
6904,"82,38,23"
6905,"318,105,23"
6906,"165,23,74"
6907,"3,199,169"
6908,"118,23,74"
6909,"264,23,38"
6910,"391,8,0"
6911,"15,16,3"
6912,"169,170,199"
6913,"40,76,23"
6914,"8,206,0"
6915,"206,8,0"
6916,"317,23,74"
6917,"460,169,296"
6918,"328,31,23"
6919,"70,3,4"
6920,"227,3,30"
6921,"326,105,23"
6922,"3,238,4"
6923,"118,23,74"
6924,"281,199,169"
6925,"77,31,23"
6926,"240,23,38"
6927,"220,10,23"
6928,"214,213,0"
6929,"181,145,40"
6930,"121,3,120"
6931,"80,64,10"
6932,"315,160,40"
6933,"199,169,170"
6934,"242,10,220"
6935,"85,86,3"
6936,"186,40,128"
6937,"54,64,10"
6938,"275,3,111"
6939,"145,10,40"
6940,"165,74,23"
6941,"384,265,0"
6942,"502,145,40"
6943,"170,169,199"
6944,"3,15,17"
6945,"106,105,23"
6946,"195,128,40"
6947,"349,265,0"
6948,"156,3,147"
6949,"228,5,3"
6950,"435,3,4"
6951,"93,10,64"
6952,"49,24,23"
6953,"187,3,21"
6954,"488,265,0"
6955,"448,64,10"
6956,"326,105,23"
6957,"15,16,3"
6958,"220,10,23"
6959,"199,169,0"
6960,"3,392,4"
6961,"115,21,3"
6962,"264,23,38"
6963,"4,7,3"
6964,"241,40,131"
6965,"199,169,170"
6966,"514,8,0"
6967,"440,23,38"
6968,"366,0,271"
6969,"96,31,23"
6970,"68,3,53"
6971,"21,3,53"
6972,"368,184,40"
6973,"264,23,38"
6974,"175,128,40"
6975,"170,169,199"
6976,"220,510,10"
6977,"3,21,40"
6978,"187,3,21"
6979,"206,8,0"
6980,"36,35,3"
6981,"326,105,23"
6982,"473,64,10"
6983,"93,64,10"
6984,"149,40,41"
6985,"139,40,3"
6986,"43,24,23"
6987,"343,169,199"
6988,"160,196,40"
6989,"170,169,199"
6990,"508,169,426"
6991,"199,23,169"
6992,"224,41,40"
6993,"296,420,169"
6994,"440,38,23"
6995,"392,4,3"
6996,"187,21,3"
6997,"185,184,40"
6998,"134,131,40"
6999,"134,40,131"
7000,"93,64,10"
7001,"90,64,10"
7002,"216,304,0"
7003,"93,64,10"
7004,"187,21,3"
7005,"163,162,40"
7006,"371,296,169"
7007,"243,40,184"
7008,"21,3,40"
7009,"4,435,3"
7010,"188,4,3"
7011,"40,131,142"
7012,"42,41,40"
7013,"382,199,169"
7014,"363,271,0"
7015,"32,31,23"
7016,"478,145,40"
7017,"363,271,0"
7018,"58,3,17"
7019,"182,3,21"
7020,"500,21,3"
7021,"258,31,23"
7022,"215,40,41"
7023,"12,11,10"
7024,"82,23,38"
7025,"435,3,4"
7026,"296,411,169"
7027,"145,40,23"
7028,"360,271,0"
7029,"90,64,10"
7030,"224,41,40"
7031,"430,3,53"
7032,"311,199,169"
7033,"89,26,23"
7034,"272,271,0"
7035,"110,53,3"
7036,"145,10,40"
7037,"263,34,3"
7038,"185,184,40"
7039,"12,11,10"
7040,"195,128,40"
7041,"328,31,23"
7042,"181,40,145"
7043,"93,64,10"
7044,"43,24,23"
7045,"138,135,40"
7046,"145,10,40"
7047,"264,23,38"
7048,"3,21,169"
7049,"286,41,40"
7050,"199,169,170"
7051,"270,8,0"
7052,"350,26,23"
7053,"220,0,10"
7054,"149,40,41"
7055,"195,128,40"
7056,"335,10,64"
7057,"206,8,0"
7058,"90,10,64"
7059,"455,271,0"
7060,"21,3,40"
7061,"19,3,4"
7062,"414,60,10"
7063,"199,170,169"
7064,"89,26,23"
7065,"145,40,0"
7066,"355,271,0"
7067,"220,10,23"
7068,"199,169,311"
7069,"206,8,0"
7070,"382,199,169"
7071,"371,296,169"
7072,"137,23,38"
7073,"137,23,38"
7074,"233,3,51"
7075,"54,10,40"
7076,"348,0,255"
7077,"402,145,40"
7078,"309,23,38"
7079,"170,169,23"
7080,"18,17,3"
7081,"264,23,38"
7082,"493,145,40"
7083,"134,40,131"
7084,"235,8,0"
7085,"53,40,3"
7086,"264,23,38"
7087,"264,23,38"
7088,"43,24,23"
7089,"127,21,3"
7090,"331,3,5"
7091,"290,31,23"
7092,"105,23,38"
7093,"3,111,4"
7094,"14,3,13"
7095,"54,10,23"
7096,"201,41,40"
7097,"326,105,23"
7098,"115,3,21"
7099,"258,31,23"
7100,"346,313,0"
7101,"32,31,23"
7102,"264,23,38"
7103,"405,8,0"
7104,"145,10,40"
7105,"324,40,41"
7106,"145,10,40"
7107,"384,265,0"
7108,"10,145,40"
7109,"81,30,3"
7110,"12,11,10"
7111,"118,23,74"
7112,"169,170,199"
7113,"92,10,60"
7114,"309,38,23"
7115,"355,271,0"
7116,"92,60,10"
7117,"43,24,23"
7118,"25,24,23"
7119,"40,131,486"
7120,"346,313,0"
7121,"54,10,40"
7122,"453,0,208"
7123,"138,135,40"
7124,"21,3,169"
7125,"96,31,23"
7126,"170,169,199"
7127,"187,21,3"
7128,"493,145,40"
7129,"448,64,10"
7130,"325,3,53"
7131,"199,169,337"
7132,"145,10,40"
7133,"209,0,208"
7134,"335,64,10"
7135,"355,271,0"
7136,"170,199,169"
7137,"384,265,0"
7138,"472,111,3"
7139,"267,3,111"
7140,"21,108,3"
7141,"145,502,40"
7142,"105,318,23"
7143,"220,10,23"
7144,"469,288,0"
7145,"530,296,169"
7146,"165,23,74"
7147,"271,456,0"
7148,"40,160,3"
7149,"243,184,40"
7150,"187,3,21"
7151,"187,3,21"
7152,"77,31,23"
7153,"199,169,170"
7154,"206,8,0"
7155,"264,23,38"
7156,"247,160,40"
7157,"227,3,30"
7158,"187,3,21"
7159,"87,23,38"
7160,"186,40,128"
7161,"77,31,23"
7162,"170,169,199"
7163,"393,53,3"
7164,"286,41,40"
7165,"170,169,199"
7166,"311,169,3"
7167,"247,160,40"
7168,"447,3,34"
7169,"286,41,40"
7170,"444,271,0"
7171,"315,160,40"
7172,"149,40,41"
7173,"4,407,3"
7174,"8,235,0"
7175,"15,16,3"
7176,"360,271,0"
7177,"66,3,30"
7178,"462,255,0"
7179,"199,169,170"
7180,"138,135,40"
7181,"406,131,40"
7182,"186,40,128"
7183,"231,26,23"
7184,"411,296,169"
7185,"402,145,40"
7186,"402,145,40"
7187,"3,105,23"
7188,"181,145,40"
7189,"220,10,40"
7190,"124,21,3"
7191,"30,3,51"
7192,"43,24,23"
7193,"226,40,131"
7194,"76,40,23"
7195,"27,26,23"
7196,"315,160,40"
7197,"83,54,10"
7198,"286,41,40"
7199,"264,23,38"
7200,"285,8,0"
7201,"316,30,3"
7202,"93,64,10"
7203,"2,1,0"
7204,"343,199,169"
7205,"478,145,40"
7206,"402,145,40"
7207,"211,216,0"
7208,"21,3,34"
7209,"455,0,271"
7210,"7,3,4"
7211,"16,15,3"
7212,"4,238,3"
7213,"129,128,40"
7214,"43,24,23"
7215,"448,64,10"
7216,"287,53,3"
7217,"138,135,40"
7218,"356,169,199"
7219,"93,64,10"
7220,"221,220,10"
7221,"50,3,23"
7222,"264,23,38"
7223,"343,199,169"
7224,"220,10,23"
7225,"436,169,170"
7226,"115,3,21"
7227,"365,265,0"
7228,"126,3,21"
7229,"406,40,131"
7230,"301,3,21"
7231,"241,40,131"
7232,"271,216,0"
7233,"240,23,38"
7234,"447,34,3"
7235,"32,23,31"
7236,"369,208,0"
7237,"145,40,10"
7238,"108,21,3"
7239,"50,3,21"
7240,"168,17,3"
7241,"427,426,169"
7242,"15,3,17"
7243,"356,169,199"
7244,"13,150,3"
7245,"238,4,3"
7246,"160,334,40"
7247,"22,3,21"
7248,"283,74,23"
7249,"87,23,38"
7250,"340,265,0"
7251,"156,3,147"
7252,"21,3,169"
7253,"258,31,23"
7254,"130,128,40"
7255,"145,10,40"
7256,"153,139,40"
7257,"495,105,23"
7258,"143,34,3"
7259,"266,265,0"
7260,"43,24,23"
7261,"3,97,5"
7262,"478,145,40"
7263,"162,40,145"
7264,"366,0,271"
7265,"170,169,0"
7266,"240,23,38"
7267,"271,0,1"
7268,"3,40,128"
7269,"343,199,169"
7270,"326,105,23"
7271,"187,3,21"
7272,"187,21,3"
7273,"118,23,74"
7274,"187,3,21"
7275,"265,208,0"
7276,"206,8,0"
7277,"43,24,23"
7278,"406,40,131"
7279,"160,40,151"
7280,"447,34,3"
7281,"52,3,51"
7282,"49,24,23"
7283,"264,23,38"
7284,"498,288,0"
7285,"225,3,120"
7286,"340,265,0"
7287,"337,311,169"
7288,"187,3,21"
7289,"199,169,170"
7290,"19,4,3"
7291,"145,146,40"
7292,"32,23,31"
7293,"186,40,128"
7294,"241,131,40"
7295,"3,311,169"
7296,"206,8,0"
7297,"49,24,23"
7298,"340,265,0"
7299,"318,105,23"
7300,"11,10,40"
7301,"461,10,64"
7302,"337,311,169"
7303,"10,145,40"
7304,"337,169,0"
7305,"264,23,38"
7306,"187,21,3"
7307,"345,24,23"
7308,"181,40,145"
7309,"230,229,0"
7310,"3,21,169"
7311,"4,7,3"
7312,"12,11,10"
7313,"43,24,23"
7314,"376,265,0"
7315,"271,288,0"
7316,"241,131,40"
7317,"36,35,3"
7318,"62,23,24"
7319,"434,1,0"
7320,"92,10,60"
7321,"286,40,41"
7322,"193,40,131"
7323,"447,34,3"
7324,"77,31,23"
7325,"522,271,0"
7326,"231,26,23"
7327,"21,3,0"
7328,"431,135,40"
7329,"271,456,0"
7330,"168,3,17"
7331,"32,23,31"
7332,"224,41,40"
7333,"128,40,0"
7334,"444,271,0"
7335,"199,169,40"
7336,"199,311,169"
7337,"137,23,38"
7338,"181,145,40"
7339,"130,128,40"
7340,"16,15,3"
7341,"318,105,23"
7342,"186,40,128"
7343,"35,3,40"
7344,"170,169,199"
7345,"33,21,3"
7346,"123,111,3"
7347,"187,3,21"
7348,"103,23,38"
7349,"199,311,169"
7350,"185,184,40"
7351,"344,265,0"
7352,"24,23,38"
7353,"76,40,23"
7354,"340,265,0"
7355,"239,60,10"
7356,"489,60,10"
7357,"169,426,311"
7358,"217,3,120"
7359,"124,21,3"
7360,"8,313,0"
7361,"40,128,145"
7362,"226,40,131"
7363,"70,3,4"
7364,"247,160,40"
7365,"524,145,40"
7366,"436,169,170"
7367,"145,40,10"
7368,"286,41,40"
7369,"460,169,296"
7370,"220,10,0"
7371,"216,211,0"
7372,"15,3,34"
7373,"435,4,3"
7374,"42,41,40"
7375,"137,23,38"
7376,"54,10,40"
7377,"10,145,40"
7378,"129,128,40"
7379,"238,4,3"
7380,"199,169,170"
7381,"21,3,169"
7382,"220,54,10"
7383,"187,21,3"
7384,"457,0,218"
7385,"254,216,0"
7386,"19,4,3"
7387,"12,10,11"
7388,"258,31,23"
7389,"32,31,23"
7390,"21,182,3"
7391,"129,128,40"
7392,"54,322,10"
7393,"77,31,23"
7394,"83,54,10"
7395,"96,31,23"
7396,"241,40,131"
7397,"19,4,3"
7398,"326,105,23"
7399,"89,26,23"
7400,"145,10,40"
7401,"124,21,3"
7402,"448,64,10"
7403,"370,216,0"
7404,"163,40,162"
7405,"54,64,10"
7406,"40,128,145"
7407,"521,0,208"
7408,"169,426,311"
7409,"43,24,23"
7410,"187,3,21"
7411,"163,162,40"
7412,"139,40,145"
7413,"203,147,3"
7414,"379,3,21"
7415,"448,64,10"
7416,"54,10,40"
7417,"199,169,170"
7418,"40,131,23"
7419,"309,23,38"
7420,"509,218,0"
7421,"187,21,3"
7422,"199,311,169"
7423,"448,64,10"
7424,"82,23,38"
7425,"21,3,169"
7426,"11,205,10"
7427,"471,208,0"
7428,"3,15,17"
7429,"24,23,38"
7430,"224,41,40"
7431,"350,26,23"
7432,"374,169,199"
7433,"467,3,53"
7434,"187,3,21"
7435,"395,40,23"
7436,"168,17,3"
7437,"43,24,23"
7438,"27,26,23"
7439,"221,10,220"
7440,"355,271,0"
7441,"10,145,40"
7442,"199,169,170"
7443,"489,60,10"
7444,"436,169,170"
7445,"414,60,10"
7446,"9,8,0"
7447,"96,31,23"
7448,"21,3,169"
7449,"49,24,23"
7450,"22,21,3"
7451,"21,33,3"
7452,"264,23,38"
7453,"340,265,0"
7454,"387,0,218"
7455,"435,3,4"
7456,"77,31,23"
7457,"90,64,10"
7458,"62,23,24"
7459,"145,10,40"
7460,"350,26,23"
7461,"168,17,3"
7462,"181,145,40"
7463,"187,21,3"
7464,"374,169,199"
7465,"21,3,169"
7466,"241,131,40"
7467,"206,8,0"
7468,"165,23,74"
7469,"238,3,4"
7470,"134,131,40"
7471,"63,23,38"
7472,"199,169,40"
7473,"77,31,23"
7474,"498,288,0"
7475,"168,17,3"
7476,"160,315,40"
7477,"138,135,40"
7478,"473,64,10"
7479,"363,271,0"
7480,"21,3,40"
7481,"10,145,40"
7482,"170,169,426"
7483,"287,53,3"
7484,"457,0,218"
7485,"448,64,10"
7486,"370,216,0"
7487,"40,134,131"
7488,"347,255,0"
7489,"47,24,23"
7490,"3,188,4"
7491,"160,41,40"
7492,"175,128,40"
7493,"25,24,23"
7494,"340,265,0"
7495,"80,64,10"
7496,"224,41,40"
7497,"326,105,23"
7498,"285,8,0"
7499,"187,3,21"
7500,"19,3,4"
7501,"271,0,218"
7502,"205,11,10"
7503,"271,265,0"
7504,"508,169,426"
7505,"345,24,23"
7506,"408,40,128"
7507,"68,53,3"
7508,"170,169,199"
7509,"80,64,10"
7510,"334,160,40"
7511,"175,128,40"
7512,"199,170,169"
7513,"239,60,10"
7514,"32,23,31"
7515,"42,41,40"
7516,"48,21,3"
7517,"143,34,3"
7518,"414,60,10"
7519,"187,21,3"
7520,"242,220,10"
7521,"240,23,38"
7522,"25,24,23"
7523,"170,169,3"
7524,"415,265,0"
7525,"478,145,40"
7526,"3,66,30"
7527,"241,131,40"
7528,"267,3,111"
7529,"170,169,40"
7530,"140,139,40"
7531,"24,38,23"
7532,"283,74,23"
7533,"3,238,4"
7534,"15,16,3"
7535,"25,24,23"
7536,"90,64,10"
7537,"201,41,40"
7538,"311,170,169"
7539,"87,23,38"
7540,"236,135,40"
7541,"431,40,135"
7542,"21,102,3"
7543,"32,31,23"
7544,"366,271,0"
7545,"187,3,21"
7546,"308,8,0"
7547,"376,0,265"
7548,"484,255,0"
7549,"145,10,40"
7550,"153,139,40"
7551,"372,255,0"
7552,"187,21,3"
7553,"325,53,3"
7554,"90,64,10"
7555,"220,10,40"
7556,"290,31,23"
7557,"4,7,3"
7558,"124,21,3"
7559,"374,169,199"
7560,"382,199,169"
7561,"3,330,28"
7562,"199,169,170"
7563,"43,24,23"
7564,"447,3,34"
7565,"60,10,3"
7566,"220,40,10"
7567,"206,8,0"
7568,"220,10,23"
7569,"121,3,120"
7570,"93,64,10"
7571,"42,41,40"
7572,"24,23,38"
7573,"510,220,10"
7574,"40,128,145"
7575,"440,23,38"
7576,"278,277,0"
7577,"241,131,40"
7578,"170,169,199"
7579,"396,395,40"
7580,"82,23,38"
7581,"145,10,40"
7582,"216,380,0"
7583,"325,3,53"
7584,"478,145,40"
7585,"21,3,169"
7586,"21,102,3"
7587,"43,24,23"
7588,"66,30,3"
7589,"145,10,40"
7590,"42,41,40"
7591,"135,139,40"
7592,"148,3,147"
7593,"7,4,3"
7594,"16,15,3"
7595,"304,0,216"
7596,"43,24,23"
7597,"510,220,10"
7598,"382,169,199"
7599,"345,23,24"
7600,"199,281,169"
7601,"43,24,23"
7602,"80,64,10"
7603,"406,131,40"
7604,"137,38,23"
7605,"363,271,0"
7606,"350,26,23"
7607,"3,15,17"
7608,"326,105,23"
7609,"49,24,23"
7610,"271,0,218"
7611,"21,3,40"
7612,"54,64,10"
7613,"434,1,0"
7614,"12,11,10"
7615,"271,429,0"
7616,"25,24,23"
7617,"145,10,40"
7618,"40,128,145"
7619,"50,23,3"
7620,"181,40,145"
7621,"12,11,10"
7622,"239,60,10"
7623,"523,3,53"
7624,"170,169,199"
7625,"349,265,0"
7626,"128,40,145"
7627,"18,17,3"
7628,"21,3,40"
7629,"324,41,40"
7630,"405,8,0"
7631,"115,21,3"
7632,"43,24,23"
7633,"370,216,0"
7634,"89,26,23"
7635,"170,3,169"
7636,"239,60,10"
7637,"142,40,131"
7638,"431,40,135"
7639,"42,41,40"
7640,"239,60,10"
7641,"290,31,23"
7642,"2,1,0"
7643,"129,128,40"
7644,"187,21,3"
7645,"201,41,40"
7646,"228,3,5"
7647,"462,255,0"
7648,"175,128,40"
7649,"516,271,0"
7650,"371,296,169"
7651,"220,10,23"
7652,"160,334,40"
7653,"300,296,169"
7654,"448,64,10"
7655,"89,26,23"
7656,"43,24,23"
7657,"52,51,3"
7658,"137,23,38"
7659,"21,3,40"
7660,"3,311,169"
7661,"145,40,23"
7662,"220,10,23"
7663,"24,23,38"
7664,"282,3,111"
7665,"40,131,3"
7666,"431,40,135"
7667,"447,3,34"
7668,"423,160,40"
7669,"228,5,3"
7670,"271,255,0"
7671,"170,169,199"
7672,"402,145,40"
7673,"326,105,23"
7674,"374,169,199"
7675,"43,24,23"
7676,"195,128,40"
7677,"258,31,23"
7678,"43,24,23"
7679,"115,21,3"
7680,"182,21,3"
7681,"170,169,199"
7682,"131,40,486"
7683,"438,0,265"
7684,"108,3,21"
7685,"454,31,23"
7686,"209,0,208"
7687,"176,4,3"
7688,"138,135,40"
7689,"115,21,3"
7690,"305,21,3"
7691,"138,135,40"
7692,"241,131,40"
7693,"448,64,10"
7694,"18,17,3"
7695,"397,313,0"
7696,"498,0,288"
7697,"28,330,3"
7698,"135,40,23"
7699,"49,24,23"
7700,"427,169,426"
7701,"25,24,23"
7702,"195,128,40"
7703,"93,64,10"
7704,"82,23,38"
7705,"195,40,128"
7706,"275,3,111"
7707,"156,3,147"
7708,"206,8,0"
7709,"130,128,40"
7710,"315,160,40"
7711,"318,105,23"
7712,"511,0,313"
7713,"165,74,23"
7714,"355,271,0"
7715,"493,145,40"
7716,"455,271,0"
7717,"334,160,40"
7718,"145,10,40"
7719,"57,5,3"
7720,"406,40,131"
7721,"338,64,10"
7722,"126,21,3"
7723,"118,23,74"
7724,"287,53,3"
7725,"54,10,40"
7726,"21,3,40"
7727,"448,64,10"
7728,"283,23,74"
7729,"139,3,40"
7730,"17,21,3"
7731,"170,169,199"
7732,"195,128,40"
7733,"249,0,23"
7734,"524,145,40"
7735,"181,40,145"
7736,"106,105,23"
7737,"188,3,4"
7738,"315,160,40"
7739,"18,17,3"
7740,"455,271,0"
7741,"290,31,23"
7742,"174,3,4"
7743,"203,3,147"
7744,"447,3,34"
7745,"21,3,102"
7746,"224,41,40"
7747,"102,21,3"
7748,"231,26,23"
7749,"42,41,40"
7750,"322,54,10"
7751,"3,15,17"
7752,"209,208,0"
7753,"153,139,40"
7754,"297,265,0"
7755,"40,128,145"
7756,"300,296,169"
7757,"508,169,426"
7758,"32,31,23"
7759,"454,31,23"
7760,"82,23,38"
7761,"271,255,0"
7762,"145,10,40"
7763,"381,357,0"
7764,"231,26,23"
7765,"16,15,3"
7766,"93,10,64"
7767,"237,34,3"
7768,"320,17,3"
7769,"135,295,40"
7770,"528,311,169"
7771,"86,85,3"
7772,"316,30,3"
7773,"145,524,40"
7774,"277,1,0"
7775,"8,285,0"
7776,"523,3,53"
7777,"418,265,0"
7778,"134,40,131"
7779,"493,145,40"
7780,"11,10,40"
7781,"148,3,147"
7782,"165,74,23"
7783,"199,170,169"
7784,"52,51,3"
7785,"220,10,23"
7786,"267,111,3"
7787,"308,8,0"
7788,"214,213,0"
7789,"240,23,38"
7790,"240,38,23"
7791,"62,24,23"
7792,"21,108,3"
7793,"187,21,3"
7794,"220,10,40"
7795,"123,111,3"
7796,"326,105,23"
7797,"448,64,10"
7798,"198,111,3"
7799,"39,23,38"
7800,"241,40,131"
7801,"455,271,0"
7802,"226,131,40"
7803,"62,23,24"
7804,"18,17,3"
7805,"40,128,145"
7806,"40,151,3"
7807,"187,3,21"
7808,"50,3,23"
7809,"419,11,10"
7810,"376,265,0"
7811,"21,3,40"
7812,"90,10,64"
7813,"497,0,288"
7814,"134,40,131"
7815,"224,41,40"
7816,"241,131,40"
7817,"90,64,10"
7818,"187,21,3"
7819,"187,21,3"
7820,"43,24,23"
7821,"24,23,38"
7822,"399,265,0"
7823,"62,23,24"
7824,"16,15,3"
7825,"325,53,3"
7826,"431,135,40"
7827,"376,265,0"
7828,"89,26,23"
7829,"457,0,218"
7830,"318,105,23"
7831,"195,128,40"
7832,"77,31,23"
7833,"109,11,10"
7834,"3,238,4"
7835,"448,64,10"
7836,"170,169,199"
7837,"170,169,199"
7838,"205,11,10"
7839,"264,23,38"
7840,"68,3,53"
7841,"240,23,38"
7842,"145,10,40"
7843,"230,229,0"
7844,"276,265,0"
7845,"181,40,145"
7846,"131,132,40"
7847,"324,40,41"
7848,"148,3,147"
7849,"18,17,3"
7850,"21,3,34"
7851,"66,30,3"
7852,"47,24,23"
7853,"82,23,38"
7854,"92,10,60"
7855,"170,199,169"
7856,"145,10,40"
7857,"129,128,40"
7858,"334,160,40"
7859,"340,265,0"
7860,"453,0,208"
7861,"3,19,4"
7862,"92,60,10"
7863,"145,40,23"
7864,"42,41,40"
7865,"62,23,24"
7866,"197,10,60"
7867,"49,24,23"
7868,"505,0,208"
7869,"467,3,53"
7870,"93,64,10"
7871,"49,23,24"
7872,"414,60,10"
7873,"371,296,169"
7874,"395,23,40"
7875,"92,60,10"
7876,"275,111,3"
7877,"489,60,10"
7878,"141,40,135"
7879,"507,169,296"
7880,"21,3,23"
7881,"365,265,0"
7882,"93,10,64"
7883,"181,145,40"
7884,"138,135,40"
7885,"271,0,218"
7886,"18,17,3"
7887,"523,53,3"
7888,"384,265,0"
7889,"32,23,31"
7890,"18,17,3"
7891,"513,0,277"
7892,"60,10,3"
7893,"235,8,0"
7894,"180,3,120"
7895,"204,13,3"
7896,"118,74,23"
7897,"170,169,199"
7898,"315,40,160"
7899,"187,21,3"
7900,"370,216,0"
7901,"420,296,169"
7902,"363,271,0"
7903,"231,26,23"
7904,"21,124,3"
7905,"68,3,53"
7906,"170,169,199"
7907,"187,3,21"
7908,"199,311,169"
7909,"371,169,296"
7910,"282,111,3"
7911,"82,23,38"
7912,"382,199,169"
7913,"199,169,170"
7914,"181,40,145"
7915,"3,238,4"
7916,"523,3,53"
7917,"43,24,23"
7918,"54,10,40"
7919,"170,169,199"
7920,"199,169,170"
7921,"326,105,23"
7922,"460,296,169"
7923,"448,64,10"
7924,"170,3,169"
7925,"94,23,38"
7926,"181,145,40"
7927,"106,105,23"
7928,"264,23,38"
7929,"40,160,3"
7930,"27,26,23"
7931,"97,3,5"
7932,"349,265,0"
7933,"85,86,3"
7934,"66,30,3"
7935,"199,311,169"
7936,"202,3,111"
7937,"206,8,0"
7938,"145,10,40"
7939,"3,447,34"
7940,"141,135,40"
7941,"32,23,31"
7942,"145,10,40"
7943,"431,135,40"
7944,"129,40,128"
7945,"328,31,23"
7946,"115,21,3"
7947,"54,10,220"
7948,"138,135,40"
7949,"338,64,10"
7950,"80,64,10"
7951,"21,3,115"
7952,"19,4,3"
7953,"40,226,131"
7954,"497,0,288"
7955,"160,247,40"
7956,"85,21,3"
7957,"264,23,38"
7958,"244,40,135"
7959,"418,265,0"
7960,"199,311,169"
7961,"2,1,0"
7962,"145,10,40"
7963,"3,15,17"
7964,"197,60,10"
7965,"222,100,40"
7966,"15,3,53"
7967,"204,3,13"
7968,"62,24,23"
7969,"108,3,21"
7970,"201,41,40"
7971,"244,135,40"
7972,"76,40,23"
7973,"21,3,169"
7974,"456,271,0"
7975,"440,23,38"
7976,"145,10,40"
7977,"264,23,38"
7978,"415,265,0"
7979,"163,40,162"
7980,"181,40,145"
7981,"137,38,23"
7982,"478,40,145"
7983,"404,111,3"
7984,"278,277,0"
7985,"134,40,131"
7986,"336,296,169"
7987,"129,40,128"
7988,"479,208,0"
7989,"221,10,220"
7990,"89,26,23"
7991,"43,24,23"
7992,"46,34,3"
7993,"205,11,10"
7994,"181,40,145"
7995,"281,199,169"
7996,"272,271,0"
7997,"311,170,169"
7998,"40,128,145"
7999,"231,26,23"
8000,"169,337,170"
8001,"495,105,23"
8002,"40,131,23"
8003,"119,111,3"
8004,"54,23,10"
8005,"140,139,40"
8006,"448,64,10"
8007,"66,3,30"
8008,"222,100,40"
8009,"231,26,23"
8010,"350,26,23"
8011,"275,3,111"
8012,"308,8,0"
8013,"115,21,3"
8014,"469,288,0"
8015,"27,26,23"
8016,"199,169,3"
8017,"187,21,3"
8018,"33,21,3"
8019,"145,10,40"
8020,"60,10,3"
8021,"21,127,3"
8022,"87,23,38"
8023,"40,128,145"
8024,"61,60,10"
8025,"123,111,3"
8026,"138,135,40"
8027,"90,10,64"
8028,"366,271,0"
8029,"238,4,3"
8030,"187,21,3"
8031,"170,169,40"
8032,"103,23,38"
8033,"17,168,3"
8034,"420,296,169"
8035,"21,108,3"
8036,"243,184,40"
8037,"115,21,3"
8038,"494,184,40"
8039,"65,64,10"
8040,"40,128,145"
8041,"195,128,40"
8042,"170,169,199"
8043,"209,0,208"
8044,"199,169,170"
8045,"220,10,23"
8046,"52,3,51"
8047,"222,100,40"
8048,"14,13,3"
8049,"460,296,169"
8050,"168,17,3"
8051,"350,26,23"
8052,"206,8,0"
8053,"202,3,111"
8054,"187,3,21"
8055,"54,0,10"
8056,"245,31,23"
8057,"240,23,38"
8058,"523,3,53"
8059,"107,23,38"
8060,"326,105,23"
8061,"326,105,23"
8062,"307,23,74"
8063,"128,129,40"
8064,"181,145,40"
8065,"417,169,296"
8066,"3,15,17"
8067,"85,86,3"
8068,"447,3,34"
8069,"402,145,40"
8070,"40,128,145"
8071,"12,10,11"
8072,"24,23,38"
8073,"138,135,40"
8074,"508,169,426"
8075,"24,23,38"
8076,"185,184,40"
8077,"489,10,60"
8078,"137,23,38"
8079,"97,3,5"
8080,"382,199,169"
8081,"43,24,23"
8082,"89,26,23"
8083,"40,226,131"
8084,"76,23,169"
8085,"130,128,40"
8086,"187,21,3"
8087,"279,249,0"
8088,"455,271,0"
8089,"457,0,218"
8090,"501,313,0"
8091,"300,169,296"
8092,"264,23,38"
8093,"220,10,23"
8094,"199,169,170"
8095,"199,311,169"
8096,"226,131,40"
8097,"3,4,238"
8098,"326,105,23"
8099,"145,10,40"
8100,"82,23,38"
8101,"170,169,199"
8102,"318,105,23"
8103,"40,128,145"
8104,"447,3,34"
8105,"3,21,169"
8106,"402,145,40"
8107,"201,41,40"
8108,"66,3,30"
8109,"27,26,23"
8110,"148,3,147"
8111,"43,24,23"
8112,"122,13,3"
8113,"3,105,23"
8114,"163,40,162"
8115,"250,40,135"
8116,"36,35,3"
8117,"220,10,23"
8118,"3,148,147"
8119,"87,23,38"
8120,"55,54,10"
8121,"43,24,23"
8122,"15,16,3"
8123,"140,139,40"
8124,"420,296,169"
8125,"169,170,199"
8126,"11,10,3"
8127,"145,10,40"
8128,"96,31,23"
8129,"243,184,40"
8130,"107,23,38"
8131,"273,265,0"
8132,"32,31,23"
8133,"315,160,40"
8134,"220,10,23"
8135,"446,0,218"
8136,"296,460,169"
8137,"523,3,53"
8138,"21,3,40"
8139,"220,40,10"
8140,"165,23,74"
8141,"21,115,3"
8142,"264,23,38"
8143,"169,199,170"
8144,"420,296,169"
8145,"40,160,151"
8146,"187,21,3"
8147,"447,3,34"
8148,"3,4,0"
8149,"214,213,0"
8150,"336,296,169"
8151,"235,8,0"
8152,"160,302,40"
8153,"455,271,0"
8154,"522,271,0"
8155,"102,21,3"
8156,"334,160,40"
8157,"182,21,3"
8158,"8,308,0"
8159,"309,23,38"
8160,"186,40,128"
8161,"184,185,40"
8162,"187,3,21"
8163,"156,3,147"
8164,"54,10,40"
8165,"189,135,40"
8166,"43,24,23"
8167,"21,187,3"
8168,"97,3,5"
8169,"21,3,169"
8170,"463,255,0"
8171,"264,23,38"
8172,"436,169,170"
8173,"89,26,23"
8174,"355,271,0"
8175,"2,0,1"
8176,"241,131,40"
8177,"176,3,4"
8178,"340,265,0"
8179,"3,15,17"
8180,"63,23,38"
8181,"40,131,486"
8182,"155,139,40"
8183,"137,23,38"
8184,"159,40,131"
8185,"402,145,40"
8186,"199,170,169"
8187,"182,3,21"
8188,"343,169,199"
8189,"455,0,271"
8190,"109,11,10"
8191,"186,40,128"
8192,"316,3,30"
8193,"181,145,40"
8194,"330,28,3"
8195,"137,23,38"
8196,"370,216,0"
8197,"85,86,3"
8198,"87,23,38"
8199,"93,64,10"
8200,"326,105,23"
8201,"211,216,0"
8202,"369,208,0"
8203,"170,169,311"
8204,"308,8,0"
8205,"206,8,0"
8206,"231,26,23"
8207,"409,265,0"
8208,"406,131,40"
8209,"448,64,10"
8210,"456,271,0"
8211,"205,11,10"
8212,"250,40,135"
8213,"235,8,0"
8214,"62,24,23"
8215,"271,456,0"
8216,"145,10,40"
8217,"18,17,3"
8218,"19,4,3"
8219,"49,24,23"
8220,"21,3,40"
8221,"49,24,23"
8222,"376,265,0"
8223,"126,3,21"
8224,"384,0,265"
8225,"170,169,23"
8226,"94,23,38"
8227,"186,128,40"
8228,"355,0,271"
8229,"134,131,40"
8230,"367,100,40"
8231,"27,26,23"
8232,"382,199,169"
8233,"43,24,23"
8234,"107,38,23"
8235,"318,105,23"
8236,"63,23,38"
8237,"228,5,3"
8238,"383,208,0"
8239,"381,357,0"
8240,"469,288,0"
8241,"181,40,145"
8242,"188,4,3"
8243,"406,131,40"
8244,"315,160,40"
8245,"54,40,10"
8246,"60,10,3"
8247,"62,23,24"
8248,"364,28,3"
8249,"211,216,0"
8250,"32,23,31"
8251,"199,169,170"
8252,"484,255,0"
8253,"206,8,0"
8254,"338,64,10"
8255,"239,60,10"
8256,"239,60,10"
8257,"21,3,40"
8258,"181,40,145"
8259,"134,40,131"
8260,"169,199,170"
8261,"181,40,145"
8262,"25,24,23"
8263,"187,21,3"
8264,"370,216,0"
8265,"202,111,3"
8266,"48,21,3"
8267,"181,145,40"
8268,"199,311,169"
8269,"92,60,10"
8270,"449,271,0"
8271,"170,3,169"
8272,"169,337,170"
8273,"82,23,38"
8274,"435,3,4"
8275,"43,24,23"
8276,"137,38,23"
8277,"139,40,41"
8278,"66,3,30"
8279,"32,31,23"
8280,"220,10,23"
8281,"486,40,131"
8282,"16,15,3"
8283,"460,296,169"
8284,"522,271,0"
8285,"134,131,40"
8286,"160,196,40"
8287,"390,3,53"
8288,"104,30,3"
8289,"3,15,17"
8290,"283,74,23"
8291,"245,31,23"
8292,"493,145,40"
8293,"185,184,40"
8294,"49,24,23"
8295,"369,208,0"
8296,"343,199,169"
8297,"349,265,0"
8298,"134,40,131"
8299,"435,4,3"
8300,"199,169,0"
8301,"483,1,0"
8302,"30,3,28"
8303,"62,23,24"
8304,"89,26,23"
8305,"523,3,53"
8306,"51,3,52"
8307,"206,8,0"
8308,"6,5,3"
8309,"21,40,3"
8310,"108,21,3"
8311,"485,313,0"
8312,"93,64,10"
8313,"137,23,38"
8314,"24,23,38"
8315,"182,21,3"
8316,"213,271,0"
8317,"21,102,3"
8318,"414,60,10"
8319,"49,24,23"
8320,"339,337,169"
8321,"224,41,40"
8322,"221,10,220"
8323,"181,40,145"
8324,"448,64,10"
8325,"90,64,10"
8326,"199,169,170"
8327,"129,40,128"
8328,"80,64,10"
8329,"508,169,426"
8330,"326,105,23"
8331,"3,228,5"
8332,"181,145,40"
8333,"12,11,10"
8334,"148,3,147"
8335,"17,21,3"
8336,"447,3,34"
8337,"309,38,23"
8338,"21,102,3"
8339,"160,334,40"
8340,"447,3,34"
8341,"286,40,41"
8342,"19,4,3"
8343,"235,8,0"
8344,"93,64,10"
8345,"308,8,0"
8346,"21,33,3"
8347,"21,40,3"
8348,"245,31,23"
8349,"408,128,40"
8350,"62,24,23"
8351,"11,10,40"
8352,"376,265,0"
8353,"103,23,38"
8354,"145,10,40"
8355,"412,111,3"
8356,"93,64,10"
8357,"4,21,3"
8358,"175,40,128"
8359,"145,10,40"
8360,"106,105,23"
8361,"199,169,311"
8362,"170,169,199"
8363,"501,313,0"
8364,"185,184,40"
8365,"272,271,0"
8366,"267,111,3"
8367,"32,31,23"
8368,"11,10,40"
8369,"66,3,30"
8370,"63,23,38"
8371,"89,26,23"
8372,"385,3,5"
8373,"193,131,40"
8374,"186,40,128"
8375,"18,17,3"
8376,"205,11,10"
8377,"346,313,0"
8378,"16,15,3"
8379,"11,10,0"
8380,"175,128,40"
8381,"21,126,3"
8382,"497,0,288"
8383,"92,60,10"
8384,"264,23,38"
8385,"434,0,1"
8386,"187,21,3"
8387,"402,145,40"
8388,"68,3,53"
8389,"326,105,23"
8390,"337,169,426"
8391,"315,160,40"
8392,"415,265,0"
8393,"447,3,34"
8394,"32,23,31"
8395,"187,3,21"
8396,"340,265,0"
8397,"145,10,40"
8398,"170,169,199"
8399,"216,0,23"
8400,"11,10,40"
8401,"506,13,3"
8402,"523,3,53"
8403,"343,169,199"
8404,"311,169,40"
8405,"199,170,169"
8406,"438,265,0"
8407,"264,23,38"
8408,"40,128,145"
8409,"385,3,5"
8410,"23,24,38"
8411,"370,0,216"
8412,"454,31,23"
8413,"24,23,38"
8414,"93,64,10"
8415,"11,109,10"
8416,"54,83,10"
8417,"367,100,40"
8418,"275,3,111"
8419,"91,23,38"
8420,"429,271,0"
8421,"448,64,10"
8422,"231,26,23"
8423,"138,135,40"
8424,"134,131,40"
8425,"134,40,131"
8426,"106,105,23"
8427,"231,26,23"
8428,"24,38,23"
8429,"322,54,10"
8430,"170,199,169"
8431,"281,199,169"
8432,"434,0,1"
8433,"442,64,10"
8434,"11,10,40"
8435,"411,296,169"
8436,"3,17,15"
8437,"124,21,3"
8438,"309,23,38"
8439,"3,17,15"
8440,"386,40,135"
8441,"17,18,3"
8442,"206,8,0"
8443,"108,21,3"
8444,"80,64,10"
8445,"40,145,128"
8446,"199,169,311"
8447,"145,10,40"
8448,"409,265,0"
8449,"228,3,5"
8450,"418,0,265"
8451,"448,64,10"
8452,"182,3,21"
8453,"446,0,218"
8454,"128,40,0"
8455,"309,23,38"
8456,"197,10,60"
8457,"115,21,3"
8458,"508,169,426"
8459,"425,265,0"
8460,"414,60,10"
8461,"501,313,0"
8462,"336,169,296"
8463,"145,10,40"
8464,"96,31,23"
8465,"414,60,10"
8466,"355,271,0"
8467,"224,41,40"
8468,"193,131,40"
8469,"145,10,40"
8470,"18,17,3"
8471,"2,1,0"
8472,"199,169,170"
8473,"93,64,10"
8474,"282,3,111"
8475,"369,0,208"
8476,"376,265,0"
8477,"181,40,145"
8478,"220,10,23"
8479,"258,31,23"
8480,"108,3,21"
8481,"326,105,23"
8482,"129,40,128"
8483,"220,10,40"
8484,"199,170,169"
8485,"220,10,23"
8486,"250,40,135"
8487,"356,199,169"
8488,"42,41,40"
8489,"393,53,3"
8490,"343,169,199"
8491,"175,128,40"
8492,"229,3,0"
8493,"396,395,40"
8494,"54,10,23"
8495,"322,54,10"
8496,"272,271,0"
8497,"181,40,145"
8498,"448,64,10"
8499,"119,111,3"
8500,"143,34,3"
8501,"305,21,3"
8502,"8,206,0"
8503,"245,31,23"
8504,"427,426,169"
8505,"489,60,10"
8506,"500,21,3"
8507,"187,21,3"
8508,"12,10,11"
8509,"315,160,40"
8510,"93,10,64"
8511,"311,169,0"
8512,"163,40,162"
8513,"447,3,34"
8514,"436,169,170"
8515,"18,17,3"
8516,"343,169,199"
8517,"199,170,169"
8518,"456,271,0"
8519,"54,64,10"
8520,"356,199,169"
8521,"451,3,50"
8522,"318,105,23"
8523,"434,0,1"
8524,"118,23,74"
8525,"60,10,3"
8526,"213,0,23"
8527,"145,10,40"
8528,"112,111,3"
8529,"139,40,131"
8530,"199,170,169"
8531,"115,21,3"
8532,"62,23,24"
8533,"433,4,3"
8534,"326,105,23"
8535,"447,3,34"
8536,"145,10,40"
8537,"231,23,26"
8538,"62,24,23"
8539,"457,0,218"
8540,"21,3,169"
8541,"138,135,40"
8542,"441,111,3"
8543,"187,21,3"
8544,"220,10,23"
8545,"21,102,3"
8546,"348,255,0"
8547,"187,21,3"
8548,"283,74,23"
8549,"285,8,0"
8550,"152,151,40"
8551,"216,211,0"
8552,"444,271,0"
8553,"18,17,3"
8554,"102,21,3"
8555,"187,3,21"
8556,"267,3,111"
8557,"337,0,169"
8558,"91,23,38"
8559,"326,105,23"
8560,"489,60,10"
8561,"419,11,10"
8562,"335,64,10"
8563,"231,26,23"
8564,"264,23,38"
8565,"501,313,0"
8566,"402,145,40"
8567,"170,169,10"
8568,"170,199,169"
8569,"131,40,23"
8570,"124,21,3"
8571,"3,21,169"
8572,"326,105,23"
8573,"431,135,40"
8574,"498,288,0"
8575,"123,111,3"
8576,"493,145,40"
8577,"156,3,147"
8578,"431,40,135"
8579,"43,24,23"
8580,"311,169,0"
8581,"82,23,38"
8582,"24,23,38"
8583,"182,21,3"
8584,"350,26,23"
8585,"129,128,40"
8586,"21,3,13"
8587,"300,296,169"
8588,"54,23,10"
8589,"105,23,38"
8590,"334,160,40"
8591,"454,23,31"
8592,"43,24,23"
8593,"195,128,40"
8594,"493,145,40"
8595,"311,169,170"
8596,"93,64,10"
8597,"288,213,0"
8598,"431,40,135"
8599,"325,3,53"
8600,"195,40,128"
8601,"80,64,10"
8602,"170,169,3"
8603,"201,41,40"
8604,"334,160,40"
8605,"187,21,3"
8606,"112,111,3"
8607,"145,10,40"
8608,"170,169,337"
8609,"343,169,199"
8610,"187,3,21"
8611,"118,23,74"
8612,"145,10,40"
8613,"11,10,40"
8614,"366,271,0"
8615,"309,23,38"
8616,"355,271,0"
8617,"239,60,10"
8618,"278,277,0"
8619,"181,40,145"
8620,"33,21,3"
8621,"3,21,108"
8622,"261,208,0"
8623,"199,311,169"
8624,"17,18,3"
8625,"40,226,131"
8626,"326,105,23"
8627,"382,199,169"
8628,"236,135,40"
8629,"105,40,23"
8630,"401,3,13"
8631,"187,21,3"
8632,"350,26,23"
8633,"507,296,169"
8634,"42,41,40"
8635,"379,21,3"
8636,"43,24,23"
8637,"86,85,3"
8638,"241,131,40"
8639,"3,15,17"
8640,"192,23,38"
8641,"149,40,41"
8642,"134,40,131"
8643,"350,26,23"
8644,"145,40,10"
8645,"383,208,0"
8646,"190,3,28"
8647,"77,31,23"
8648,"186,40,128"
8649,"284,111,3"
8650,"3,48,21"
8651,"205,11,10"
8652,"319,211,0"
8653,"306,296,169"
8654,"329,169,170"
8655,"25,24,23"
8656,"191,41,40"
8657,"40,160,3"
8658,"115,21,3"
8659,"49,24,23"
8660,"129,128,40"
8661,"271,456,0"
8662,"145,10,40"
8663,"226,131,40"
8664,"145,10,40"
8665,"226,131,40"
8666,"366,271,0"
8667,"426,311,169"
8668,"435,4,3"
8669,"350,26,23"
8670,"169,337,199"
8671,"376,0,265"
8672,"220,10,23"
8673,"438,0,265"
8674,"250,40,135"
8675,"3,66,30"
8676,"90,64,10"
8677,"21,3,53"
8678,"199,169,170"
8679,"418,265,0"
8680,"199,170,169"
8681,"206,8,0"
8682,"187,21,3"
8683,"21,3,108"
8684,"180,3,120"
8685,"278,277,0"
8686,"199,311,169"
8687,"181,145,40"
8688,"181,145,40"
8689,"206,8,0"
8690,"199,311,169"
8691,"447,34,3"
8692,"126,21,3"
8693,"21,3,40"
8694,"54,64,10"
8695,"138,135,40"
8696,"448,64,10"
8697,"181,40,145"
8698,"220,10,23"
8699,"285,8,0"
8700,"199,169,170"
8701,"338,64,10"
8702,"36,35,3"
8703,"148,3,147"
8704,"455,271,0"
8705,"43,24,23"
8706,"118,23,74"
8707,"241,131,40"
8708,"103,23,38"
8709,"54,23,10"
8710,"508,169,426"
8711,"129,40,128"
8712,"355,271,0"
8713,"247,160,40"
8714,"54,10,40"
8715,"170,169,199"
8716,"42,40,41"
8717,"21,126,3"
8718,"93,64,10"
8719,"497,0,288"
8720,"272,271,0"
8721,"52,3,51"
8722,"3,169,199"
8723,"32,31,23"
8724,"244,135,40"
8725,"145,10,40"
8726,"382,199,169"
8727,"49,23,24"
8728,"74,40,23"
8729,"447,34,3"
8730,"134,131,40"
8731,"469,288,0"
8732,"145,10,40"
8733,"138,135,40"
8734,"123,111,3"
8735,"163,40,162"
8736,"199,169,170"
8737,"145,10,40"
8738,"264,23,38"
8739,"39,23,38"
8740,"49,24,23"
8741,"249,23,0"
8742,"275,3,111"
8743,"169,199,170"
8744,"326,105,23"
8745,"482,288,0"
8746,"145,40,23"
8747,"382,199,169"
8748,"277,1,0"
8749,"501,313,0"
8750,"218,255,0"
8751,"456,271,0"
8752,"437,145,40"
8753,"288,271,0"
8754,"11,10,40"
8755,"175,128,40"
8756,"340,265,0"
8757,"220,10,23"
8758,"100,0,40"
8759,"154,21,3"
8760,"123,111,3"
8761,"237,34,3"
8762,"199,170,169"
8763,"138,135,40"
8764,"100,40,128"
8765,"399,265,0"
8766,"32,23,31"
8767,"80,64,10"
8768,"11,10,3"
8769,"193,40,131"
8770,"271,429,0"
8771,"220,10,40"
8772,"318,105,23"
8773,"326,105,23"
8774,"406,131,40"
8775,"93,64,10"
8776,"201,41,40"
8777,"340,265,0"
8778,"43,24,23"
8779,"42,40,41"
8780,"295,135,40"
8781,"276,265,0"
8782,"145,40,10"
8783,"199,281,169"
8784,"199,311,169"
8785,"448,64,10"
8786,"24,23,38"
8787,"43,24,23"
8788,"21,124,3"
8789,"382,199,169"
8790,"493,145,40"
8791,"326,105,23"
8792,"277,1,0"
8793,"369,208,0"
8794,"187,3,21"
8795,"3,40,128"
8796,"355,271,0"
8797,"204,3,13"
8798,"489,60,10"
8799,"311,170,169"
8800,"324,40,41"
8801,"369,0,208"
8802,"180,3,120"
8803,"493,145,40"
8804,"32,23,31"
8805,"380,216,0"
8806,"12,10,11"
8807,"49,24,23"
8808,"267,111,3"
8809,"32,31,23"
8810,"346,313,0"
8811,"367,40,100"
8812,"93,64,10"
8813,"2,1,0"
8814,"118,23,74"
8815,"48,3,21"
8816,"115,21,3"
8817,"126,21,3"
8818,"216,0,3"
8819,"308,8,0"
8820,"92,60,10"
8821,"355,271,0"
8822,"508,169,426"
8823,"421,229,0"
8824,"423,160,40"
8825,"24,23,38"
8826,"148,3,147"
8827,"431,135,40"
8828,"66,3,30"
8829,"9,8,0"
8830,"340,265,0"
8831,"21,102,3"
8832,"264,23,38"
8833,"204,13,3"
8834,"204,13,3"
8835,"8,235,0"
8836,"54,10,0"
8837,"170,169,199"
8838,"406,131,40"
8839,"346,313,0"
8840,"21,108,3"
8841,"128,130,40"
8842,"333,169,296"
8843,"108,21,3"
8844,"49,24,23"
8845,"500,21,3"
8846,"170,169,23"
8847,"148,3,147"
8848,"146,145,40"
8849,"146,145,40"
8850,"448,64,10"
8851,"163,40,162"
8852,"510,220,10"
8853,"199,281,169"
8854,"199,169,311"
8855,"226,40,131"
8856,"145,10,40"
8857,"264,38,23"
8858,"242,220,10"
8859,"231,26,23"
8860,"318,105,23"
8861,"410,8,0"
8862,"4,407,3"
8863,"448,64,10"
8864,"88,23,38"
8865,"181,40,145"
8866,"170,329,169"
8867,"53,3,169"
8868,"32,31,23"
8869,"187,21,3"
8870,"247,160,40"
8871,"169,199,170"
8872,"10,145,40"
8873,"19,4,3"
8874,"402,145,40"
8875,"160,40,41"
8876,"104,30,3"
8877,"9,8,0"
8878,"206,8,0"
8879,"170,169,199"
8880,"187,21,3"
8881,"205,11,10"
8882,"170,337,169"
8883,"264,23,38"
8884,"3,15,17"
8885,"241,40,131"
8886,"40,145,128"
8887,"220,10,23"
8888,"82,23,38"
8889,"347,255,0"
8890,"402,145,40"
8891,"170,169,199"
8892,"199,0,169"
8893,"483,1,0"
8894,"205,11,10"
8895,"108,3,21"
8896,"372,0,255"
8897,"15,3,40"
8898,"220,10,23"
8899,"148,3,147"
8900,"206,8,0"
8901,"96,31,23"
8902,"139,40,128"
8903,"199,169,170"
8904,"145,10,40"
8905,"66,30,3"
8906,"3,15,17"
8907,"134,40,131"
8908,"135,298,40"
8909,"186,40,128"
8910,"32,31,23"
8911,"240,23,38"
8912,"430,3,53"
8913,"311,199,169"
8914,"33,21,3"
8915,"163,162,40"
8916,"494,40,184"
8917,"40,486,131"
8918,"397,313,0"
8919,"215,41,40"
8920,"467,53,3"
8921,"436,169,170"
8922,"54,10,40"
8923,"57,5,3"
8924,"235,8,0"
8925,"258,31,23"
8926,"130,128,40"
8927,"93,64,10"
8928,"21,3,40"
8929,"66,3,30"
8930,"340,0,265"
8931,"296,411,169"
8932,"12,10,11"
8933,"43,24,23"
8934,"292,53,3"
8935,"231,26,23"
8936,"452,169,296"
8937,"49,24,23"
8938,"214,213,0"
8939,"199,169,23"
8940,"115,21,3"
8941,"263,34,3"
8942,"199,169,170"
8943,"220,242,10"
8944,"256,255,0"
8945,"199,169,23"
8946,"235,8,0"
8947,"240,23,38"
8948,"181,40,145"
8949,"376,0,265"
8950,"148,3,147"
8951,"406,131,40"
8952,"143,34,3"
8953,"508,169,426"
8954,"93,64,10"
8955,"138,135,40"
8956,"264,23,38"
8957,"170,169,199"
8958,"425,265,0"
8959,"129,128,40"
8960,"220,10,23"
8961,"80,10,64"
8962,"224,41,40"
8963,"106,105,23"
8964,"264,23,38"
8965,"264,23,38"
8966,"3,21,187"
8967,"267,3,111"
8968,"3,4,238"
8969,"108,21,3"
8970,"447,3,34"
8971,"309,23,38"
8972,"40,128,145"
8973,"216,0,271"
8974,"315,160,40"
8975,"3,523,53"
8976,"187,3,21"
8977,"134,131,40"
8978,"145,10,40"
8979,"448,64,10"
8980,"220,221,10"
8981,"222,100,40"
8982,"145,40,10"
8983,"156,3,147"
8984,"417,169,296"
8985,"397,0,313"
8986,"370,216,0"
8987,"199,23,169"
8988,"318,105,23"
8989,"170,169,199"
8990,"36,35,3"
8991,"315,160,40"
8992,"145,10,40"
8993,"406,131,40"
8994,"350,26,23"
8995,"145,10,40"
8996,"43,24,23"
8997,"186,40,128"
8998,"181,40,145"
8999,"4,238,3"
9000,"123,111,3"
9001,"199,169,0"
9002,"220,10,23"
9003,"145,40,395"
9004,"145,10,40"
9005,"138,135,40"
9006,"442,64,10"
9007,"28,3,21"
9008,"264,23,38"
9009,"238,4,3"
9010,"376,265,0"
9011,"318,105,23"
9012,"11,10,23"
9013,"220,10,23"
9014,"220,10,23"
9015,"326,105,23"
9016,"286,41,40"
9017,"108,21,3"
9018,"376,265,0"
9019,"59,24,23"
9020,"165,74,23"
9021,"286,40,41"
9022,"228,3,5"
9023,"199,169,170"
9024,"216,288,0"
9025,"348,255,0"
9026,"18,17,3"
9027,"21,115,3"
9028,"181,40,145"
9029,"181,40,145"
9030,"110,53,3"
9031,"48,21,3"
9032,"244,40,135"
9033,"455,0,271"
9034,"160,3,40"
9035,"229,230,0"
9036,"447,3,34"
9037,"93,64,10"
9038,"169,170,311"
9039,"148,147,3"
9040,"484,0,255"
9041,"49,24,23"
9042,"302,160,40"
9043,"231,23,26"
9044,"42,41,40"
9045,"444,271,0"
9046,"187,21,3"
9047,"93,10,64"
9048,"448,64,10"
9049,"21,3,34"
9050,"326,105,23"
9051,"366,271,0"
9052,"301,21,3"
9053,"174,3,4"
9054,"220,10,40"
9055,"3,187,21"
9056,"286,41,40"
9057,"43,24,23"
9058,"126,21,3"
9059,"32,23,31"
9060,"8,265,0"
9061,"62,24,23"
9062,"186,40,128"
9063,"62,23,24"
9064,"21,3,40"
9065,"162,40,145"
9066,"356,199,169"
9067,"124,21,3"
9068,"18,17,3"
9069,"435,3,4"
9070,"220,10,40"
9071,"232,23,38"
9072,"54,64,10"
9073,"382,199,169"
9074,"199,169,337"
9075,"271,456,0"
9076,"338,64,10"
9077,"229,0,3"
9078,"138,135,40"
9079,"325,3,53"
9080,"340,265,0"
9081,"151,40,128"
9082,"448,64,10"
9083,"440,23,38"
9084,"431,40,135"
9085,"3,21,108"
9086,"187,21,3"
9087,"206,8,0"
9088,"457,0,218"
9089,"447,3,34"
9090,"420,169,296"
9091,"431,135,40"
9092,"199,281,169"
9093,"206,8,0"
9094,"170,169,426"
9095,"16,15,3"
9096,"187,3,21"
9097,"335,64,10"
9098,"311,3,169"
9099,"19,4,3"
9100,"49,24,23"
9101,"197,10,60"
9102,"181,40,145"
9103,"209,0,208"
9104,"91,23,38"
9105,"141,40,135"
9106,"220,10,40"
9107,"10,60,3"
9108,"205,11,10"
9109,"95,54,10"
9110,"139,40,3"
9111,"3,170,169"
9112,"152,151,40"
9113,"220,10,23"
9114,"199,170,169"
9115,"478,145,40"
9116,"115,21,3"
9117,"24,23,38"
9118,"165,74,23"
9119,"264,23,38"
9120,"128,40,23"
9121,"330,3,28"
9122,"202,3,111"
9123,"2,1,0"
9124,"220,10,23"
9125,"77,31,23"
9126,"3,15,17"
9127,"376,0,265"
9128,"355,271,0"
9129,"430,53,3"
9130,"123,111,3"
9131,"59,23,24"
9132,"53,21,3"
9133,"106,105,23"
9134,"264,23,38"
9135,"55,54,10"
9136,"181,145,40"
9137,"244,135,40"
9138,"32,23,31"
9139,"10,60,3"
9140,"145,10,40"
9141,"128,130,40"
9142,"493,145,40"
9143,"104,3,30"
9144,"426,427,169"
9145,"32,23,31"
9146,"76,40,23"
9147,"340,265,0"
9148,"229,208,0"
9149,"231,26,23"
9150,"199,169,426"
9151,"181,40,145"
9152,"168,17,3"
9153,"326,105,23"
9154,"300,296,169"
9155,"187,21,3"
9156,"19,4,3"
9157,"137,23,38"
9158,"326,105,23"
9159,"256,0,255"
9160,"336,296,169"
9161,"175,40,128"
9162,"89,26,23"
9163,"170,169,199"
9164,"473,10,64"
9165,"448,64,10"
9166,"214,213,0"
9167,"111,21,3"
9168,"52,51,3"
9169,"318,105,23"
9170,"399,265,0"
9171,"118,23,74"
9172,"199,169,10"
9173,"231,26,23"
9174,"90,10,64"
9175,"3,108,21"
9176,"206,8,0"
9177,"448,64,10"
9178,"431,40,135"
9179,"43,24,23"
9180,"448,64,10"
9181,"21,102,3"
9182,"326,105,23"
9183,"66,3,30"
9184,"12,11,10"
9185,"420,169,296"
9186,"128,130,40"
9187,"206,8,0"
9188,"17,168,3"
9189,"382,169,199"
9190,"181,40,145"
9191,"448,64,10"
9192,"54,95,10"
9193,"474,111,3"
9194,"236,135,40"
9195,"460,169,296"
9196,"187,3,21"
9197,"199,170,169"
9198,"170,169,0"
9199,"327,8,0"
9200,"126,21,3"
9201,"145,10,40"
9202,"503,105,23"
9203,"457,0,218"
9204,"515,265,0"
9205,"187,21,3"
9206,"21,3,40"
9207,"40,76,23"
9208,"252,213,0"
9209,"129,40,128"
9210,"436,169,170"
9211,"308,8,0"
9212,"54,10,40"
9213,"228,3,5"
9214,"153,40,139"
9215,"54,10,40"
9216,"382,199,169"
9217,"304,216,0"
9218,"21,126,3"
9219,"134,40,131"
9220,"145,10,40"
9221,"437,145,40"
9222,"21,3,23"
9223,"93,64,10"
9224,"263,34,3"
9225,"53,50,3"
9226,"448,64,10"
9227,"497,0,288"
9228,"181,40,145"
9229,"209,0,208"
9230,"170,169,199"
9231,"24,23,38"
9232,"187,21,3"
9233,"376,265,0"
9234,"160,334,40"
9235,"160,315,40"
9236,"82,23,38"
9237,"513,277,0"
9238,"206,8,0"
9239,"420,296,169"
9240,"180,3,120"
9241,"40,128,145"
9242,"455,271,0"
9243,"355,271,0"
9244,"21,3,147"
9245,"135,40,23"
9246,"137,23,38"
9247,"249,265,0"
9248,"337,169,426"
9249,"488,265,0"
9250,"510,10,220"
9251,"80,64,10"
9252,"90,64,10"
9253,"48,3,21"
9254,"366,271,0"
9255,"199,169,337"
9256,"284,3,111"
9257,"27,26,23"
9258,"121,3,120"
9259,"199,169,170"
9260,"181,40,145"
9261,"284,111,3"
9262,"236,135,40"
9263,"493,145,40"
9264,"187,21,3"
9265,"24,23,38"
9266,"52,51,3"
9267,"355,271,0"
9268,"330,28,3"
9269,"169,170,199"
9270,"214,213,0"
9271,"129,128,40"
9272,"11,205,10"
9273,"202,3,111"
9274,"198,3,111"
9275,"264,23,38"
9276,"382,169,199"
9277,"23,24,38"
9278,"154,21,3"
9279,"523,3,53"
9280,"93,10,64"
9281,"21,3,40"
9282,"160,41,40"
9283,"145,10,40"
9284,"170,169,296"
9285,"220,10,40"
9286,"88,23,38"
9287,"240,23,38"
9288,"187,21,3"
9289,"315,160,40"
9290,"89,26,23"
9291,"220,10,23"
9292,"198,111,3"
9293,"228,5,3"
9294,"205,11,10"
9295,"346,313,0"
9296,"21,301,3"
9297,"324,40,41"
9298,"254,216,0"
9299,"137,23,38"
9300,"345,23,24"
9301,"281,199,169"
9302,"264,23,38"
9303,"340,265,0"
9304,"340,265,0"
9305,"343,199,169"
9306,"163,162,40"
9307,"77,31,23"
9308,"205,11,10"
9309,"19,4,3"
9310,"93,64,10"
9311,"460,169,296"
9312,"11,10,40"
9313,"285,8,0"
9314,"335,64,10"
9315,"201,41,40"
9316,"204,13,3"
9317,"228,5,3"
9318,"3,15,17"
9319,"188,3,4"
9320,"240,23,38"
9321,"414,10,60"
9322,"195,128,40"
9323,"181,40,145"
9324,"286,41,40"
9325,"272,271,0"
9326,"199,169,337"
9327,"215,40,41"
9328,"326,105,23"
9329,"82,23,38"
9330,"187,21,3"
9331,"3,21,126"
9332,"466,40,131"
9333,"264,23,38"
9334,"19,3,4"
9335,"49,24,23"
9336,"4,435,3"
9337,"119,111,3"
9338,"141,40,135"
9339,"168,17,3"
9340,"239,60,10"
9341,"199,169,311"
9342,"65,64,10"
9343,"118,74,23"
9344,"317,23,74"
9345,"21,3,5"
9346,"80,64,10"
9347,"291,271,0"
9348,"391,8,0"
9349,"214,213,0"
9350,"340,265,0"
9351,"170,169,23"
9352,"148,3,147"
9353,"322,54,10"
9354,"434,1,0"
9355,"238,4,3"
9356,"170,169,199"
9357,"340,265,0"
9358,"431,40,135"
9359,"199,311,169"
9360,"21,3,40"
9361,"206,8,0"
9362,"170,169,199"
9363,"182,21,3"
9364,"436,169,170"
9365,"21,3,169"
9366,"169,199,170"
9367,"170,199,169"
9368,"440,23,38"
9369,"14,13,3"
9370,"518,3,28"
9371,"19,3,4"
9372,"156,3,147"
9373,"66,3,30"
9374,"160,334,40"
9375,"326,105,23"
9376,"8,271,0"
9377,"448,64,10"
9378,"43,24,23"
9379,"257,216,0"
9380,"118,23,74"
9381,"8,308,0"
9382,"96,31,23"
9383,"118,23,74"
9384,"206,8,0"
9385,"181,40,145"
9386,"304,216,0"
9387,"206,8,0"
9388,"160,334,40"
9389,"175,128,40"
9390,"206,8,0"
9391,"40,145,10"
9392,"325,3,53"
9393,"376,265,0"
9394,"512,0,218"
9395,"411,296,169"
9396,"128,40,145"
9397,"438,265,0"
9398,"43,24,23"
9399,"325,53,3"
9400,"50,53,3"
9401,"76,40,23"
9402,"497,0,288"
9403,"356,199,169"
9404,"199,169,170"
9405,"76,40,23"
9406,"93,64,10"
9407,"48,21,3"
9408,"160,41,40"
9409,"322,54,10"
9410,"129,128,40"
9411,"423,160,40"
9412,"10,60,3"
9413,"231,26,23"
9414,"145,10,40"
9415,"258,31,23"
9416,"80,64,10"
9417,"144,3,15"
9418,"245,31,23"
9419,"239,60,10"
9420,"3,15,17"
9421,"199,0,169"
9422,"170,199,169"
9423,"40,128,145"
9424,"14,13,3"
9425,"447,3,34"
9426,"19,4,3"
9427,"54,322,10"
9428,"168,17,3"
9429,"169,199,170"
9430,"12,10,11"
9431,"463,255,0"
9432,"3,105,23"
9433,"21,3,5"
9434,"346,313,0"
9435,"164,21,3"
9436,"326,105,23"
9437,"309,23,38"
9438,"169,199,170"
9439,"431,135,40"
9440,"226,40,131"
9441,"191,41,40"
9442,"102,21,3"
9443,"209,0,208"
9444,"92,60,10"
9445,"231,23,26"
9446,"355,271,0"
9447,"382,169,199"
9448,"264,23,38"
9449,"33,21,3"
9450,"22,21,3"
9451,"497,0,288"
9452,"206,8,0"
9453,"23,38,24"
9454,"93,64,10"
9455,"514,8,0"
9456,"257,216,0"
9457,"40,21,3"
9458,"231,26,23"
9459,"508,169,426"
9460,"232,23,38"
9461,"391,8,0"
9462,"187,21,3"
9463,"311,170,169"
9464,"8,235,0"
9465,"138,135,40"
9466,"420,169,296"
9467,"514,8,0"
9468,"135,40,3"
9469,"181,145,40"
9470,"406,131,40"
9471,"33,3,21"
9472,"484,0,255"
9473,"264,23,38"
9474,"304,216,0"
9475,"40,486,131"
9476,"188,3,4"
9477,"326,105,23"
9478,"335,64,10"
9479,"118,74,23"
9480,"402,145,40"
9481,"343,169,199"
9482,"338,64,10"
9483,"370,0,216"
9484,"460,169,296"
9485,"121,120,3"
9486,"41,160,40"
9487,"368,184,40"
9488,"397,0,313"
9489,"332,3,53"
9490,"187,21,3"
9491,"206,8,0"
9492,"15,3,53"
9493,"211,216,0"
9494,"206,8,0"
9495,"439,208,0"
9496,"275,3,111"
9497,"338,64,10"
9498,"129,40,128"
9499,"435,3,4"
9500,"333,296,169"
9501,"315,160,40"
9502,"165,74,23"
9503,"510,220,10"
9504,"220,221,10"
9505,"139,40,135"
9506,"206,8,0"
9507,"453,208,0"
9508,"315,160,40"
9509,"199,170,169"
9510,"205,11,10"
9511,"469,288,0"
9512,"97,3,5"
9513,"109,11,10"
9514,"304,216,0"
9515,"506,13,3"
9516,"427,169,426"
9517,"21,108,3"
9518,"145,40,23"
9519,"40,128,145"
9520,"32,31,23"
9521,"356,199,169"
9522,"102,21,3"
9523,"170,169,199"
9524,"286,40,41"
9525,"145,10,40"
9526,"455,271,0"
9527,"337,169,199"
9528,"201,41,40"
9529,"21,3,40"
9530,"19,4,3"
9531,"89,26,23"
9532,"145,10,40"
9533,"216,0,249"
9534,"18,17,3"
9535,"257,216,0"
9536,"103,23,38"
9537,"393,53,3"
9538,"11,10,40"
9539,"369,208,0"
9540,"311,169,337"
9541,"24,23,38"
9542,"271,456,0"
9543,"452,296,169"
9544,"221,220,10"
9545,"48,3,21"
9546,"346,313,0"
9547,"43,24,23"
9548,"408,40,128"
9549,"129,128,40"
9550,"21,3,40"
9551,"2,1,0"
9552,"380,216,0"
9553,"36,35,3"
9554,"163,162,40"
9555,"4,238,3"
9556,"448,64,10"
9557,"205,11,10"
9558,"478,145,40"
9559,"93,64,10"
9560,"221,220,10"
9561,"170,169,199"
9562,"221,220,10"
9563,"62,24,23"
9564,"115,21,3"
9565,"170,169,199"
9566,"489,10,60"
9567,"49,24,23"
9568,"43,24,23"
9569,"258,31,23"
9570,"3,311,169"
9571,"317,23,74"
9572,"241,131,40"
9573,"336,296,169"
9574,"187,3,21"
9575,"220,10,23"
9576,"415,265,0"
9577,"42,41,40"
9578,"448,64,10"
9579,"270,8,0"
9580,"2,1,0"
9581,"21,102,3"
9582,"43,24,23"
9583,"430,53,3"
9584,"36,35,3"
9585,"498,288,0"
9586,"402,145,40"
9587,"211,216,0"
9588,"4,238,3"
9589,"170,169,337"
9590,"123,111,3"
9591,"90,10,64"
9592,"159,40,131"
9593,"343,169,199"
9594,"32,31,23"
9595,"32,23,31"
9596,"30,3,66"
9597,"40,132,131"
9598,"506,13,3"
9599,"446,0,218"
9600,"128,40,23"
9601,"118,23,74"
9602,"187,3,21"
9603,"425,265,0"
9604,"91,23,38"
9605,"241,131,40"
9606,"32,31,23"
9607,"139,40,135"
9608,"170,169,199"
9609,"30,3,0"
9610,"54,83,10"
9611,"119,111,3"
9612,"206,8,0"
9613,"336,169,296"
9614,"33,3,21"
9615,"19,4,3"
9616,"199,169,170"
9617,"382,199,169"
9618,"326,105,23"
9619,"384,265,0"
9620,"241,131,40"
9621,"420,169,296"
9622,"97,5,3"
9623,"271,265,0"
9624,"448,64,10"
9625,"170,260,169"
9626,"187,3,21"
9627,"169,337,426"
9628,"436,169,170"
9629,"493,145,40"
9630,"484,255,0"
9631,"43,24,23"
9632,"21,3,169"
9633,"418,265,0"
9634,"206,8,0"
9635,"169,170,199"
9636,"49,24,23"
9637,"257,216,0"
9638,"493,145,40"
9639,"175,128,40"
9640,"40,128,145"
9641,"43,24,23"
9642,"337,199,169"
9643,"96,31,23"
9644,"368,184,40"
9645,"308,8,0"
9646,"148,3,147"
9647,"186,40,128"
9648,"24,23,38"
9649,"325,53,3"
9650,"169,170,199"
9651,"224,41,40"
9652,"226,131,40"
9653,"418,265,0"
9654,"441,111,3"
9655,"149,40,41"
9656,"43,24,23"
9657,"137,38,23"
9658,"68,3,53"
9659,"93,64,10"
9660,"242,10,220"
9661,"181,40,145"
9662,"165,23,74"
9663,"2,0,1"
9664,"199,169,337"
9665,"220,510,10"
9666,"199,169,0"
9667,"68,53,3"
9668,"224,41,40"
9669,"181,40,145"
9670,"199,311,169"
9671,"169,170,199"
9672,"134,40,131"
9673,"104,3,30"
9674,"187,3,21"
9675,"489,60,10"
9676,"11,10,40"
9677,"32,31,23"
9678,"89,26,23"
9679,"404,111,3"
9680,"156,3,147"
9681,"21,3,102"
9682,"66,3,30"
9683,"460,169,296"
9684,"220,10,23"
9685,"145,10,40"
9686,"170,311,169"
9687,"143,34,3"
9688,"436,169,170"
9689,"138,135,40"
9690,"119,111,3"
9691,"48,21,3"
9692,"170,169,199"
9693,"329,170,169"
9694,"21,3,147"
9695,"11,10,40"
9696,"195,128,40"
9697,"145,10,40"
9698,"406,40,131"
9699,"475,218,0"
9700,"220,10,23"
9701,"351,0,218"
9702,"430,53,3"
9703,"170,169,23"
9704,"118,74,23"
9705,"137,38,23"
9706,"145,10,40"
9707,"402,145,40"
9708,"288,3,0"
9709,"170,169,199"
9710,"170,169,199"
9711,"414,10,60"
9712,"102,21,3"
9713,"42,40,41"
9714,"170,169,199"
9715,"448,64,10"
9716,"187,21,3"
9717,"199,311,169"
9718,"96,31,23"
9719,"145,40,10"
9720,"444,0,271"
9721,"346,313,0"
9722,"68,3,53"
9723,"148,3,147"
9724,"21,3,169"
9725,"108,21,3"
9726,"4,7,3"
9727,"163,40,162"
9728,"264,23,38"
9729,"335,64,10"
9730,"84,23,74"
9731,"160,3,40"
9732,"523,3,53"
9733,"27,26,23"
9734,"18,17,3"
9735,"309,23,38"
9736,"187,3,21"
9737,"93,64,10"
9738,"4,51,3"
9739,"241,131,40"
9740,"40,128,145"
9741,"220,10,23"
9742,"457,0,218"
9743,"448,64,10"
9744,"24,23,38"
9745,"145,10,40"
9746,"201,41,40"
9747,"435,3,4"
9748,"25,24,23"
9749,"87,23,38"
9750,"304,216,0"
9751,"187,21,3"
9752,"501,313,0"
9753,"514,8,0"
9754,"61,60,10"
9755,"220,10,23"
9756,"402,145,40"
9757,"226,131,40"
9758,"22,3,21"
9759,"496,395,40"
9760,"107,23,38"
9761,"23,38,24"
9762,"115,21,3"
9763,"220,10,40"
9764,"187,21,3"
9765,"139,40,3"
9766,"187,21,3"
9767,"24,38,23"
9768,"169,199,170"
9769,"187,21,3"
9770,"220,10,23"
9771,"19,4,3"
9772,"185,184,40"
9773,"473,10,64"
9774,"87,38,23"
9775,"146,145,40"
9776,"90,64,10"
9777,"21,3,147"
9778,"199,170,169"
9779,"287,53,3"
9780,"187,3,21"
9781,"170,169,3"
9782,"181,145,40"
9783,"103,23,38"
9784,"170,169,199"
9785,"3,105,23"
9786,"397,313,0"
9787,"349,265,0"
9788,"187,21,3"
9789,"130,128,40"
9790,"314,313,0"
9791,"170,169,199"
9792,"181,40,145"
9793,"241,40,131"
9794,"10,145,40"
9795,"43,24,23"
9796,"181,145,40"
9797,"159,40,131"
9798,"163,162,40"
9799,"326,105,23"
9800,"43,24,23"
9801,"187,21,3"
9802,"386,135,40"
9803,"177,3,30"
9804,"366,271,0"
9805,"17,18,3"
9806,"87,38,23"
9807,"42,41,40"
9808,"382,199,169"
9809,"467,53,3"
9810,"170,199,169"
9811,"169,199,170"
9812,"187,21,3"
9813,"43,24,23"
9814,"493,145,40"
9815,"139,40,160"
9816,"48,21,3"
9817,"206,8,0"
9818,"18,17,3"
9819,"448,64,10"
9820,"326,105,23"
9821,"106,105,23"
9822,"211,0,265"
9823,"406,40,131"
9824,"17,3,21"
9825,"137,23,38"
9826,"524,145,40"
9827,"328,31,23"
9828,"309,38,23"
9829,"199,169,170"
9830,"161,111,3"
9831,"3,108,21"
9832,"187,21,3"
9833,"228,5,3"
9834,"145,10,40"
9835,"409,265,0"
9836,"15,16,3"
9837,"326,105,23"
9838,"43,24,23"
9839,"374,169,199"
9840,"311,3,169"
9841,"4,7,3"
9842,"440,23,38"
9843,"55,54,10"
9844,"43,24,23"
9845,"315,160,40"
9846,"264,23,38"
9847,"387,0,218"
9848,"493,145,40"
9849,"90,64,10"
9850,"318,105,23"
9851,"301,3,21"
9852,"346,313,0"
9853,"43,24,23"
9854,"8,308,0"
9855,"108,21,3"
9856,"224,41,40"
9857,"221,220,10"
9858,"80,64,10"
9859,"203,3,147"
9860,"169,337,426"
9861,"431,40,135"
9862,"3,108,21"
9863,"326,105,23"
9864,"328,31,23"
9865,"372,255,0"
9866,"21,115,3"
9867,"187,3,21"
9868,"199,169,40"
9869,"317,74,23"
9870,"11,205,10"
9871,"157,3,120"
9872,"82,23,38"
9873,"199,311,169"
9874,"170,169,199"
9875,"523,53,3"
9876,"249,313,0"
9877,"228,3,5"
9878,"271,0,218"
9879,"42,40,41"
9880,"456,271,0"
9881,"199,311,169"
9882,"187,21,3"
9883,"343,199,169"
9884,"220,10,0"
9885,"346,313,0"
9886,"451,3,50"
9887,"118,74,23"
9888,"50,34,3"
9889,"360,271,0"
9890,"25,24,23"
9891,"174,4,3"
9892,"93,64,10"
9893,"169,170,199"
9894,"315,160,40"
9895,"225,3,120"
9896,"417,169,296"
9897,"52,3,51"
9898,"318,105,23"
9899,"48,21,3"
9900,"350,26,23"
9901,"328,31,23"
9902,"455,0,271"
9903,"90,64,10"
9904,"524,145,40"
9905,"36,35,3"
9906,"498,0,288"
9907,"96,31,23"
9908,"156,3,147"
9909,"115,3,21"
9910,"163,40,162"
9911,"418,0,265"
9912,"109,11,10"
9913,"199,169,0"
9914,"376,265,0"
9915,"230,229,0"
9916,"187,3,21"
9917,"137,23,38"
9918,"316,3,30"
9919,"24,38,23"
9920,"332,3,53"
9921,"487,426,169"
9922,"222,40,100"
9923,"115,21,3"
9924,"431,135,40"
9925,"324,40,41"
9926,"159,131,40"
9927,"11,10,40"
9928,"493,145,40"
9929,"18,3,17"
9930,"156,3,147"
9931,"199,0,169"
9932,"264,23,38"
9933,"169,337,170"
9934,"224,41,40"
9935,"3,169,311"
9936,"204,13,3"
9937,"456,271,0"
9938,"387,0,218"
9939,"170,169,199"
9940,"182,3,21"
9941,"199,169,170"
9942,"175,128,40"
9943,"239,60,10"
9944,"264,23,38"
9945,"344,265,0"
9946,"453,208,0"
9947,"206,8,0"
9948,"523,3,53"
9949,"96,31,23"
9950,"326,105,23"
9951,"206,8,0"
9952,"436,169,170"
9953,"220,10,11"
9954,"301,21,3"
9955,"301,21,3"
9956,"66,30,3"
9957,"378,13,3"
9958,"42,40,41"
9959,"15,16,3"
9960,"4,7,3"
9961,"145,10,40"
9962,"163,162,40"
9963,"40,131,226"
9964,"187,21,3"
9965,"301,21,3"
9966,"231,26,23"
9967,"264,23,38"
9968,"311,170,169"
9969,"92,10,60"
9970,"148,3,147"
9971,"187,3,21"
9972,"40,486,131"
9973,"284,3,111"
9974,"128,129,40"
9975,"170,169,199"
9976,"187,3,21"
9977,"425,265,0"
9978,"478,145,40"
9979,"338,64,10"
9980,"115,3,21"
9981,"93,10,64"
9982,"220,10,40"
9983,"354,216,0"
9984,"3,15,17"
9985,"337,170,169"
9986,"438,0,265"
9987,"318,105,23"
9988,"498,288,0"
9989,"4,294,3"
9990,"139,40,3"
9991,"185,184,40"
9992,"10,145,40"
9993,"199,169,170"
9994,"325,3,53"
9995,"326,105,23"
9996,"397,313,0"
9997,"91,23,38"
9998,"170,169,199"
9999,"346,313,0"
10000,"82,23,38"
10001,"144,15,3"
10002,"211,216,0"
10003,"199,170,169"
10004,"414,60,10"
10005,"421,229,0"
10006,"221,220,10"
10007,"484,255,0"
10008,"40,131,226"
10009,"336,169,296"
10010,"220,10,40"
10011,"170,169,40"
10012,"345,23,24"
10013,"21,3,40"
10014,"386,135,40"
10015,"108,3,21"
10016,"160,247,40"
10017,"181,40,145"
10018,"146,40,145"
10019,"360,271,0"
10020,"40,128,145"
10021,"334,160,40"
10022,"127,21,3"
10023,"402,145,40"
10024,"436,169,170"
10025,"43,24,23"
10026,"457,0,218"
10027,"457,0,218"
10028,"48,21,3"
10029,"152,151,40"
10030,"123,111,3"
10031,"229,230,0"
10032,"220,10,23"
10033,"108,21,3"
10034,"343,169,199"
10035,"204,13,3"
10036,"374,169,199"
10037,"53,393,3"
10038,"43,24,23"
10039,"201,41,40"
10040,"93,10,64"
10041,"231,26,23"
10042,"146,40,145"
10043,"40,76,23"
10044,"247,160,40"
10045,"10,145,40"
10046,"24,23,38"
10047,"220,10,23"
10048,"315,160,40"
10049,"11,10,40"
10050,"33,21,3"
10051,"145,169,40"
10052,"399,265,0"
10053,"206,8,0"
10054,"21,3,40"
10055,"187,21,3"
10056,"523,3,53"
10057,"199,169,170"
10058,"506,13,3"
10059,"18,17,3"
10060,"204,13,3"
10061,"367,40,100"
10062,"340,265,0"
10063,"484,0,255"
10064,"199,169,337"
10065,"199,169,170"
10066,"185,184,40"
10067,"431,135,40"
10068,"448,64,10"
10069,"221,220,10"
10070,"238,3,4"
10071,"187,3,21"
10072,"221,220,10"
10073,"240,23,38"
10074,"42,41,40"
10075,"241,40,131"
10076,"19,4,3"
10077,"448,64,10"
10078,"206,8,0"
10079,"134,40,131"
10080,"145,40,23"
10081,"93,64,10"
10082,"15,3,21"
10083,"478,40,145"
10084,"89,26,23"
10085,"108,3,21"
10086,"404,111,3"
10087,"55,54,10"
10088,"129,128,40"
10089,"3,187,21"
10090,"366,271,0"
10091,"154,21,3"
10092,"110,53,3"
10093,"186,40,128"
10094,"66,3,30"
10095,"503,105,23"
10096,"181,40,145"
10097,"124,21,3"
10098,"108,21,3"
10099,"3,311,169"
10100,"241,40,131"
10101,"364,28,3"
10102,"3,169,170"
10103,"415,265,0"
10104,"40,128,145"
10105,"260,169,170"
10106,"447,3,34"
10107,"204,13,3"
10108,"335,64,10"
10109,"508,169,426"
10110,"199,169,311"
10111,"484,0,255"
10112,"281,199,169"
10113,"42,41,40"
10114,"264,23,38"
10115,"241,40,131"
10116,"2,1,0"
10117,"221,220,10"
10118,"304,216,0"
10119,"104,3,30"
10120,"21,102,3"
10121,"326,105,23"
10122,"260,170,169"
10123,"366,0,271"
10124,"311,169,199"
10125,"181,40,145"
10126,"221,220,10"
10127,"145,40,10"
10128,"271,213,0"
10129,"264,23,38"
10130,"138,135,40"
10131,"209,0,208"
10132,"366,271,0"
10133,"301,21,3"
10134,"187,3,21"
10135,"350,26,23"
10136,"169,199,170"
10137,"126,21,3"
10138,"502,145,40"
10139,"275,3,111"
10140,"456,271,0"
10141,"12,11,10"
10142,"343,169,199"
10143,"199,169,311"
10144,"213,214,0"
10145,"145,40,10"
10146,"138,135,40"
10147,"216,0,169"
10148,"455,271,0"
10149,"176,3,4"
10150,"169,170,199"
10151,"21,40,3"
10152,"326,105,23"
10153,"128,129,40"
10154,"14,13,3"
10155,"48,21,3"
10156,"149,41,40"
10157,"453,208,0"
10158,"343,199,169"
10159,"49,24,23"
10160,"89,23,26"
10161,"43,24,23"
10162,"159,40,131"
10163,"49,24,23"
10164,"18,17,3"
10165,"195,128,40"
10166,"145,10,40"
10167,"355,271,0"
10168,"402,145,40"
10169,"80,64,10"
10170,"25,24,23"
10171,"297,265,0"
10172,"3,170,169"
10173,"148,3,147"
10174,"140,139,40"
10175,"32,31,23"
10176,"21,3,40"
10177,"185,184,40"
10178,"108,21,3"
10179,"187,21,3"
10180,"181,40,145"
10181,"102,21,3"
10182,"431,135,40"
10183,"10,145,40"
10184,"199,169,311"
10185,"236,135,40"
10186,"215,40,41"
10187,"217,3,120"
10188,"181,40,145"
10189,"326,105,23"
10190,"21,3,40"
10191,"21,40,3"
10192,"264,23,38"
10193,"264,23,38"
10194,"524,145,40"
10195,"437,40,145"
10196,"65,64,10"
10197,"148,3,147"
10198,"448,64,10"
10199,"118,23,74"
10200,"406,131,40"
10201,"3,66,30"
10202,"471,208,0"
10203,"220,10,23"
10204,"220,10,40"
10205,"54,10,169"
10206,"61,60,10"
10207,"327,8,0"
10208,"343,169,199"
10209,"402,145,40"
10210,"126,21,3"
10211,"10,60,3"
10212,"91,23,38"
10213,"402,145,40"
10214,"231,26,23"
10215,"205,11,10"
10216,"242,10,220"
10217,"277,1,0"
10218,"21,187,3"
10219,"180,3,120"
10220,"239,60,10"
10221,"321,271,0"
10222,"124,21,3"
10223,"21,3,40"
10224,"91,23,38"
10225,"89,26,23"
10226,"130,128,40"
10227,"118,23,74"
10228,"187,3,21"
10229,"82,23,38"
10230,"182,21,3"
10231,"6,5,3"
10232,"244,40,135"
10233,"267,111,3"
10234,"271,456,0"
10235,"448,64,10"
10236,"220,221,10"
10237,"138,135,40"
10238,"456,271,0"
10239,"160,196,40"
10240,"42,41,40"
10241,"264,23,38"
10242,"355,271,0"
10243,"199,169,170"
10244,"340,265,0"
10245,"300,169,296"
10246,"145,10,40"
10247,"176,3,4"
10248,"436,169,170"
10249,"331,3,5"
10250,"206,8,0"
10251,"175,128,40"
10252,"458,277,0"
10253,"308,8,0"
10254,"448,64,10"
10255,"337,169,170"
10256,"350,26,23"
10257,"469,288,0"
10258,"511,313,0"
10259,"391,8,0"
10260,"87,23,38"
10261,"187,3,21"
10262,"524,145,40"
10263,"326,105,23"
10264,"85,3,21"
10265,"149,40,41"
10266,"53,3,23"
10267,"340,265,0"
10268,"239,60,10"
10269,"199,169,170"
10270,"15,53,3"
10271,"32,23,31"
10272,"201,41,40"
10273,"21,3,30"
10274,"188,3,4"
10275,"185,184,40"
10276,"501,313,0"
10277,"21,3,40"
10278,"15,3,34"
10279,"90,64,10"
10280,"406,131,40"
10281,"181,40,145"
10282,"21,33,3"
10283,"297,265,0"
10284,"264,23,38"
10285,"33,21,3"
10286,"510,220,10"
10287,"61,60,10"
10288,"43,24,23"
10289,"199,311,169"
10290,"40,128,145"
10291,"21,3,34"
10292,"43,24,23"
10293,"437,40,145"
10294,"220,10,23"
10295,"283,74,23"
10296,"3,311,169"
10297,"10,145,40"
10298,"145,10,40"
10299,"138,135,40"
10300,"308,8,0"
10301,"429,271,0"
10302,"139,40,128"
10303,"187,3,21"
10304,"21,3,126"
10305,"488,265,0"
10306,"21,3,17"
10307,"48,21,3"
10308,"145,146,40"
10309,"273,0,265"
10310,"99,3,53"
10311,"225,3,120"
10312,"201,41,40"
10313,"402,145,40"
10314,"386,135,40"
10315,"21,187,3"
10316,"508,169,426"
10317,"108,3,21"
10318,"340,265,0"
10319,"170,169,199"
10320,"129,40,128"
10321,"254,216,0"
10322,"18,17,3"
10323,"510,220,10"
10324,"514,8,0"
10325,"126,21,3"
10326,"49,24,23"
10327,"181,145,40"
10328,"21,3,169"
10329,"183,4,3"
10330,"485,313,0"
10331,"48,21,3"
10332,"195,128,40"
10333,"76,23,3"
10334,"43,24,23"
10335,"3,21,169"
10336,"380,216,0"
10337,"469,288,0"
10338,"199,343,169"
10339,"332,53,3"
10340,"258,31,23"
10341,"3,169,311"
10342,"216,0,218"
10343,"146,40,145"
10344,"137,38,23"
10345,"25,23,24"
10346,"8,23,0"
10347,"351,0,218"
10348,"77,31,23"
10349,"96,31,23"
10350,"127,21,3"
10351,"448,64,10"
10352,"33,21,3"
10353,"181,145,40"
10354,"348,255,0"
10355,"460,296,169"
10356,"191,41,40"
10357,"356,199,169"
10358,"118,74,23"
10359,"187,3,21"
10360,"437,145,40"
10361,"404,111,3"
10362,"11,10,40"
10363,"148,3,147"
10364,"27,26,23"
10365,"199,169,170"
10366,"83,54,10"
10367,"351,0,218"
10368,"300,169,296"
10369,"145,10,40"
10370,"497,0,288"
10371,"24,23,38"
10372,"354,216,0"
10373,"267,111,3"
10374,"96,31,23"
10375,"175,40,128"
10376,"309,23,38"
10377,"237,34,3"
10378,"169,199,170"
10379,"368,40,184"
10380,"205,11,10"
10381,"311,169,199"
10382,"340,265,0"
10383,"402,145,40"
10384,"40,134,131"
10385,"402,145,40"
10386,"188,3,4"
10387,"385,3,5"
10388,"489,60,10"
10389,"264,23,38"
10390,"457,0,218"
10391,"80,64,10"
10392,"319,211,0"
10393,"4,238,3"
10394,"20,3,13"
10395,"48,21,3"
10396,"4,7,3"
10397,"245,31,23"
10398,"341,265,0"
10399,"241,131,40"
10400,"240,23,38"
10401,"21,3,10"
10402,"134,40,131"
10403,"199,169,170"
10404,"145,10,40"
10405,"95,54,10"
10406,"68,3,53"
10407,"148,3,147"
10408,"169,199,170"
10409,"96,31,23"
10410,"290,31,23"
10411,"126,3,21"
10412,"327,8,0"
10413,"103,23,38"
10414,"115,3,21"
10415,"40,128,145"
10416,"40,76,23"
10417,"238,3,4"
10418,"340,265,0"
10419,"12,10,11"
10420,"460,296,169"
10421,"448,64,10"
10422,"93,10,64"
10423,"93,64,10"
10424,"123,111,3"
10425,"303,74,23"
10426,"43,24,23"
10427,"187,3,21"
10428,"169,170,337"
10429,"402,145,40"
10430,"138,135,40"
10431,"314,0,313"
10432,"402,145,40"
10433,"32,31,23"
10434,"3,15,17"
10435,"376,265,0"
10436,"19,4,3"
10437,"282,111,3"
10438,"21,126,3"
10439,"134,131,40"
10440,"275,3,111"
10441,"169,311,170"
10442,"3,21,10"
10443,"264,23,38"
10444,"278,277,0"
10445,"241,131,40"
10446,"126,21,3"
10447,"160,247,40"
10448,"170,169,199"
10449,"199,169,170"
10450,"145,40,10"
10451,"42,41,40"
10452,"199,170,169"
10453,"4,407,3"
10454,"199,170,169"
10455,"181,40,145"
10456,"146,145,40"
10457,"206,8,0"
10458,"220,10,0"
10459,"376,265,0"
10460,"118,74,23"
10461,"12,10,11"
10462,"272,271,0"
10463,"19,4,3"
10464,"163,162,40"
10465,"326,105,23"
10466,"14,13,3"
10467,"2,0,1"
10468,"514,8,0"
10469,"475,0,218"
10470,"326,105,23"
10471,"87,23,38"
10472,"393,53,3"
10473,"19,4,3"
10474,"264,38,23"
10475,"250,40,135"
10476,"296,170,169"
10477,"393,53,3"
10478,"195,128,40"
10479,"315,160,40"
10480,"238,4,3"
10481,"159,40,131"
10482,"76,40,23"
10483,"96,31,23"
10484,"220,10,40"
10485,"242,10,220"
10486,"169,170,199"
10487,"431,40,135"
10488,"42,41,40"
10489,"306,296,169"
10490,"21,3,40"
10491,"199,169,3"
10492,"303,74,23"
10493,"134,40,131"
10494,"170,169,199"
10495,"18,3,17"
10496,"12,10,11"
10497,"36,35,3"
10498,"374,199,169"
10499,"2,1,0"
10500,"370,216,0"
10501,"93,64,10"
10502,"334,160,40"
10503,"421,229,0"
10504,"175,128,40"
10505,"500,3,21"
10506,"455,271,0"
10507,"21,124,3"
10508,"337,169,426"
10509,"448,64,10"
10510,"40,145,10"
10511,"406,131,40"
10512,"240,23,38"
10513,"118,23,74"
10514,"43,24,23"
10515,"142,131,40"
10516,"206,8,0"
10517,"12,11,10"
10518,"21,108,3"
10519,"88,23,38"
10520,"93,64,10"
10521,"54,64,10"
10522,"149,40,41"
10523,"428,296,169"
10524,"3,21,147"
10525,"334,160,40"
10526,"145,10,40"
10527,"448,64,10"
10528,"396,40,395"
10529,"220,10,0"
10530,"391,8,0"
10531,"356,199,169"
10532,"145,10,40"
10533,"187,3,21"
10534,"346,313,0"
10535,"3,15,17"
10536,"240,23,38"
10537,"21,3,169"
10538,"137,38,23"
10539,"160,315,40"
10540,"97,3,5"
10541,"93,64,10"
10542,"199,169,170"
10543,"334,160,40"
10544,"428,296,169"
10545,"89,26,23"
10546,"176,3,4"
10547,"11,10,40"
10548,"32,23,31"
10549,"291,271,0"
10550,"32,31,23"
10551,"402,145,40"
10552,"311,170,169"
10553,"452,296,169"
10554,"224,41,40"
10555,"448,64,10"
10556,"241,40,131"
10557,"49,24,23"
10558,"76,40,23"
10559,"40,134,131"
10560,"457,0,218"
10561,"23,38,24"
10562,"181,40,145"
10563,"264,23,38"
10564,"264,23,38"
10565,"182,21,3"
10566,"96,31,23"
10567,"24,23,38"
10568,"32,23,31"
10569,"97,5,3"
10570,"182,21,3"
10571,"386,40,135"
10572,"457,0,218"
10573,"100,40,128"
10574,"90,10,64"
10575,"322,54,10"
10576,"271,456,0"
10577,"240,23,38"
10578,"187,21,3"
10579,"478,145,40"
10580,"220,10,23"
10581,"304,216,0"
10582,"170,169,3"
10583,"475,218,0"
10584,"199,170,169"
10585,"265,340,0"
10586,"394,255,0"
10587,"134,40,131"
10588,"11,10,40"
10589,"63,23,38"
10590,"68,3,53"
10591,"260,170,169"
10592,"264,23,38"
10593,"50,3,23"
10594,"241,131,40"
10595,"250,40,135"
10596,"264,23,38"
10597,"340,265,0"
10598,"430,53,3"
10599,"493,145,40"
10600,"216,304,0"
10601,"17,58,3"
10602,"10,60,3"
10603,"128,40,23"
10604,"411,296,169"
10605,"70,3,4"
10606,"448,64,10"
10607,"123,111,3"
10608,"148,3,147"
10609,"332,3,53"
10610,"170,199,169"
10611,"187,21,3"
10612,"93,64,10"
10613,"169,199,170"
10614,"21,3,40"
10615,"66,3,30"
10616,"3,4,23"
10617,"322,54,10"
10618,"21,3,40"
10619,"338,64,10"
10620,"21,3,169"
10621,"128,129,40"
10622,"343,169,199"
10623,"137,23,38"
10624,"129,128,40"
10625,"89,26,23"
10626,"454,31,23"
10627,"438,265,0"
10628,"62,24,23"
10629,"228,5,3"
10630,"187,21,3"
10631,"350,26,23"
10632,"220,10,40"
10633,"205,11,10"
10634,"448,64,10"
10635,"199,170,169"
10636,"204,3,13"
10637,"36,35,3"
10638,"126,3,21"
10639,"224,41,40"
10640,"308,8,0"
10641,"340,265,0"
10642,"230,229,0"
10643,"310,28,3"
10644,"43,24,23"
10645,"264,23,38"
10646,"160,169,40"
10647,"434,0,1"
10648,"82,23,38"
10649,"393,53,3"
10650,"145,10,40"
10651,"264,23,38"
10652,"382,199,169"
10653,"21,182,3"
10654,"129,40,128"
10655,"376,0,265"
10656,"40,76,23"
10657,"434,0,1"
10658,"231,26,23"
10659,"27,26,23"
10660,"16,15,3"
10661,"139,40,3"
10662,"181,145,40"
10663,"25,24,23"
10664,"417,169,296"
10665,"456,271,0"
10666,"324,40,41"
10667,"156,3,147"
10668,"438,0,265"
10669,"340,265,0"
10670,"221,220,10"
10671,"216,271,0"
10672,"195,40,128"
10673,"306,169,296"
10674,"346,313,0"
10675,"3,21,169"
10676,"336,296,169"
10677,"457,0,218"
10678,"49,24,23"
10679,"96,31,23"
10680,"199,170,169"
10681,"3,15,17"
10682,"48,21,3"
10683,"226,40,131"
10684,"189,40,135"
10685,"21,3,34"
10686,"271,456,0"
10687,"508,169,426"
10688,"107,23,38"
10689,"494,184,40"
10690,"431,135,40"
10691,"199,169,311"
10692,"219,3,30"
10693,"160,315,40"
10694,"273,265,0"
10695,"396,40,395"
10696,"228,5,3"
10697,"300,296,169"
10698,"3,52,51"
10699,"360,271,0"
10700,"90,64,10"
10701,"493,145,40"
10702,"21,3,40"
10703,"448,64,10"
10704,"488,265,0"
10705,"91,23,38"
10706,"412,3,111"
10707,"435,3,4"
10708,"48,3,21"
10709,"187,21,3"
10710,"182,3,21"
10711,"235,8,0"
10712,"181,40,145"
10713,"96,31,23"
10714,"93,64,10"
10715,"399,265,0"
10716,"93,64,10"
10717,"43,24,23"
10718,"366,271,0"
10719,"96,31,23"
10720,"170,169,199"
10721,"437,145,40"
10722,"300,296,169"
10723,"7,4,3"
10724,"112,111,3"
10725,"49,24,23"
10726,"221,220,10"
10727,"170,169,3"
10728,"145,10,40"
10729,"273,265,0"
10730,"199,169,170"
10731,"43,24,23"
10732,"340,265,0"
10733,"168,17,3"
10734,"21,3,30"
10735,"409,265,0"
10736,"242,10,220"
10737,"3,433,4"
10738,"115,21,3"
10739,"180,3,120"
10740,"187,21,3"
10741,"460,169,296"
10742,"11,10,40"
10743,"277,1,0"
10744,"241,40,131"
10745,"436,169,170"
10746,"463,255,0"
10747,"145,10,40"
10748,"473,64,10"
10749,"97,5,3"
10750,"168,17,3"
10751,"54,322,10"
10752,"431,135,40"
10753,"220,11,10"
10754,"193,40,131"
10755,"264,23,38"
10756,"319,211,0"
10757,"145,10,40"
10758,"238,4,3"
10759,"308,8,0"
10760,"18,17,3"
10761,"107,23,38"
10762,"48,21,3"
10763,"187,3,21"
10764,"129,128,40"
10765,"4,407,3"
10766,"340,265,0"
10767,"447,3,34"
10768,"483,1,0"
10769,"66,3,30"
10770,"43,24,23"
10771,"281,199,169"
10772,"149,40,41"
10773,"281,199,169"
10774,"109,11,10"
10775,"139,153,40"
10776,"187,3,21"
10777,"220,10,23"
10778,"42,40,41"
10779,"276,265,0"
10780,"435,4,3"
10781,"220,10,40"
10782,"257,216,0"
10783,"187,3,21"
10784,"305,3,21"
10785,"267,3,111"
10786,"21,3,40"
10787,"376,0,265"
10788,"199,169,170"
10789,"498,288,0"
10790,"340,265,0"
10791,"43,24,23"
10792,"214,213,0"
10793,"15,85,3"
10794,"243,184,40"
10795,"324,40,41"
10796,"4,238,3"
10797,"334,160,40"
10798,"21,3,169"
10799,"181,40,145"
10800,"221,10,220"
10801,"283,74,23"
10802,"247,160,40"
10803,"137,38,23"
10804,"0,277,1"
10805,"448,64,10"
10806,"62,23,24"
10807,"21,3,169"
10808,"54,10,64"
10809,"457,0,218"
10810,"138,135,40"
10811,"3,311,169"
10812,"239,60,10"
10813,"229,3,0"
10814,"122,3,13"
10815,"199,169,23"
10816,"145,10,40"
10817,"231,26,23"
10818,"231,26,23"
10819,"93,64,10"
10820,"214,213,0"
10821,"30,66,3"
10822,"220,10,23"
10823,"282,3,111"
10824,"473,64,10"
10825,"242,10,220"
10826,"498,0,288"
10827,"493,145,40"
10828,"270,8,0"
10829,"334,160,40"
10830,"205,11,10"
10831,"382,169,199"
10832,"354,216,0"
10833,"187,21,3"
10834,"262,105,23"
10835,"497,0,288"
10836,"80,64,10"
10837,"91,23,38"
10838,"21,187,3"
10839,"444,0,271"
10840,"76,40,23"
10841,"247,160,40"
10842,"422,216,0"
10843,"458,0,277"
10844,"380,216,0"
10845,"115,21,3"
10846,"337,339,169"
10847,"182,21,3"
10848,"89,26,23"
10849,"385,3,5"
10850,"93,64,10"
10851,"257,216,0"
10852,"264,23,38"
10853,"118,23,74"
10854,"3,15,17"
10855,"231,26,23"
10856,"162,40,145"
10857,"348,0,255"
10858,"25,24,23"
10859,"62,24,23"
10860,"353,271,0"
10861,"62,23,24"
10862,"187,21,3"
10863,"220,221,10"
10864,"161,111,3"
10865,"457,218,0"
10866,"454,31,23"
10867,"242,220,10"
10868,"205,11,10"
10869,"12,10,11"
10870,"21,102,3"
10871,"220,10,23"
10872,"482,288,0"
10873,"244,40,135"
10874,"510,10,220"
10875,"366,271,0"
10876,"463,255,0"
10877,"382,199,169"
10878,"395,40,23"
10879,"118,23,74"
10880,"206,8,0"
10881,"92,60,10"
10882,"3,21,169"
10883,"452,296,169"
10884,"328,31,23"
10885,"175,40,128"
10886,"326,105,23"
10887,"80,64,10"
10888,"64,338,10"
10889,"54,10,40"
10890,"275,3,111"
10891,"40,128,145"
10892,"356,169,199"
10893,"16,15,3"
10894,"515,265,0"
10895,"19,4,3"
10896,"97,5,3"
10897,"115,21,3"
10898,"32,31,23"
10899,"83,54,10"
10900,"52,51,3"
10901,"21,108,3"
10902,"124,21,3"
10903,"42,40,41"
10904,"241,131,40"
10905,"109,11,10"
10906,"53,30,3"
10907,"431,135,40"
10908,"460,296,169"
10909,"138,135,40"
10910,"51,52,3"
10911,"199,170,169"
10912,"448,64,10"
10913,"231,26,23"
10914,"40,128,145"
10915,"145,10,40"
10916,"344,265,0"
10917,"340,265,0"
10918,"457,0,218"
10919,"19,4,3"
10920,"4,188,3"
10921,"335,64,10"
10922,"129,128,40"
10923,"65,64,10"
10924,"8,410,0"
10925,"250,40,135"
10926,"206,8,0"
10927,"411,296,169"
10928,"447,3,34"
10929,"42,40,41"
10930,"3,126,21"
10931,"93,64,10"
10932,"54,10,40"
10933,"276,265,0"
10934,"318,105,23"
10935,"322,54,10"
10936,"350,26,23"
10937,"438,0,265"
10938,"102,21,3"
10939,"230,229,0"
10940,"169,199,170"
10941,"21,3,40"
10942,"308,8,0"
10943,"49,24,23"
10944,"435,4,3"
10945,"21,102,3"
10946,"376,265,0"
10947,"138,135,40"
10948,"80,64,10"
10949,"340,265,0"
10950,"206,8,0"
10951,"229,3,0"
10952,"177,30,3"
10953,"430,53,3"
10954,"402,145,40"
10955,"63,23,38"
10956,"326,105,23"
10957,"331,3,5"
10958,"33,3,21"
10959,"49,24,23"
10960,"337,0,169"
10961,"30,3,21"
10962,"374,169,199"
10963,"264,23,38"
10964,"43,24,23"
10965,"43,24,23"
10966,"186,40,128"
10967,"199,356,169"
10968,"187,21,3"
10969,"508,169,426"
10970,"290,23,31"
10971,"409,265,0"
10972,"127,21,3"
10973,"138,135,40"
10974,"96,31,23"
10975,"3,337,169"
10976,"43,24,23"
10977,"85,21,3"
10978,"187,21,3"
10979,"216,249,0"
10980,"189,135,40"
10981,"16,15,3"
10982,"187,21,3"
10983,"437,145,40"
10984,"181,40,145"
10985,"139,169,40"
10986,"355,271,0"
10987,"128,129,40"
10988,"182,21,3"
10989,"220,10,23"
10990,"354,216,0"
10991,"195,128,40"
10992,"128,40,0"
10993,"68,3,53"
10994,"17,18,3"
10995,"115,21,3"
10996,"286,41,40"
10997,"414,60,10"
10998,"40,134,131"
10999,"108,21,3"
11000,"411,296,169"
11001,"170,169,199"
11002,"142,131,40"
11003,"308,8,0"
11004,"149,40,41"
11005,"3,238,4"
11006,"10,145,40"
11007,"163,162,40"
11008,"308,8,0"
11009,"448,64,10"
11010,"239,60,10"
11011,"220,10,23"
11012,"498,0,288"
11013,"40,134,131"
11014,"370,216,0"
11015,"496,395,40"
11016,"199,169,0"
11017,"63,23,38"
11018,"54,10,40"
11019,"508,169,426"
11020,"324,40,41"
11021,"391,8,0"
11022,"54,10,40"
11023,"145,40,10"
11024,"281,199,169"
11025,"43,24,23"
11026,"129,128,40"
11027,"333,296,169"
11028,"523,53,3"
11029,"181,145,40"
11030,"406,131,40"
11031,"170,169,199"
11032,"96,31,23"
11033,"497,288,0"
11034,"213,271,0"
11035,"92,60,10"
11036,"3,435,4"
11037,"264,23,38"
11038,"440,23,38"
11039,"118,23,74"
11040,"286,40,41"
11041,"170,169,199"
11042,"42,41,40"
11043,"349,265,0"
11044,"355,271,0"
11045,"314,0,313"
11046,"178,3,30"
11047,"420,296,169"
11048,"199,311,169"
11049,"1,249,0"
11050,"199,170,169"
11051,"296,452,169"
11052,"126,3,21"
11053,"326,105,23"
11054,"118,23,74"
11055,"49,24,23"
11056,"40,486,131"
11057,"80,64,10"
11058,"93,64,10"
11059,"96,31,23"
11060,"170,169,10"
11061,"370,216,0"
11062,"263,34,3"
11063,"496,40,395"
11064,"129,40,128"
11065,"448,64,10"
11066,"397,313,0"
11067,"264,23,38"
11068,"473,64,10"
11069,"8,308,0"
11070,"43,24,23"
11071,"199,170,169"
11072,"3,108,21"
11073,"326,105,23"
11074,"48,3,21"
11075,"170,199,169"
11076,"129,128,40"
11077,"187,21,3"
11078,"181,40,145"
11079,"65,64,10"
11080,"252,213,0"
11081,"130,128,40"
11082,"168,17,3"
11083,"3,66,30"
11084,"145,10,40"
11085,"49,24,23"
11086,"199,169,23"
11087,"524,145,40"
11088,"109,11,10"
11089,"199,0,169"
11090,"402,145,40"
11091,"518,3,28"
11092,"50,3,23"
11093,"206,8,0"
11094,"350,26,23"
11095,"329,169,170"
11096,"27,26,23"
11097,"63,23,38"
11098,"82,23,38"
11099,"368,40,184"
11100,"54,40,10"
11101,"241,131,40"
11102,"193,131,40"
11103,"191,41,40"
11104,"4,3,51"
11105,"270,8,0"
11106,"54,10,40"
11107,"202,3,111"
11108,"348,255,0"
11109,"40,226,131"
11110,"264,23,38"
11111,"448,64,10"
11112,"182,21,3"
11113,"76,40,23"
11114,"311,170,169"
11115,"345,24,23"
11116,"369,0,208"
11117,"220,10,23"
11118,"90,64,10"
11119,"315,160,40"
11120,"96,31,23"
11121,"66,30,3"
11122,"351,218,0"
11123,"40,128,145"
11124,"238,4,3"
11125,"301,21,3"
11126,"406,131,40"
11127,"32,23,31"
11128,"482,288,0"
11129,"346,313,0"
11130,"61,60,10"
11131,"142,131,40"
11132,"243,184,40"
11133,"366,271,0"
11134,"118,23,74"
11135,"270,8,0"
11136,"455,271,0"
11137,"483,1,0"
11138,"347,0,255"
11139,"168,17,3"
11140,"160,315,40"
11141,"484,0,255"
11142,"273,265,0"
11143,"160,40,3"
11144,"406,40,131"
11145,"326,105,23"
11146,"121,3,120"
11147,"231,26,23"
11148,"160,41,40"
11149,"118,23,74"
11150,"231,26,23"
11151,"123,111,3"
11152,"43,24,23"
11153,"93,64,10"
11154,"40,145,128"
11155,"175,128,40"
11156,"134,40,131"
11157,"181,145,40"
11158,"340,265,0"
11159,"170,199,169"
11160,"129,40,128"
11161,"220,10,23"
11162,"454,31,23"
11163,"115,21,3"
11164,"102,21,3"
11165,"43,24,23"
11166,"394,255,0"
11167,"402,145,40"
11168,"220,10,23"
11169,"493,145,40"
11170,"64,448,10"
11171,"57,5,3"
11172,"366,271,0"
11173,"163,162,40"
11174,"106,105,23"
11175,"199,169,0"
11176,"299,3,51"
11177,"33,21,3"
11178,"40,160,151"
11179,"195,128,40"
11180,"457,0,218"
11181,"187,21,3"
11182,"494,40,184"
11183,"49,23,24"
11184,"343,199,169"
11185,"249,0,23"
11186,"182,3,21"
11187,"489,60,10"
11188,"122,3,13"
11189,"206,8,0"
11190,"402,145,40"
11191,"103,23,38"
11192,"285,8,0"
11193,"474,3,111"
11194,"435,3,4"
11195,"63,23,38"
11196,"109,11,10"
11197,"170,169,23"
11198,"508,169,426"
11199,"199,169,23"
11200,"93,64,10"
11201,"309,38,23"
11202,"206,8,0"
11203,"348,255,0"
11204,"286,41,40"
11205,"93,64,10"
11206,"175,40,128"
11207,"21,33,3"
11208,"334,160,40"
11209,"282,3,111"
11210,"43,24,23"
11211,"497,288,0"
11212,"387,0,218"
11213,"187,3,21"
11214,"226,131,40"
11215,"80,64,10"
11216,"343,199,169"
11217,"11,10,40"
11218,"460,169,296"
11219,"187,21,3"
11220,"24,23,38"
11221,"89,26,23"
11222,"49,24,23"
11223,"271,265,0"
11224,"40,208,0"
11225,"431,40,135"
11226,"242,220,10"
11227,"187,21,3"
11228,"15,3,53"
11229,"264,23,38"
11230,"2,0,1"
11231,"322,54,10"
11232,"529,265,0"
11233,"25,24,23"
11234,"206,8,0"
11235,"106,105,23"
11236,"47,24,23"
11237,"447,3,34"
11238,"17,3,40"
11239,"43,24,23"
11240,"122,3,13"
11241,"134,40,131"
11242,"309,23,38"
11243,"321,271,0"
11244,"64,338,10"
11245,"211,216,0"
11246,"30,3,28"
11247,"220,10,23"
11248,"48,21,3"
11249,"325,53,3"
11250,"337,169,199"
11251,"436,169,170"
11252,"455,271,0"
11253,"40,128,145"
11254,"328,31,23"
11255,"384,265,0"
11256,"11,109,10"
11257,"145,10,40"
11258,"16,15,3"
11259,"322,54,10"
11260,"448,64,10"
11261,"326,105,23"
11262,"329,170,169"
11263,"145,10,40"
11264,"225,3,120"
11265,"199,169,311"
11266,"139,40,162"
11267,"326,105,23"
11268,"494,40,184"
11269,"155,139,40"
11270,"340,265,0"
11271,"108,21,3"
11272,"369,208,0"
11273,"43,24,23"
11274,"308,8,0"
11275,"402,145,40"
11276,"146,145,40"
11277,"244,135,40"
11278,"456,271,0"
11279,"87,23,38"
11280,"339,337,169"
11281,"455,271,0"
11282,"264,23,38"
11283,"187,21,3"
11284,"211,216,0"
11285,"368,40,184"
11286,"145,10,40"
11287,"170,169,199"
11288,"397,313,0"
11289,"138,135,40"
11290,"145,10,40"
11291,"402,145,40"
11292,"188,3,4"
11293,"340,265,0"
11294,"32,23,31"
11295,"18,17,3"
11296,"448,64,10"
11297,"436,169,170"
11298,"311,169,0"
11299,"448,64,10"
11300,"24,38,23"
11301,"138,135,40"
11302,"187,21,3"
11303,"170,199,169"
11304,"239,60,10"
11305,"96,31,23"
11306,"287,53,3"
11307,"181,40,145"
11308,"137,38,23"
11309,"418,265,0"
11310,"325,53,3"
11311,"201,41,40"
11312,"340,265,0"
11313,"239,60,10"
11314,"138,135,40"
11315,"88,23,38"
11316,"21,85,3"
11317,"220,10,23"
11318,"199,170,169"
11319,"66,3,30"
11320,"19,4,3"
11321,"145,10,40"
11322,"304,216,0"
11323,"220,10,23"
11324,"181,40,145"
11325,"338,64,10"
11326,"397,0,313"
11327,"204,3,13"
11328,"145,40,10"
11329,"32,31,23"
11330,"296,420,169"
11331,"243,184,40"
11332,"32,23,31"
11333,"325,3,53"
11334,"170,169,199"
11335,"220,10,23"
11336,"119,111,3"
11337,"509,0,218"
11338,"369,0,208"
11339,"43,24,23"
11340,"182,21,3"
11341,"376,265,0"
11342,"170,169,199"
11343,"326,105,23"
11344,"40,128,145"
11345,"93,10,64"
11346,"42,40,41"
11347,"368,40,184"
11348,"282,3,111"
11349,"260,169,170"
11350,"201,41,40"
11351,"435,3,4"
11352,"328,31,23"
11353,"93,64,10"
11354,"170,169,0"
11355,"369,0,208"
11356,"187,3,21"
11357,"260,169,170"
11358,"349,265,0"
11359,"21,187,3"
11360,"295,135,40"
11361,"239,60,10"
11362,"87,23,38"
11363,"3,168,17"
11364,"326,105,23"
11365,"48,3,21"
11366,"242,220,10"
11367,"238,4,3"
11368,"14,13,3"
11369,"275,3,111"
11370,"456,271,0"
11371,"76,40,23"
11372,"126,21,3"
11373,"55,54,10"
11374,"135,138,40"
11375,"363,271,0"
11376,"21,102,3"
11377,"326,105,23"
11378,"456,271,0"
11379,"326,105,23"
11380,"134,131,40"
11381,"18,17,3"
11382,"457,0,218"
11383,"514,8,0"
11384,"239,60,10"
11385,"49,23,24"
11386,"340,265,0"
11387,"21,102,3"
11388,"187,3,21"
11389,"85,3,50"
11390,"489,10,60"
11391,"68,3,53"
11392,"368,40,184"
11393,"175,128,40"
11394,"54,10,40"
11395,"220,10,0"
11396,"406,131,40"
11397,"231,26,23"
11398,"231,26,23"
11399,"199,169,0"
11400,"170,199,169"
11401,"409,265,0"
11402,"76,40,23"
11403,"206,8,0"
11404,"220,10,40"
11405,"84,23,74"
11406,"156,3,147"
11407,"8,391,0"
11408,"326,105,23"
11409,"57,5,3"
11410,"303,74,23"
11411,"138,135,40"
11412,"187,21,3"
11413,"108,21,3"
11414,"63,23,38"
11415,"453,208,0"
11416,"430,3,53"
11417,"404,111,3"
11418,"199,169,170"
11419,"376,0,265"
11420,"489,60,10"
11421,"306,296,169"
11422,"290,31,23"
11423,"235,8,0"
11424,"137,23,38"
11425,"455,0,271"
11426,"108,21,3"
11427,"129,128,40"
11428,"49,24,23"
11429,"434,0,1"
11430,"220,242,10"
11431,"128,129,40"
11432,"238,4,3"
11433,"10,145,40"
11434,"242,220,10"
11435,"444,0,271"
11436,"160,40,151"
11437,"77,31,23"
11438,"182,3,21"
11439,"40,76,23"
11440,"184,185,40"
11441,"145,10,40"
11442,"85,86,3"
11443,"523,53,3"
11444,"402,145,40"
11445,"160,315,40"
11446,"295,135,40"
11447,"315,160,40"
11448,"458,277,0"
11449,"325,53,3"
11450,"489,60,10"
11451,"129,40,128"
11452,"325,3,53"
11453,"369,0,208"
11454,"264,23,38"
11455,"21,3,169"
11456,"300,296,169"
11457,"220,10,23"
11458,"85,86,3"
11459,"145,10,40"
11460,"514,8,0"
11461,"438,0,265"
11462,"33,21,3"
11463,"220,10,23"
11464,"50,3,23"
11465,"156,3,147"
11466,"425,265,0"
11467,"21,3,30"
11468,"176,3,4"
11469,"242,10,220"
11470,"281,199,169"
11471,"136,40,135"
11472,"188,4,3"
11473,"145,10,40"
11474,"145,10,40"
11475,"21,3,53"
11476,"207,28,3"
11477,"456,271,0"
11478,"148,147,3"
11479,"524,145,40"
11480,"175,128,40"
11481,"145,10,40"
11482,"170,311,169"
11483,"402,145,40"
11484,"49,24,23"
11485,"340,265,0"
11486,"220,10,23"
11487,"143,34,3"
11488,"484,255,0"
11489,"325,3,53"
11490,"115,21,3"
11491,"226,40,131"
11492,"49,24,23"
11493,"170,169,199"
11494,"304,216,0"
11495,"354,216,0"
11496,"345,23,24"
11497,"202,3,111"
11498,"356,169,199"
11499,"96,31,23"
11500,"235,8,0"
11501,"148,3,147"
11502,"3,337,169"
11503,"350,26,23"
11504,"168,3,17"
11505,"334,160,40"
11506,"94,23,38"
11507,"6,5,3"
11508,"228,3,5"
11509,"356,169,199"
11510,"447,34,3"
11511,"11,10,40"
11512,"183,3,4"
11513,"187,3,21"
11514,"326,105,23"
11515,"460,296,169"
11516,"2,1,0"
11517,"187,21,3"
11518,"149,40,41"
11519,"170,169,199"
11520,"224,41,40"
11521,"151,160,40"
11522,"9,8,0"
11523,"137,38,23"
11524,"264,23,38"
11525,"170,169,199"
11526,"220,221,10"
11527,"93,64,10"
11528,"182,21,3"
11529,"436,169,170"
11530,"169,199,170"
11531,"33,3,21"
11532,"195,128,40"
11533,"4,7,3"
11534,"90,10,64"
11535,"3,379,21"
11536,"103,23,38"
11537,"264,23,38"
11538,"145,10,40"
11539,"11,10,40"
11540,"53,3,17"
11541,"264,23,38"
11542,"170,169,199"
11543,"93,10,64"
11544,"316,3,30"
11545,"80,64,10"
11546,"170,3,169"
11547,"30,316,3"
11548,"193,131,40"
11549,"139,40,128"
11550,"40,128,145"
11551,"478,145,40"
11552,"129,128,40"
11553,"138,135,40"
11554,"193,131,40"
11555,"91,23,38"
11556,"187,21,3"
11557,"448,64,10"
11558,"308,8,0"
11559,"170,311,169"
11560,"182,21,3"
11561,"220,10,23"
11562,"21,40,3"
11563,"384,265,0"
11564,"139,40,169"
11565,"40,160,3"
11566,"54,10,23"
11567,"129,40,128"
11568,"376,265,0"
11569,"497,0,288"
11570,"199,169,3"
11571,"49,24,23"
11572,"326,105,23"
11573,"107,23,38"
11574,"206,8,0"
11575,"205,11,10"
11576,"406,40,131"
11577,"448,64,10"
11578,"187,21,3"
11579,"33,21,3"
11580,"346,313,0"
11581,"353,0,271"
11582,"437,145,40"
11583,"176,3,4"
11584,"108,21,3"
11585,"316,3,30"
11586,"118,23,74"
11587,"22,3,21"
11588,"27,26,23"
11589,"41,3,40"
11590,"448,64,10"
11591,"315,160,40"
11592,"282,3,111"
11593,"370,216,0"
11594,"205,10,11"
11595,"187,3,21"
11596,"199,169,170"
11597,"242,10,220"
11598,"21,3,40"
11599,"239,60,10"
11600,"192,23,38"
11601,"329,169,170"
11602,"187,21,3"
11603,"240,38,23"
11604,"90,64,10"
11605,"276,265,0"
11606,"315,160,40"
11607,"60,3,10"
11608,"27,26,23"
11609,"96,31,23"
11610,"102,21,3"
11611,"181,145,40"
11612,"3,311,169"
11613,"93,64,10"
11614,"187,21,3"
11615,"511,313,0"
11616,"187,21,3"
11617,"241,131,40"
11618,"23,24,38"
11619,"40,145,10"
11620,"145,40,3"
11621,"199,170,169"
11622,"21,108,3"
11623,"241,131,40"
11624,"17,320,3"
11625,"340,265,0"
11626,"39,23,38"
11627,"327,8,0"
11628,"21,187,3"
11629,"170,169,296"
11630,"414,10,60"
11631,"264,23,38"
11632,"148,3,147"
11633,"220,221,10"
11634,"309,23,38"
11635,"197,10,60"
11636,"108,21,3"
11637,"145,10,40"
11638,"106,105,23"
11639,"382,199,169"
11640,"63,38,23"
11641,"93,64,10"
11642,"49,24,23"
11643,"240,23,38"
11644,"41,160,40"
11645,"54,10,40"
11646,"226,131,40"
11647,"90,64,10"
11648,"99,3,53"
11649,"159,40,131"
11650,"62,24,23"
11651,"21,3,169"
11652,"456,271,0"
11653,"319,211,0"
11654,"43,24,23"
11655,"11,10,40"
11656,"40,486,131"
11657,"187,3,21"
11658,"3,108,21"
11659,"381,357,0"
11660,"435,3,4"
11661,"145,40,10"
11662,"181,145,40"
11663,"220,10,40"
11664,"143,34,3"
11665,"447,3,34"
11666,"488,265,0"
11667,"138,135,40"
11668,"11,10,40"
11669,"278,277,0"
11670,"3,311,169"
11671,"137,23,38"
11672,"91,23,38"
11673,"404,111,3"
11674,"430,53,3"
11675,"508,169,426"
11676,"459,170,169"
11677,"343,199,169"
11678,"409,265,0"
11679,"27,23,26"
11680,"473,64,10"
11681,"43,24,23"
11682,"326,105,23"
11683,"181,40,145"
11684,"181,40,145"
11685,"187,21,3"
11686,"123,111,3"
11687,"340,265,0"
11688,"145,10,40"
11689,"21,3,34"
11690,"345,23,24"
11691,"418,0,265"
11692,"181,40,145"
11693,"4,407,3"
11694,"351,218,0"
11695,"57,5,3"
11696,"199,169,170"
11697,"254,216,0"
11698,"346,313,0"
11699,"126,3,21"
11700,"170,169,40"
11701,"523,3,53"
11702,"436,169,170"
11703,"55,54,10"
11704,"402,145,40"
11705,"21,3,40"
11706,"53,99,3"
11707,"18,17,3"
11708,"239,60,10"
11709,"211,216,0"
11710,"138,135,40"
11711,"238,4,3"
11712,"478,145,40"
11713,"460,296,169"
11714,"93,64,10"
11715,"129,128,40"
11716,"181,145,40"
11717,"356,199,169"
11718,"199,311,169"
11719,"457,0,218"
11720,"108,21,3"
11721,"483,1,0"
11722,"275,111,3"
11723,"145,10,40"
11724,"202,3,111"
11725,"122,13,3"
11726,"339,337,169"
11727,"11,10,40"
11728,"123,111,3"
11729,"25,24,23"
11730,"19,4,3"
11731,"444,271,0"
11732,"243,40,184"
11733,"40,3,160"
11734,"187,3,21"
11735,"258,31,23"
11736,"472,111,3"
11737,"94,23,38"
11738,"206,8,0"
11739,"145,10,40"
11740,"220,10,23"
11741,"41,3,40"
11742,"33,21,3"
11743,"169,170,311"
11744,"21,3,40"
11745,"157,3,120"
11746,"104,3,30"
11747,"503,105,23"
11748,"3,15,30"
11749,"281,169,199"
11750,"324,40,41"
11751,"199,170,169"
11752,"48,21,3"
11753,"12,10,11"
11754,"96,31,23"
11755,"43,24,23"
11756,"205,11,10"
11757,"96,31,23"
11758,"448,64,10"
11759,"169,170,199"
11760,"94,23,38"
11761,"141,135,40"
11762,"182,21,3"
11763,"267,3,111"
11764,"401,13,3"
11765,"3,311,169"
11766,"304,216,0"
11767,"21,3,301"
11768,"144,15,3"
11769,"199,169,23"
11770,"108,21,3"
11771,"21,3,34"
11772,"66,3,30"
11773,"337,339,169"
11774,"356,169,199"
11775,"241,131,40"
11776,"448,64,10"
11777,"182,21,3"
11778,"524,145,40"
11779,"11,10,40"
11780,"448,64,10"
11781,"170,169,40"
11782,"170,199,169"
11783,"49,24,23"
11784,"242,10,220"
11785,"145,10,40"
11786,"199,169,170"
11787,"435,4,3"
11788,"181,145,40"
11789,"226,40,131"
11790,"225,3,120"
11791,"129,128,40"
11792,"386,135,40"
11793,"62,24,23"
11794,"493,145,40"
11795,"129,128,40"
11796,"63,38,23"
11797,"10,145,40"
11798,"137,23,38"
11799,"237,34,3"
11800,"257,216,0"
11801,"126,3,21"
11802,"340,265,0"
11803,"3,238,4"
11804,"66,3,30"
11805,"34,3,21"
11806,"187,3,21"
11807,"175,128,40"
11808,"92,60,10"
11809,"444,0,271"
11810,"127,21,3"
11811,"402,145,40"
11812,"3,447,34"
11813,"332,3,53"
11814,"264,23,38"
11815,"185,184,40"
11816,"163,162,40"
11817,"19,4,3"
11818,"11,10,40"
11819,"199,169,170"
11820,"180,3,120"
11821,"494,184,40"
11822,"481,0,218"
11823,"220,10,0"
11824,"409,265,0"
11825,"66,3,30"
11826,"24,23,38"
11827,"457,0,218"
11828,"334,160,40"
11829,"10,60,3"
11830,"419,11,10"
11831,"282,111,3"
11832,"326,105,23"
11833,"3,15,17"
11834,"285,8,0"
11835,"288,271,0"
11836,"429,271,0"
11837,"456,271,0"
11838,"134,40,131"
11839,"21,3,169"
11840,"163,162,40"
11841,"375,4,3"
11842,"12,10,11"
11843,"484,0,255"
11844,"308,8,0"
11845,"43,24,23"
11846,"82,23,38"
11847,"340,265,0"
11848,"216,218,0"
11849,"145,10,40"
11850,"118,23,74"
11851,"346,313,0"
11852,"349,265,0"
11853,"213,0,23"
11854,"187,21,3"
11855,"326,105,23"
11856,"109,11,10"
11857,"80,64,10"
11858,"123,111,3"
11859,"290,31,23"
11860,"457,0,218"
11861,"241,131,40"
11862,"395,40,23"
11863,"326,105,23"
11864,"182,21,3"
11865,"149,40,41"
11866,"145,10,40"
11867,"431,135,40"
11868,"90,64,10"
11869,"18,17,3"
11870,"301,3,21"
11871,"145,10,40"
11872,"3,15,17"
11873,"264,23,38"
11874,"58,17,3"
11875,"349,265,0"
11876,"316,30,3"
11877,"15,16,3"
11878,"206,8,0"
11879,"160,315,40"
11880,"478,145,40"
11881,"304,0,216"
11882,"138,135,40"
11883,"170,199,169"
11884,"488,265,0"
11885,"271,0,218"
11886,"170,3,169"
11887,"8,0,208"
11888,"174,3,4"
11889,"21,3,108"
11890,"327,8,0"
11891,"242,220,10"
11892,"332,3,53"
11893,"333,296,169"
11894,"384,265,0"
11895,"230,229,0"
11896,"220,10,23"
11897,"220,10,23"
11898,"90,10,64"
11899,"168,17,3"
11900,"343,199,169"
11901,"187,21,3"
11902,"170,169,199"
11903,"508,169,426"
11904,"250,40,135"
11905,"205,11,10"
11906,"145,10,40"
11907,"448,64,10"
11908,"18,17,3"
11909,"138,135,40"
11910,"241,131,40"
11911,"325,3,53"
11912,"238,4,3"
11913,"430,53,3"
11914,"508,169,426"
11915,"404,111,3"
11916,"317,74,23"
11917,"93,64,10"
11918,"145,10,40"
11919,"448,64,10"
11920,"420,296,169"
11921,"21,3,34"
11922,"21,85,3"
11923,"63,38,23"
11924,"170,199,169"
11925,"14,13,3"
11926,"244,135,40"
11927,"103,23,38"
11928,"349,265,0"
11929,"3,301,21"
11930,"303,74,23"
11931,"318,105,23"
11932,"411,296,169"
11933,"279,249,0"
11934,"523,3,53"
11935,"127,3,21"
11936,"306,169,296"
11937,"431,135,40"
11938,"226,40,131"
11939,"51,3,40"
11940,"108,21,3"
11941,"243,184,40"
11942,"151,152,40"
11943,"76,40,23"
11944,"461,64,10"
11945,"11,10,40"
11946,"3,120,21"
11947,"311,169,3"
11948,"145,10,40"
11949,"141,135,40"
11950,"498,0,288"
11951,"54,10,40"
11952,"309,38,23"
11953,"220,10,23"
11954,"85,3,40"
11955,"366,271,0"
11956,"78,23,38"
11957,"93,10,64"
11958,"149,40,41"
11959,"301,3,21"
11960,"24,23,38"
11961,"311,3,169"
11962,"376,265,0"
11963,"230,229,0"
11964,"211,216,0"
11965,"33,21,3"
11966,"107,23,38"
11967,"111,21,3"
11968,"80,64,10"
11969,"524,145,40"
11970,"437,40,145"
11971,"461,64,10"
11972,"54,10,40"
11973,"369,208,0"
11974,"199,311,169"
11975,"334,160,40"
11976,"82,23,38"
11977,"170,337,169"
11978,"343,169,199"
11979,"43,24,23"
11980,"187,21,3"
11981,"175,128,40"
11982,"343,169,199"
11983,"271,0,1"
11984,"199,23,169"
11985,"187,21,3"
11986,"138,135,40"
11987,"397,313,0"
11988,"134,40,131"
11989,"206,8,0"
11990,"3,108,21"
11991,"340,265,0"
11992,"187,21,3"
11993,"85,3,40"
11994,"187,3,21"
11995,"27,26,23"
11996,"220,10,23"
11997,"40,159,131"
11998,"326,105,23"
11999,"21,169,3"
12000,"90,64,10"
12001,"83,54,10"
12002,"3,22,21"
12003,"146,40,145"
12004,"33,3,21"
12005,"137,23,38"
12006,"182,21,3"
12007,"170,3,169"
12008,"147,148,3"
12009,"121,120,3"
12010,"40,131,160"
12011,"82,23,38"
12012,"203,3,147"
12013,"500,21,3"
12014,"138,135,40"
12015,"488,265,0"
12016,"185,184,40"
12017,"3,17,15"
12018,"448,64,10"
12019,"3,15,17"
12020,"42,41,40"
12021,"96,31,23"
12022,"185,184,40"
12023,"337,311,169"
12024,"21,108,3"
12025,"19,4,3"
12026,"318,105,23"
12027,"145,40,23"
12028,"417,169,296"
12029,"258,31,23"
12030,"118,23,74"
12031,"21,40,3"
12032,"187,21,3"
12033,"142,40,131"
12034,"381,357,0"
12035,"187,21,3"
12036,"514,8,0"
12037,"55,54,10"
12038,"81,30,3"
12039,"182,3,21"
12040,"6,5,3"
12041,"309,23,38"
12042,"213,271,0"
12043,"232,23,38"
12044,"355,271,0"
12045,"82,23,38"
12046,"195,128,40"
12047,"199,169,170"
12048,"54,83,10"
12049,"448,64,10"
12050,"170,169,199"
12051,"488,265,0"
12052,"181,145,40"
12053,"115,21,3"
12054,"187,3,21"
12055,"103,23,38"
12056,"170,169,199"
12057,"192,23,38"
12058,"287,53,3"
12059,"41,3,40"
12060,"83,54,10"
12061,"40,486,131"
12062,"187,21,3"
12063,"193,40,131"
12064,"320,3,17"
12065,"90,64,10"
12066,"145,10,40"
12067,"32,31,23"
12068,"518,3,28"
12069,"11,10,3"
12070,"370,0,216"
12071,"304,216,0"
12072,"40,149,41"
12073,"54,10,40"
12074,"448,64,10"
12075,"168,17,3"
12076,"418,0,265"
12077,"11,10,40"
12078,"447,3,34"
12079,"131,132,40"
12080,"96,31,23"
12081,"93,64,10"
12082,"402,145,40"
12083,"11,10,60"
12084,"40,128,145"
12085,"283,74,23"
12086,"54,64,10"
12087,"90,10,64"
12088,"427,426,169"
12089,"170,169,40"
12090,"451,3,50"
12091,"159,40,131"
12092,"256,255,0"
12093,"220,10,23"
12094,"301,21,3"
12095,"43,24,23"
12096,"199,169,170"
12097,"410,8,0"
12098,"285,8,0"
12099,"27,26,23"
12100,"53,21,3"
12101,"49,24,23"
12102,"455,0,271"
12103,"102,21,3"
12104,"216,304,0"
12105,"448,64,10"
12106,"21,102,3"
12107,"311,170,169"
12108,"40,128,145"
12109,"318,105,23"
12110,"53,40,3"
12111,"93,64,10"
12112,"460,296,169"
12113,"115,3,21"
12114,"170,337,169"
12115,"181,145,40"
12116,"145,10,40"
12117,"366,0,271"
12118,"348,255,0"
12119,"93,64,10"
12120,"43,24,23"
12121,"2,1,0"
12122,"43,24,23"
12123,"2,1,0"
12124,"43,24,23"
12125,"8,265,0"
12126,"89,26,23"
12127,"209,208,0"
12128,"49,24,23"
12129,"34,21,3"
12130,"204,3,13"
12131,"241,40,131"
12132,"60,10,3"
12133,"40,21,3"
12134,"145,146,40"
12135,"23,24,38"
12136,"43,24,23"
12137,"82,23,38"
12138,"448,64,10"
12139,"311,3,169"
12140,"27,26,23"
12141,"326,105,23"
12142,"422,216,0"
12143,"264,23,38"
12144,"199,169,23"
12145,"187,3,21"
12146,"524,145,40"
12147,"448,64,10"
12148,"360,271,0"
12149,"220,221,10"
12150,"355,271,0"
12151,"43,24,23"
12152,"402,145,40"
12153,"43,24,23"
12154,"39,23,38"
12155,"181,40,145"
12156,"135,138,40"
12157,"145,10,40"
12158,"181,145,40"
12159,"315,160,40"
12160,"40,128,145"
12161,"170,169,199"
12162,"27,26,23"
12163,"220,10,23"
12164,"271,265,0"
12165,"243,184,40"
12166,"224,41,40"
12167,"138,135,40"
12168,"40,76,23"
12169,"32,31,23"
12170,"93,64,10"
12171,"224,41,40"
12172,"40,163,162"
12173,"181,40,145"
12174,"49,24,23"
12175,"118,23,74"
12176,"404,111,3"
12177,"447,34,3"
12178,"315,160,40"
12179,"50,3,23"
12180,"343,199,169"
12181,"515,265,0"
12182,"129,128,40"
12183,"244,40,135"
12184,"455,0,271"
12185,"501,313,0"
12186,"340,265,0"
12187,"500,21,3"
12188,"226,131,40"
12189,"216,249,0"
12190,"15,16,3"
12191,"27,26,23"
12192,"18,17,3"
12193,"250,40,135"
12194,"300,296,169"
12195,"82,23,38"
12196,"33,3,21"
12197,"89,26,23"
12198,"370,216,0"
12199,"241,40,131"
12200,"8,206,0"
12201,"207,28,3"
12202,"129,128,40"
12203,"493,145,40"
12204,"20,13,3"
12205,"182,21,3"
12206,"187,21,3"
12207,"16,15,3"
12208,"89,26,23"
12209,"366,271,0"
12210,"15,34,3"
12211,"145,10,40"
12212,"278,277,0"
12213,"324,40,41"
12214,"410,8,0"
12215,"17,3,320"
12216,"3,170,169"
12217,"311,169,296"
12218,"131,40,486"
12219,"16,15,3"
12220,"187,3,21"
12221,"2,1,0"
12222,"63,23,38"
12223,"456,271,0"
12224,"176,4,3"
12225,"350,26,23"
12226,"380,216,0"
12227,"97,5,3"
12228,"55,54,10"
12229,"224,41,40"
12230,"121,3,120"
12231,"66,3,30"
12232,"187,21,3"
12233,"460,296,169"
12234,"126,21,3"
12235,"10,60,3"
12236,"170,199,169"
12237,"187,21,3"
12238,"90,64,10"
12239,"316,3,30"
12240,"409,265,0"
12241,"3,15,17"
12242,"199,170,169"
12243,"18,17,3"
12244,"90,64,10"
12245,"91,38,23"
12246,"149,40,41"
12247,"362,271,0"
12248,"185,184,40"
12249,"455,0,271"
12250,"33,21,3"
12251,"340,265,0"
12252,"431,135,40"
12253,"267,111,3"
12254,"326,105,23"
12255,"348,255,0"
12256,"382,199,169"
12257,"494,184,40"
12258,"258,31,23"
12259,"337,169,0"
12260,"82,23,38"
12261,"137,38,23"
12262,"425,265,0"
12263,"386,135,40"
12264,"272,271,0"
12265,"484,0,255"
12266,"145,10,40"
12267,"21,154,3"
12268,"43,24,23"
12269,"54,83,10"
12270,"322,54,10"
12271,"431,135,40"
12272,"118,74,23"
12273,"349,265,0"
12274,"185,184,40"
12275,"62,24,23"
12276,"100,3,40"
12277,"43,24,23"
12278,"49,24,23"
12279,"33,21,3"
12280,"229,230,0"
12281,"160,334,40"
12282,"216,0,169"
12283,"42,41,40"
12284,"14,13,3"
12285,"2,0,1"
12286,"138,135,40"
12287,"502,145,40"
12288,"258,23,31"
12289,"54,10,40"
12290,"338,64,10"
12291,"375,3,4"
12292,"425,265,0"
12293,"40,226,131"
12294,"137,38,23"
12295,"486,131,40"
12296,"301,3,21"
12297,"32,31,23"
12298,"87,23,38"
12299,"181,145,40"
12300,"394,0,255"
12301,"448,64,10"
12302,"54,40,10"
12303,"186,128,40"
12304,"93,64,10"
12305,"387,0,218"
12306,"181,40,145"
12307,"24,23,38"
12308,"265,255,0"
12309,"405,8,0"
12310,"128,129,40"
12311,"42,40,41"
12312,"52,3,51"
12313,"228,5,3"
12314,"205,11,10"
12315,"40,226,131"
12316,"436,169,170"
12317,"276,265,0"
12318,"12,11,10"
12319,"134,40,131"
12320,"41,3,40"
12321,"267,111,3"
12322,"89,26,23"
12323,"199,169,23"
12324,"203,147,3"
12325,"382,199,169"
12326,"195,128,40"
12327,"224,41,40"
12328,"21,17,3"
12329,"308,8,0"
12330,"135,295,40"
12331,"1,527,0"
12332,"138,135,40"
12333,"24,23,38"
12334,"90,10,64"
12335,"308,8,0"
12336,"20,3,13"
12337,"455,0,271"
12338,"383,208,0"
12339,"343,169,199"
12340,"3,115,21"
12341,"508,169,426"
12342,"108,21,3"
12343,"438,0,265"
12344,"17,3,34"
12345,"129,128,40"
12346,"187,21,3"
12347,"145,10,40"
12348,"3,105,23"
12349,"322,54,10"
12350,"209,208,0"
12351,"88,23,38"
12352,"66,3,30"
12353,"160,315,40"
12354,"11,10,40"
12355,"349,265,0"
12356,"206,8,0"
12357,"187,21,3"
12358,"345,23,24"
12359,"220,10,23"
12360,"169,170,199"
12361,"40,226,131"
12362,"182,3,21"
12363,"457,0,218"
12364,"382,199,169"
12365,"396,395,40"
12366,"148,3,147"
12367,"90,10,64"
12368,"204,3,13"
12369,"286,41,40"
12370,"181,40,145"
12371,"343,169,199"
12372,"187,21,3"
12373,"457,0,218"
12374,"40,128,145"
12375,"145,40,23"
12376,"435,4,3"
12377,"237,34,3"
12378,"220,510,10"
12379,"228,5,3"
12380,"340,265,0"
12381,"21,40,3"
12382,"360,271,0"
12383,"170,169,199"
12384,"306,296,169"
12385,"186,40,128"
12386,"54,322,10"
12387,"182,21,3"
12388,"244,135,40"
12389,"441,111,3"
12390,"402,145,40"
12391,"93,64,10"
12392,"337,339,169"
12393,"199,311,169"
12394,"128,40,0"
12395,"145,10,40"
12396,"12,10,11"
12397,"417,169,296"
12398,"205,10,11"
12399,"431,135,40"
12400,"137,23,38"
12401,"145,40,10"
12402,"186,40,128"
12403,"115,21,3"
12404,"264,23,38"
12405,"32,23,31"
12406,"137,23,38"
12407,"311,3,169"
12408,"233,3,51"
12409,"460,169,296"
12410,"224,41,40"
12411,"456,271,0"
12412,"402,145,40"
12413,"325,53,3"
12414,"145,40,10"
12415,"181,40,145"
12416,"115,21,3"
12417,"85,3,5"
12418,"315,160,40"
12419,"170,199,169"
12420,"211,216,0"
12421,"49,24,23"
12422,"63,23,38"
12423,"87,23,38"
12424,"264,23,38"
12425,"188,4,3"
12426,"454,31,23"
12427,"40,145,10"
12428,"115,21,3"
12429,"181,145,40"
12430,"317,74,23"
12431,"3,21,126"
12432,"220,10,23"
12433,"185,184,40"
12434,"2,1,0"
12435,"340,265,0"
12436,"91,23,38"
12437,"187,21,3"
12438,"149,41,40"
12439,"231,26,23"
12440,"21,40,3"
12441,"115,21,3"
12442,"199,170,169"
12443,"11,10,40"
12444,"66,3,30"
12445,"220,510,10"
12446,"126,3,21"
12447,"19,3,4"
12448,"145,10,40"
12449,"91,38,23"
12450,"183,4,3"
12451,"60,10,3"
12452,"205,11,10"
12453,"455,0,271"
12454,"220,10,23"
12455,"335,64,10"
12456,"406,40,131"
12457,"220,510,10"
12458,"447,3,34"
12459,"370,216,0"
12460,"199,170,169"
12461,"82,23,38"
12462,"195,128,40"
12463,"339,169,337"
12464,"21,127,3"
12465,"156,3,147"
12466,"340,265,0"
12467,"52,51,3"
12468,"85,86,3"
12469,"187,3,21"
12470,"352,271,0"
12471,"349,265,0"
12472,"343,199,169"
12473,"206,8,0"
12474,"353,271,0"
12475,"368,184,40"
12476,"118,23,74"
12477,"238,3,4"
12478,"376,0,265"
12479,"109,10,11"
12480,"43,24,23"
12481,"159,40,131"
12482,"130,128,40"
12483,"137,23,38"
12484,"21,3,40"
12485,"199,169,337"
12486,"456,271,0"
12487,"82,23,38"
12488,"195,128,40"
12489,"34,3,21"
12490,"91,23,38"
12491,"204,3,13"
12492,"138,135,40"
12493,"199,169,0"
12494,"181,40,145"
12495,"239,10,60"
12496,"326,105,23"
12497,"21,102,3"
12498,"10,145,40"
12499,"19,4,3"
12500,"448,64,10"
12501,"199,169,170"
12502,"457,0,218"
12503,"118,74,23"
12504,"311,3,169"
12505,"199,169,3"
12506,"24,23,38"
12507,"185,184,40"
12508,"325,3,53"
12509,"27,26,23"
12510,"276,265,0"
12511,"187,3,21"
12512,"523,53,3"
12513,"250,40,135"
12514,"128,129,40"
12515,"240,23,38"
12516,"21,40,3"
12517,"21,33,3"
12518,"436,169,170"
12519,"97,3,5"
12520,"90,64,10"
12521,"3,21,169"
12522,"211,0,216"
12523,"10,145,40"
12524,"54,55,10"
12525,"448,64,10"
12526,"491,265,0"
12527,"463,255,0"
12528,"315,160,40"
12529,"16,15,3"
12530,"249,23,0"
12531,"32,31,23"
12532,"49,24,23"
12533,"80,10,64"
12534,"3,148,147"
12535,"62,24,23"
12536,"205,11,10"
12537,"141,40,135"
12538,"182,21,3"
12539,"214,213,0"
12540,"128,40,23"
12541,"278,277,0"
12542,"11,10,40"
12543,"206,8,0"
12544,"264,23,38"
12545,"457,218,0"
12546,"54,10,40"
12547,"518,28,3"
12548,"447,3,34"
12549,"435,4,3"
12550,"137,23,38"
12551,"183,4,3"
12552,"49,24,23"
12553,"411,296,169"
12554,"42,40,41"
12555,"21,3,169"
12556,"343,169,199"
12557,"431,135,40"
12558,"264,23,38"
12559,"448,64,10"
12560,"456,271,0"
12561,"129,40,128"
12562,"32,31,23"
12563,"205,11,10"
12564,"49,24,23"
12565,"205,11,10"
12566,"431,135,40"
12567,"366,271,0"
12568,"438,0,265"
12569,"484,0,255"
12570,"237,34,3"
12571,"12,11,10"
12572,"187,3,21"
12573,"54,23,10"
12574,"118,23,74"
12575,"124,21,3"
12576,"87,23,38"
12577,"447,3,34"
12578,"340,265,0"
12579,"440,38,23"
12580,"145,10,40"
12581,"145,10,40"
12582,"30,85,3"
12583,"91,23,38"
12584,"148,3,147"
12585,"40,76,23"
12586,"128,40,145"
12587,"4,238,3"
12588,"30,66,3"
12589,"319,211,0"
12590,"127,21,3"
12591,"17,40,3"
12592,"27,26,23"
12593,"247,160,40"
12594,"175,40,128"
12595,"118,74,23"
12596,"406,40,131"
12597,"199,169,170"
12598,"325,53,3"
12599,"85,3,111"
12600,"187,21,3"
12601,"308,8,0"
12602,"49,24,23"
12603,"344,265,0"
12604,"48,21,3"
12605,"271,288,0"
12606,"90,64,10"
12607,"349,265,0"
12608,"340,265,0"
12609,"363,271,0"
12610,"322,54,10"
12611,"21,108,3"
12612,"350,26,23"
12613,"142,131,40"
12614,"523,3,53"
12615,"42,41,40"
12616,"376,265,0"
12617,"66,3,30"
12618,"2,1,0"
12619,"186,128,40"
12620,"331,5,3"
12621,"402,145,40"
12622,"264,38,23"
12623,"366,271,0"
12624,"414,10,60"
12625,"12,10,11"
12626,"96,31,23"
12627,"199,169,170"
12628,"21,3,169"
12629,"209,208,0"
12630,"42,41,40"
12631,"181,145,40"
12632,"521,0,208"
12633,"399,265,0"
12634,"447,34,3"
12635,"108,21,3"
12636,"217,3,120"
12637,"187,21,3"
12638,"471,208,0"
12639,"16,15,3"
12640,"354,216,0"
12641,"325,53,3"
12642,"417,169,296"
12643,"62,24,23"
12644,"430,53,3"
12645,"384,0,265"
12646,"195,128,40"
12647,"190,3,28"
12648,"93,64,10"
12649,"21,40,3"
12650,"457,0,218"
12651,"3,41,40"
12652,"322,54,10"
12653,"108,21,3"
12654,"499,296,169"
12655,"339,337,169"
12656,"349,265,0"
12657,"187,3,21"
12658,"397,313,0"
12659,"309,23,38"
12660,"402,145,40"
12661,"36,35,3"
12662,"146,145,40"
12663,"188,3,4"
12664,"406,131,40"
12665,"54,322,10"
12666,"97,3,5"
12667,"220,10,23"
12668,"139,40,128"
12669,"55,54,10"
12670,"272,271,0"
12671,"145,10,40"
12672,"18,17,3"
12673,"10,60,3"
12674,"59,23,24"
12675,"84,23,74"
12676,"102,21,3"
12677,"447,3,34"
12678,"93,64,10"
12679,"33,21,3"
12680,"134,40,131"
12681,"169,199,170"
12682,"488,265,0"
12683,"406,131,40"
12684,"349,265,0"
12685,"343,169,199"
12686,"199,169,170"
12687,"509,0,218"
12688,"89,26,23"
12689,"306,296,169"
12690,"199,170,169"
12691,"145,10,40"
12692,"435,4,3"
12693,"524,145,40"
12694,"436,169,170"
12695,"25,24,23"
12696,"115,21,3"
12697,"33,21,3"
12698,"308,8,0"
12699,"199,281,169"
12700,"201,41,40"
12701,"418,0,265"
12702,"267,111,3"
12703,"160,315,40"
12704,"348,255,0"
12705,"226,131,40"
12706,"480,255,0"
12707,"202,3,111"
12708,"456,271,0"
12709,"318,105,23"
12710,"93,64,10"
12711,"43,24,23"
12712,"62,24,23"
12713,"145,10,40"
12714,"100,40,128"
12715,"360,271,0"
12716,"494,40,184"
12717,"267,3,111"
12718,"170,3,169"
12719,"220,10,23"
12720,"160,40,41"
12721,"311,169,199"
12722,"127,3,21"
12723,"58,3,17"
12724,"40,160,151"
12725,"382,199,169"
12726,"264,23,38"
12727,"129,40,128"
12728,"87,23,38"
12729,"264,23,38"
12730,"318,105,23"
12731,"370,0,216"
12732,"2,0,1"
12733,"241,131,40"
12734,"187,3,21"
12735,"224,41,40"
12736,"24,23,38"
12737,"118,74,23"
12738,"350,26,23"
12739,"40,128,145"
12740,"3,435,4"
12741,"145,40,169"
12742,"271,429,0"
12743,"96,31,23"
12744,"139,40,3"
12745,"90,64,10"
12746,"40,160,151"
12747,"360,271,0"
12748,"418,265,0"
12749,"40,76,23"
12750,"422,216,0"
12751,"145,10,40"
12752,"363,271,0"
12753,"134,131,40"
12754,"27,26,23"
12755,"249,23,0"
12756,"43,24,23"
12757,"322,54,10"
12758,"170,3,169"
12759,"76,40,23"
12760,"340,265,0"
12761,"435,4,3"
12762,"18,17,3"
12763,"235,8,0"
12764,"199,0,169"
12765,"206,8,0"
12766,"181,40,145"
12767,"331,5,3"
12768,"493,145,40"
12769,"336,169,296"
12770,"382,169,199"
12771,"264,23,38"
12772,"453,208,0"
12773,"118,23,74"
12774,"523,3,53"
12775,"187,21,3"
12776,"242,220,10"
12777,"182,3,21"
12778,"43,24,23"
12779,"164,21,3"
12780,"369,208,0"
12781,"33,21,3"
12782,"93,64,10"
12783,"90,10,64"
12784,"15,16,3"
12785,"43,24,23"
12786,"36,3,35"
12787,"143,34,3"
12788,"27,26,23"
12789,"170,169,199"
12790,"170,169,0"
12791,"335,64,10"
12792,"457,0,218"
12793,"115,21,3"
12794,"435,4,3"
12795,"137,23,38"
12796,"49,24,23"
12797,"145,10,40"
12798,"199,169,170"
12799,"3,19,4"
12800,"328,31,23"
12801,"15,16,3"
12802,"182,3,21"
12803,"233,51,3"
12804,"181,145,40"
12805,"36,35,3"
12806,"522,271,0"
12807,"90,10,64"
12808,"447,3,34"
12809,"241,131,40"
12810,"513,277,0"
12811,"199,170,169"
12812,"93,64,10"
12813,"488,265,0"
12814,"448,64,10"
12815,"33,21,3"
12816,"506,13,3"
12817,"3,21,4"
12818,"170,169,199"
12819,"369,208,0"
12820,"170,169,199"
12821,"187,3,21"
12822,"457,0,218"
12823,"340,265,0"
12824,"417,169,296"
12825,"49,24,23"
12826,"226,40,131"
12827,"199,170,169"
12828,"199,169,170"
12829,"40,145,128"
12830,"448,64,10"
12831,"17,18,3"
12832,"12,10,11"
12833,"224,41,40"
12834,"190,3,28"
12835,"340,265,0"
12836,"93,64,10"
12837,"16,15,3"
12838,"316,30,3"
12839,"493,145,40"
12840,"3,311,169"
12841,"321,271,0"
12842,"165,23,74"
12843,"241,131,40"
12844,"108,3,21"
12845,"457,0,218"
12846,"129,128,40"
12847,"104,3,30"
12848,"330,3,28"
12849,"326,105,23"
12850,"128,195,40"
12851,"81,3,30"
12852,"375,4,3"
12853,"127,21,3"
12854,"145,10,40"
12855,"104,30,3"
12856,"12,10,11"
12857,"340,265,0"
12858,"21,3,0"
12859,"220,10,23"
12860,"386,135,40"
12861,"188,4,3"
12862,"15,3,51"
12863,"276,265,0"
12864,"21,3,169"
12865,"21,3,169"
12866,"220,10,23"
12867,"90,64,10"
12868,"21,115,3"
12869,"8,206,0"
12870,"168,17,3"
12871,"245,31,23"
12872,"187,21,3"
12873,"473,64,10"
12874,"309,23,38"
12875,"271,0,218"
12876,"10,145,40"
12877,"435,4,3"
12878,"242,220,10"
12879,"332,3,53"
12880,"206,8,0"
12881,"41,3,40"
12882,"300,296,169"
12883,"368,40,184"
12884,"229,0,218"
12885,"170,169,199"
12886,"144,15,3"
12887,"163,162,40"
12888,"187,3,21"
12889,"3,108,21"
12890,"89,26,23"
12891,"36,35,3"
12892,"381,357,0"
12893,"118,23,74"
12894,"27,26,23"
12895,"21,40,3"
12896,"231,23,26"
12897,"412,111,3"
12898,"391,8,0"
12899,"508,169,426"
12900,"163,162,40"
12901,"187,3,21"
12902,"187,3,21"
12903,"209,0,208"
12904,"441,111,3"
12905,"43,24,23"
12906,"402,145,40"
12907,"199,169,40"
12908,"40,226,131"
12909,"264,23,38"
12910,"202,3,111"
12911,"89,26,23"
12912,"263,34,3"
12913,"148,3,147"
12914,"43,24,23"
12915,"187,3,21"
12916,"43,24,23"
12917,"206,8,0"
12918,"118,23,74"
12919,"43,24,23"
12920,"32,23,31"
12921,"145,10,40"
12922,"15,3,169"
12923,"199,169,170"
12924,"138,135,40"
12925,"221,220,10"
12926,"62,23,24"
12927,"494,184,40"
12928,"451,3,50"
12929,"33,21,3"
12930,"25,24,23"
12931,"438,0,265"
12932,"206,8,0"
12933,"199,169,170"
12934,"30,3,28"
12935,"449,0,271"
12936,"250,40,135"
12937,"206,8,0"
12938,"3,15,17"
12939,"145,40,23"
12940,"271,255,0"
12941,"169,170,199"
12942,"353,271,0"
12943,"340,265,0"
12944,"90,10,64"
12945,"498,0,288"
12946,"93,64,10"
12947,"87,23,38"
12948,"182,21,3"
12949,"434,0,1"
12950,"19,4,3"
12951,"220,54,10"
12952,"201,41,40"
12953,"180,120,3"
12954,"493,145,40"
12955,"4,238,3"
12956,"170,169,199"
12957,"49,24,23"
12958,"130,128,40"
12959,"366,271,0"
12960,"118,23,74"
12961,"187,21,3"
12962,"256,255,0"
12963,"165,74,23"
12964,"89,26,23"
12965,"143,34,3"
12966,"43,24,23"
12967,"123,111,3"
12968,"152,151,40"
12969,"33,21,3"
12970,"309,23,38"
12971,"146,40,145"
12972,"62,24,23"
12973,"205,11,10"
12974,"232,23,38"
12975,"300,296,169"
12976,"409,265,0"
12977,"130,128,40"
12978,"21,3,10"
12979,"170,3,169"
12980,"40,128,145"
12981,"155,40,139"
12982,"165,23,74"
12983,"93,64,10"
12984,"170,169,40"
12985,"2,1,0"
12986,"163,162,40"
12987,"174,3,4"
12988,"49,24,23"
12989,"206,8,0"
12990,"170,199,169"
12991,"245,31,23"
12992,"264,38,23"
12993,"0,277,1"
12994,"205,10,11"
12995,"62,24,23"
12996,"21,187,3"
12997,"43,24,23"
12998,"54,10,40"
12999,"43,24,23"
13000,"21,3,40"
13001,"329,170,169"
13002,"447,3,34"
13003,"19,3,4"
13004,"43,24,23"
13005,"102,21,3"
13006,"335,64,10"
13007,"187,21,3"
13008,"415,265,0"
13009,"145,10,40"
13010,"368,184,40"
13011,"18,17,3"
13012,"54,10,40"
13013,"94,23,38"
13014,"503,23,105"
13015,"145,10,40"
13016,"27,26,23"
13017,"268,3,120"
13018,"19,3,4"
13019,"214,213,0"
13020,"54,10,23"
13021,"155,139,40"
13022,"311,169,0"
13023,"181,145,40"
13024,"455,271,0"
13025,"32,31,23"
13026,"187,21,3"
13027,"315,160,40"
13028,"181,40,145"
13029,"482,288,0"
13030,"438,0,265"
13031,"170,169,3"
13032,"63,23,38"
13033,"89,26,23"
13034,"38,23,24"
13035,"399,265,0"
13036,"336,169,296"
13037,"199,169,170"
13038,"414,60,10"
13039,"340,265,0"
13040,"66,3,30"
13041,"436,169,170"
13042,"220,10,23"
13043,"509,218,0"
13044,"48,21,3"
13045,"9,8,0"
13046,"68,3,53"
13047,"228,5,3"
13048,"33,21,3"
13049,"220,10,40"
13050,"21,3,169"
13051,"186,40,128"
13052,"419,11,10"
13053,"140,139,40"
13054,"145,10,40"
13055,"137,23,38"
13056,"108,21,3"
13057,"199,311,169"
13058,"395,40,23"
13059,"199,311,169"
13060,"508,169,426"
13061,"501,313,0"
13062,"193,131,40"
13063,"411,296,169"
13064,"402,145,40"
13065,"187,3,21"
13066,"279,249,0"
13067,"231,23,26"
13068,"3,238,4"
13069,"21,3,40"
13070,"455,271,0"
13071,"220,10,23"
13072,"326,105,23"
13073,"92,60,10"
13074,"406,40,131"
13075,"149,41,40"
13076,"244,40,135"
13077,"152,151,40"
13078,"32,23,31"
13079,"43,24,23"
13080,"448,64,10"
13081,"475,0,218"
13082,"170,169,426"
13083,"80,64,10"
13084,"170,169,199"
13085,"199,169,170"
13086,"181,145,40"
13087,"85,86,3"
13088,"129,128,40"
13089,"3,15,17"
13090,"304,216,0"
13091,"106,105,23"
13092,"40,128,145"
13093,"456,271,0"
13094,"431,135,40"
13095,"87,23,38"
13096,"522,271,0"
13097,"330,3,28"
13098,"279,249,0"
13099,"315,160,40"
13100,"206,8,0"
13101,"220,10,23"
13102,"396,395,40"
13103,"250,135,40"
13104,"224,41,40"
13105,"40,76,23"
13106,"107,23,38"
13107,"129,40,128"
13108,"3,4,23"
13109,"62,24,23"
13110,"118,23,74"
13111,"412,111,3"
13112,"11,10,40"
13113,"495,105,23"
13114,"447,3,34"
13115,"107,23,38"
13116,"54,10,0"
13117,"36,35,3"
13118,"85,86,3"
13119,"369,208,0"
13120,"302,160,40"
13121,"19,3,4"
13122,"155,139,40"
13123,"409,265,0"
13124,"137,23,38"
13125,"77,31,23"
13126,"97,3,5"
13127,"402,145,40"
13128,"404,111,3"
13129,"231,26,23"
13130,"3,523,53"
13131,"229,8,0"
13132,"128,40,160"
13133,"185,184,40"
13134,"11,10,40"
13135,"24,38,23"
13136,"369,208,0"
13137,"181,40,145"
13138,"264,23,38"
13139,"345,23,24"
13140,"369,208,0"
13141,"187,21,3"
13142,"338,64,10"
13143,"327,8,0"
13144,"19,3,4"
13145,"11,10,40"
13146,"175,128,40"
13147,"332,3,53"
13148,"463,255,0"
13149,"135,298,40"
13150,"205,11,10"
13151,"156,3,147"
13152,"187,21,3"
13153,"488,265,0"
13154,"11,10,40"
13155,"451,3,50"
13156,"226,40,131"
13157,"163,162,40"
13158,"115,21,3"
13159,"457,0,218"
13160,"145,10,40"
13161,"66,30,3"
13162,"3,435,4"
13163,"48,21,3"
13164,"206,8,0"
13165,"61,60,10"
13166,"93,64,10"
13167,"11,10,40"
13168,"168,17,3"
13169,"4,7,3"
13170,"3,15,17"
13171,"124,21,3"
13172,"343,199,169"
13173,"187,21,3"
13174,"383,208,0"
13175,"3,21,169"
13176,"176,4,3"
13177,"278,277,0"
13178,"448,64,10"
13179,"376,265,0"
13180,"63,23,38"
13181,"93,64,10"
13182,"448,64,10"
13183,"181,40,145"
13184,"523,53,3"
13185,"206,8,0"
13186,"162,40,145"
13187,"220,10,23"
13188,"24,23,38"
13189,"40,160,3"
13190,"134,131,40"
13191,"523,53,3"
13192,"43,24,23"
13193,"135,431,40"
13194,"308,8,0"
13195,"444,271,0"
13196,"431,135,40"
13197,"469,288,0"
13198,"42,41,40"
13199,"339,337,169"
13200,"3,125,111"
13201,"115,21,3"
13202,"278,277,0"
13203,"202,3,111"
13204,"18,17,3"
13205,"220,10,40"
13206,"205,11,10"
13207,"239,60,10"
13208,"12,11,10"
13209,"32,31,23"
13210,"156,3,147"
13211,"145,40,23"
13212,"41,3,40"
13213,"93,10,64"
13214,"43,24,23"
13215,"388,3,111"
13216,"270,8,0"
13217,"402,145,40"
13218,"60,10,3"
13219,"188,3,4"
13220,"420,169,296"
13221,"264,23,38"
13222,"328,31,23"
13223,"515,265,0"
13224,"14,13,3"
13225,"18,17,3"
13226,"134,40,131"
13227,"19,3,4"
13228,"91,23,38"
13229,"121,120,3"
13230,"199,169,311"
13231,"508,169,426"
13232,"494,184,40"
13233,"181,145,40"
13234,"93,64,10"
13235,"286,40,41"
13236,"189,135,40"
13237,"104,3,30"
13238,"3,337,169"
13239,"182,21,3"
13240,"402,145,40"
13241,"145,40,10"
13242,"93,10,64"
13243,"220,10,23"
13244,"123,111,3"
13245,"40,76,23"
13246,"145,40,23"
13247,"335,64,10"
13248,"21,301,3"
13249,"138,135,40"
13250,"360,271,0"
13251,"62,24,23"
13252,"448,64,10"
13253,"54,10,40"
13254,"145,10,40"
13255,"448,64,10"
13256,"42,41,40"
13257,"369,208,0"
13258,"374,169,199"
13259,"161,111,3"
13260,"129,128,40"
13261,"455,271,0"
13262,"146,145,40"
13263,"199,169,170"
13264,"448,64,10"
13265,"84,23,74"
13266,"181,40,145"
13267,"397,0,313"
13268,"123,111,3"
13269,"11,10,3"
13270,"199,169,170"
13271,"448,64,10"
13272,"350,26,23"
13273,"315,40,160"
13274,"311,169,10"
13275,"406,131,40"
13276,"137,23,38"
13277,"317,74,23"
13278,"80,64,10"
13279,"199,169,426"
13280,"467,3,53"
13281,"199,170,169"
13282,"279,249,0"
13283,"231,26,23"
13284,"54,10,40"
13285,"382,199,169"
13286,"324,40,41"
13287,"202,111,3"
13288,"24,38,23"
13289,"290,23,31"
13290,"18,17,3"
13291,"326,105,23"
13292,"40,131,23"
13293,"522,271,0"
13294,"240,23,38"
13295,"21,3,40"
13296,"301,3,21"
13297,"206,8,0"
13298,"42,41,40"
13299,"181,40,145"
13300,"474,3,111"
13301,"391,8,0"
13302,"3,238,4"
13303,"457,0,218"
13304,"170,169,199"
13305,"326,105,23"
13306,"410,8,0"
13307,"129,128,40"
13308,"456,271,0"
13309,"186,40,128"
13310,"402,145,40"
13311,"18,17,3"
13312,"129,40,128"
13313,"334,160,40"
13314,"170,169,199"
13315,"96,31,23"
13316,"243,40,184"
13317,"43,24,23"
13318,"11,10,40"
13319,"311,199,169"
13320,"490,265,0"
13321,"235,8,0"
13322,"290,31,23"
13323,"402,145,40"
13324,"96,31,23"
13325,"186,40,128"
13326,"385,3,5"
13327,"187,3,21"
13328,"199,170,169"
13329,"199,169,3"
13330,"187,21,3"
13331,"249,265,0"
13332,"271,362,0"
13333,"145,40,10"
13334,"11,10,40"
13335,"382,169,199"
13336,"145,10,40"
13337,"93,64,10"
13338,"302,160,40"
13339,"239,60,10"
13340,"264,23,38"
13341,"366,0,271"
13342,"169,170,199"
13343,"448,64,10"
13344,"87,23,38"
13345,"11,40,10"
13346,"355,271,0"
13347,"436,169,170"
13348,"24,23,38"
13349,"115,21,3"
13350,"506,13,3"
13351,"235,8,0"
13352,"124,21,3"
13353,"350,26,23"
13354,"496,395,40"
13355,"230,229,0"
13356,"187,3,21"
13357,"384,265,0"
13358,"12,11,10"
13359,"145,10,40"
13360,"49,24,23"
13361,"11,10,40"
13362,"21,3,40"
13363,"145,10,40"
13364,"240,23,38"
13365,"109,11,10"
13366,"343,169,199"
13367,"4,238,3"
13368,"368,184,40"
13369,"149,40,41"
13370,"302,160,40"
13371,"355,271,0"
13372,"457,0,218"
13373,"523,3,53"
13374,"355,271,0"
13375,"134,131,40"
13376,"226,131,40"
13377,"139,40,131"
13378,"436,169,170"
13379,"436,169,170"
13380,"33,21,3"
13381,"40,128,145"
13382,"296,411,169"
13383,"220,10,23"
13384,"369,208,0"
13385,"129,128,40"
13386,"376,265,0"
13387,"21,3,169"
13388,"187,3,21"
13389,"216,265,0"
13390,"311,169,3"
13391,"187,21,3"
13392,"181,40,145"
13393,"420,169,296"
13394,"77,31,23"
13395,"24,23,38"
13396,"42,40,41"
13397,"169,170,199"
13398,"286,40,41"
13399,"145,10,40"
13400,"220,10,23"
13401,"156,147,3"
13402,"425,265,0"
13403,"21,3,40"
13404,"143,34,3"
13405,"326,105,23"
13406,"115,21,3"
13407,"93,10,64"
13408,"243,184,40"
13409,"447,3,34"
13410,"148,3,147"
13411,"214,213,0"
13412,"197,60,10"
13413,"474,111,3"
13414,"85,3,21"
13415,"8,208,0"
13416,"205,11,10"
13417,"82,23,38"
13418,"165,74,23"
13419,"32,31,23"
13420,"21,3,40"
13421,"145,10,40"
13422,"340,265,0"
13423,"3,15,17"
13424,"168,17,3"
13425,"195,40,128"
13426,"169,311,337"
13427,"145,10,40"
13428,"308,8,0"
13429,"137,38,23"
13430,"308,8,0"
13431,"187,3,21"
13432,"181,40,145"
13433,"238,4,3"
13434,"145,10,40"
13435,"125,3,111"
13436,"355,271,0"
13437,"205,11,10"
13438,"370,216,0"
13439,"93,64,10"
13440,"8,235,0"
13441,"82,23,38"
13442,"510,220,10"
13443,"54,40,10"
13444,"3,21,5"
13445,"60,10,220"
13446,"241,131,40"
13447,"264,38,23"
13448,"32,23,31"
13449,"241,40,131"
13450,"66,3,30"
13451,"187,21,3"
13452,"49,24,23"
13453,"188,4,3"
13454,"205,11,10"
13455,"199,169,23"
13456,"228,5,3"
13457,"43,24,23"
13458,"54,322,10"
13459,"514,8,0"
13460,"301,3,21"
13461,"349,265,0"
13462,"382,169,199"
13463,"187,3,21"
13464,"457,0,218"
13465,"181,145,40"
13466,"181,145,40"
13467,"43,24,23"
13468,"249,0,23"
13469,"418,265,0"
13470,"58,17,3"
13471,"199,170,169"
13472,"206,8,0"
13473,"382,199,169"
13474,"340,265,0"
13475,"43,24,23"
13476,"185,40,184"
13477,"149,40,41"
13478,"94,23,38"
13479,"231,26,23"
13480,"92,60,10"
13481,"176,4,3"
13482,"350,26,23"
13483,"82,23,38"
13484,"343,169,199"
13485,"181,145,40"
13486,"199,169,170"
13487,"354,216,0"
13488,"331,3,5"
13489,"21,3,169"
13490,"239,10,60"
13491,"187,21,3"
13492,"317,74,23"
13493,"21,3,169"
13494,"27,26,23"
13495,"165,23,74"
13496,"21,102,3"
13497,"54,322,10"
13498,"93,10,64"
13499,"187,3,21"
13500,"130,128,40"
13501,"182,21,3"
13502,"311,169,170"
13503,"4,435,3"
13504,"89,26,23"
13505,"494,184,40"
13506,"160,40,395"
13507,"82,23,38"
13508,"515,265,0"
13509,"81,3,30"
13510,"139,40,128"
13511,"33,21,3"
13512,"102,21,3"
13513,"43,24,23"
13514,"522,271,0"
13515,"198,3,111"
13516,"175,128,40"
13517,"238,4,3"
13518,"311,3,169"
13519,"447,3,34"
13520,"514,8,0"
13521,"82,23,38"
13522,"311,337,169"
13523,"205,11,10"
13524,"82,23,38"
13525,"360,271,0"
13526,"393,53,3"
13527,"49,24,23"
13528,"24,23,38"
13529,"401,3,13"
13530,"249,265,0"
13531,"404,111,3"
13532,"406,40,131"
13533,"326,105,23"
13534,"448,64,10"
13535,"118,23,74"
13536,"153,139,40"
13537,"241,131,40"
13538,"448,64,10"
13539,"62,24,23"
13540,"3,15,17"
13541,"40,226,131"
13542,"199,169,23"
13543,"311,169,0"
13544,"448,64,10"
13545,"40,131,226"
13546,"32,31,23"
13547,"231,26,23"
13548,"43,24,23"
13549,"286,41,40"
13550,"438,0,265"
13551,"76,40,23"
13552,"346,313,0"
13553,"129,128,40"
13554,"159,40,131"
13555,"181,145,40"
13556,"228,5,3"
13557,"22,3,21"
13558,"106,105,23"
13559,"206,8,0"
13560,"40,128,145"
13561,"263,34,3"
13562,"160,315,40"
13563,"181,40,145"
13564,"163,162,40"
13565,"220,10,23"
13566,"160,315,40"
13567,"523,3,53"
13568,"254,216,0"
13569,"146,145,40"
13570,"93,64,10"
13571,"216,0,255"
13572,"3,4,238"
13573,"332,53,3"
13574,"153,139,40"
13575,"85,3,34"
13576,"21,3,40"
13577,"93,64,10"
13578,"264,23,38"
13579,"356,169,199"
13580,"484,0,255"
13581,"500,21,3"
13582,"21,3,40"
13583,"42,41,40"
13584,"62,24,23"
13585,"382,169,199"
13586,"241,131,40"
13587,"170,169,199"
13588,"199,170,169"
13589,"21,3,169"
13590,"340,265,0"
13591,"267,111,3"
13592,"231,26,23"
13593,"93,64,10"
13594,"389,3,53"
13595,"239,60,10"
13596,"269,0,218"
13597,"21,127,3"
13598,"206,8,0"
13599,"382,169,199"
13600,"340,265,0"
13601,"32,31,23"
13602,"103,23,38"
13603,"108,3,21"
13604,"199,169,311"
13605,"43,24,23"
13606,"185,184,40"
13607,"187,3,21"
13608,"181,145,40"
13609,"349,265,0"
13610,"144,15,3"
13611,"43,24,23"
13612,"138,135,40"
13613,"21,22,3"
13614,"170,311,169"
13615,"365,265,0"
13616,"494,40,184"
13617,"170,169,40"
13618,"33,21,3"
13619,"21,3,108"
13620,"49,23,24"
13621,"201,41,40"
13622,"340,265,0"
13623,"133,5,3"
13624,"231,23,26"
13625,"93,64,10"
13626,"175,128,40"
13627,"90,10,64"
13628,"206,8,0"
13629,"367,100,40"
13630,"267,111,3"
13631,"456,271,0"
13632,"383,208,0"
13633,"43,24,23"
13634,"111,3,53"
13635,"448,64,10"
13636,"122,13,3"
13637,"181,40,145"
13638,"118,23,74"
13639,"170,169,199"
13640,"187,21,3"
13641,"43,24,23"
13642,"349,265,0"
13643,"84,23,74"
13644,"187,21,3"
13645,"132,131,40"
13646,"264,23,38"
13647,"49,24,23"
13648,"47,24,23"
13649,"206,8,0"
13650,"102,21,3"
13651,"422,216,0"
13652,"16,15,3"
13653,"118,23,74"
13654,"326,105,23"
13655,"372,255,0"
13656,"43,24,23"
13657,"22,21,3"
13658,"478,145,40"
13659,"236,135,40"
13660,"340,265,0"
13661,"325,3,53"
13662,"402,145,40"
13663,"176,4,3"
13664,"321,271,0"
13665,"356,169,199"
13666,"54,322,10"
13667,"55,54,10"
13668,"211,216,0"
13669,"202,3,111"
13670,"118,23,74"
13671,"303,23,74"
13672,"306,296,169"
13673,"231,26,23"
13674,"32,31,23"
13675,"334,160,40"
13676,"348,255,0"
13677,"326,105,23"
13678,"205,11,10"
13679,"3,15,17"
13680,"199,169,170"
13681,"258,31,23"
13682,"332,3,53"
13683,"206,8,0"
13684,"281,199,169"
13685,"498,0,288"
13686,"40,128,145"
13687,"326,105,23"
13688,"21,3,169"
13689,"89,23,26"
13690,"134,40,131"
13691,"454,31,23"
13692,"145,10,40"
13693,"40,145,128"
13694,"250,135,40"
13695,"148,147,3"
13696,"444,271,0"
13697,"187,21,3"
13698,"175,128,40"
13699,"3,4,120"
13700,"204,3,13"
13701,"43,24,23"
13702,"93,64,10"
13703,"25,24,23"
13704,"145,10,40"
13705,"448,64,10"
13706,"14,13,3"
13707,"224,41,40"
13708,"21,187,3"
13709,"90,10,64"
13710,"129,40,128"
13711,"473,64,10"
13712,"42,41,40"
13713,"340,265,0"
13714,"188,4,3"
13715,"313,346,0"
13716,"2,1,0"
13717,"74,40,23"
13718,"170,260,169"
13719,"396,40,395"
13720,"169,199,170"
13721,"49,23,24"
13722,"148,3,147"
13723,"508,169,426"
13724,"333,296,169"
13725,"182,3,21"
13726,"228,3,5"
13727,"222,100,40"
13728,"66,3,30"
13729,"199,169,337"
13730,"346,313,0"
13731,"154,3,21"
13732,"472,111,3"
13733,"182,21,3"
13734,"112,111,3"
13735,"498,0,288"
13736,"307,74,23"
13737,"82,23,38"
13738,"54,10,40"
13739,"363,271,0"
13740,"467,3,53"
13741,"40,128,145"
13742,"182,21,3"
13743,"231,26,23"
13744,"43,24,23"
13745,"54,10,23"
13746,"127,21,3"
13747,"416,53,3"
13748,"365,265,0"
13749,"404,111,3"
13750,"300,296,169"
13751,"21,124,3"
13752,"412,111,3"
13753,"228,5,3"
13754,"239,60,10"
13755,"473,64,10"
13756,"199,169,3"
13757,"149,40,41"
13758,"159,40,131"
13759,"115,21,3"
13760,"478,40,145"
13761,"521,0,208"
13762,"369,208,0"
13763,"80,64,10"
13764,"93,64,10"
13765,"51,3,34"
13766,"169,170,199"
13767,"340,265,0"
13768,"431,135,40"
13769,"145,10,40"
13770,"265,0,255"
13771,"455,0,271"
13772,"52,3,51"
13773,"159,40,131"
13774,"170,169,199"
13775,"145,10,40"
13776,"331,3,5"
13777,"11,10,40"
13778,"382,199,169"
13779,"505,0,208"
13780,"77,31,23"
13781,"27,26,23"
13782,"187,3,21"
13783,"19,4,3"
13784,"264,23,38"
13785,"188,3,4"
13786,"264,23,38"
13787,"256,255,0"
13788,"25,23,24"
13789,"435,3,4"
13790,"501,313,0"
13791,"187,3,21"
13792,"181,145,40"
13793,"3,40,128"
13794,"264,23,38"
13795,"220,10,23"
13796,"448,64,10"
13797,"305,21,3"
13798,"264,23,38"
13799,"199,311,169"
13800,"451,3,50"
13801,"118,74,23"
13802,"315,160,40"
13803,"168,17,3"
13804,"21,126,3"
13805,"230,229,0"
13806,"89,26,23"
13807,"326,105,23"
13808,"416,53,3"
13809,"241,131,40"
13810,"49,24,23"
13811,"220,242,10"
13812,"370,216,0"
13813,"59,23,24"
13814,"21,3,40"
13815,"62,24,23"
13816,"12,11,10"
13817,"19,4,3"
13818,"448,64,10"
13819,"249,0,23"
13820,"181,145,40"
13821,"227,3,30"
13822,"348,0,255"
13823,"49,24,23"
13824,"264,23,38"
13825,"145,10,40"
13826,"334,160,40"
13827,"118,74,23"
13828,"238,3,4"
13829,"32,31,23"
13830,"434,1,0"
13831,"18,17,3"
13832,"325,53,3"
13833,"411,296,169"
13834,"271,288,0"
13835,"40,145,128"
13836,"206,8,0"
13837,"448,64,10"
13838,"30,28,3"
13839,"319,211,0"
13840,"76,40,23"
13841,"40,145,128"
13842,"322,54,10"
13843,"7,4,3"
13844,"76,40,23"
13845,"43,24,23"
13846,"524,145,40"
13847,"273,265,0"
13848,"93,64,10"
13849,"187,21,3"
13850,"90,64,10"
13851,"88,23,38"
13852,"523,53,3"
13853,"501,313,0"
13854,"187,21,3"
13855,"409,265,0"
13856,"199,169,170"
13857,"181,40,145"
13858,"478,145,40"
13859,"523,53,3"
13860,"429,271,0"
13861,"220,10,23"
13862,"146,40,145"
13863,"96,31,23"
13864,"327,8,0"
13865,"220,10,23"
13866,"164,21,3"
13867,"91,23,38"
13868,"309,23,38"
13869,"172,21,3"
13870,"436,170,169"
13871,"32,31,23"
13872,"77,31,23"
13873,"190,3,28"
13874,"118,23,74"
13875,"457,0,218"
13876,"187,3,21"
13877,"231,26,23"
13878,"129,40,128"
13879,"448,64,10"
13880,"220,510,10"
13881,"90,64,10"
13882,"96,31,23"
13883,"28,330,3"
13884,"245,31,23"
13885,"158,85,3"
13886,"340,265,0"
13887,"220,10,23"
13888,"129,40,128"
13889,"448,64,10"
13890,"523,3,53"
13891,"187,3,21"
13892,"64,335,10"
13893,"145,10,40"
13894,"395,40,0"
13895,"239,60,10"
13896,"195,40,128"
13897,"230,229,0"
13898,"139,40,41"
13899,"61,60,10"
13900,"436,169,170"
13901,"429,271,0"
13902,"187,21,3"
13903,"93,64,10"
13904,"170,169,3"
13905,"21,3,40"
13906,"168,3,17"
13907,"145,10,40"
13908,"80,10,64"
13909,"496,40,395"
13910,"224,41,40"
13911,"187,21,3"
13912,"350,26,23"
13913,"40,486,131"
13914,"169,170,337"
13915,"220,10,23"
13916,"27,26,23"
13917,"123,111,3"
13918,"93,10,64"
13919,"126,21,3"
13920,"127,3,21"
13921,"324,40,41"
13922,"264,23,38"
13923,"115,21,3"
13924,"523,3,53"
13925,"181,145,40"
13926,"334,160,40"
13927,"187,21,3"
13928,"185,184,40"
13929,"23,24,38"
13930,"435,3,4"
13931,"189,135,40"
13932,"115,21,3"
13933,"496,40,395"
13934,"440,23,38"
13935,"224,41,40"
13936,"324,40,41"
13937,"337,339,169"
13938,"85,3,40"
13939,"12,10,11"
13940,"54,10,40"
13941,"163,162,40"
13942,"411,296,169"
13943,"326,105,23"
13944,"242,220,10"
13945,"93,10,64"
13946,"242,220,10"
13947,"145,10,40"
13948,"175,40,128"
13949,"57,5,3"
13950,"270,8,0"
13951,"3,187,21"
13952,"205,11,10"
13953,"199,169,40"
13954,"138,135,40"
13955,"4,238,3"
13956,"7,4,3"
13957,"339,169,337"
13958,"428,296,169"
13959,"93,10,64"
13960,"188,3,4"
13961,"336,296,169"
13962,"118,74,23"
13963,"270,8,0"
13964,"271,265,0"
13965,"102,21,3"
13966,"401,3,13"
13967,"211,216,0"
13968,"235,8,0"
13969,"501,313,0"
13970,"148,3,147"
13971,"15,3,53"
13972,"243,184,40"
13973,"138,135,40"
13974,"118,23,74"
13975,"456,271,0"
13976,"187,3,21"
13977,"77,31,23"
13978,"54,10,40"
13979,"2,1,0"
13980,"25,23,24"
13981,"175,40,128"
13982,"118,23,74"
13983,"316,3,30"
13984,"119,111,3"
13985,"286,40,41"
13986,"335,64,10"
13987,"242,220,10"
13988,"41,40,0"
13989,"115,21,3"
13990,"93,64,10"
13991,"258,31,23"
13992,"65,64,10"
13993,"474,3,111"
13994,"195,40,128"
13995,"21,3,34"
13996,"160,40,10"
13997,"447,34,3"
13998,"40,486,131"
13999,"66,3,30"
14000,"49,24,23"
14001,"272,271,0"
14002,"388,3,111"
14003,"209,0,208"
14004,"145,10,40"
14005,"21,3,169"
14006,"326,105,23"
14007,"3,169,311"
14008,"376,0,265"
14009,"326,105,23"
14010,"448,64,10"
14011,"181,40,145"
14012,"21,3,169"
14013,"97,3,5"
14014,"140,139,40"
14015,"214,213,0"
14016,"139,40,162"
14017,"311,169,0"
14018,"159,40,131"
14019,"148,3,147"
14020,"21,108,3"
14021,"243,184,40"
14022,"292,53,3"
14023,"145,10,40"
14024,"340,265,0"
14025,"85,3,21"
14026,"146,145,40"
14027,"129,128,40"
14028,"422,216,0"
14029,"187,21,3"
14030,"94,23,38"
14031,"170,311,169"
14032,"447,3,34"
14033,"40,226,131"
14034,"96,31,23"
14035,"240,23,38"
14036,"226,131,40"
14037,"224,41,40"
14038,"63,23,38"
14039,"137,23,38"
14040,"494,184,40"
14041,"453,0,208"
14042,"19,3,4"
14043,"80,64,10"
14044,"187,3,21"
14045,"115,3,21"
14046,"5,6,3"
14047,"65,64,10"
14048,"206,8,0"
14049,"170,169,199"
14050,"369,208,0"
14051,"175,40,128"
14052,"473,64,10"
14053,"170,169,199"
14054,"138,135,40"
14055,"124,21,3"
14056,"522,271,0"
14057,"89,26,23"
14058,"290,31,23"
14059,"240,23,38"
14060,"271,0,265"
14061,"89,26,23"
14062,"48,21,3"
14063,"129,128,40"
14064,"433,3,4"
14065,"145,10,40"
14066,"21,3,169"
14067,"145,40,23"
14068,"187,3,21"
14069,"8,40,0"
14070,"308,8,0"
14071,"284,111,3"
14072,"290,23,31"
14073,"346,313,0"
14074,"209,0,208"
14075,"181,40,145"
14076,"356,199,169"
14077,"199,169,3"
14078,"15,16,3"
14079,"350,26,23"
14080,"354,216,0"
14081,"447,3,34"
14082,"186,40,128"
14083,"187,21,3"
14084,"93,64,10"
14085,"185,184,40"
14086,"324,40,41"
14087,"21,127,3"
14088,"12,11,10"
14089,"129,128,40"
14090,"185,184,40"
14091,"233,51,3"
14092,"224,41,40"
14093,"355,271,0"
14094,"92,60,10"
14095,"134,131,40"
14096,"24,23,38"
14097,"317,74,23"
14098,"301,21,3"
14099,"42,41,40"
14100,"19,4,3"
14101,"394,0,255"
14102,"189,40,135"
14103,"285,8,0"
14104,"42,40,41"
14105,"435,4,3"
14106,"383,208,0"
14107,"21,3,40"
14108,"242,10,220"
14109,"322,54,10"
14110,"134,40,131"
14111,"318,105,23"
14112,"318,105,23"
14113,"226,131,40"
14114,"241,131,40"
14115,"21,3,40"
14116,"199,311,169"
14117,"231,26,23"
14118,"93,64,10"
14119,"256,255,0"
14120,"220,221,10"
14121,"264,23,38"
14122,"448,64,10"
14123,"4,435,3"
14124,"175,40,128"
14125,"156,3,147"
14126,"382,199,169"
14127,"170,169,311"
14128,"226,40,131"
14129,"284,3,111"
14130,"107,23,38"
14131,"3,51,169"
14132,"160,334,40"
14133,"134,131,40"
14134,"96,31,23"
14135,"286,40,41"
14136,"497,0,288"
14137,"508,169,426"
14138,"145,10,40"
14139,"360,271,0"
14140,"241,40,131"
14141,"214,213,0"
14142,"43,24,23"
14143,"21,3,40"
14144,"405,8,0"
14145,"366,271,0"
14146,"185,184,40"
14147,"185,184,40"
14148,"62,24,23"
14149,"48,21,3"
14150,"348,255,0"
14151,"354,216,0"
14152,"326,105,23"
14153,"319,211,0"
14154,"206,8,0"
14155,"187,3,21"
14156,"93,64,10"
14157,"97,5,3"
14158,"254,216,0"
14159,"156,3,147"
14160,"43,24,23"
14161,"335,64,10"
14162,"205,11,10"
14163,"478,40,145"
14164,"338,64,10"
14165,"243,184,40"
14166,"206,8,0"
14167,"145,10,40"
14168,"187,3,21"
14169,"25,24,23"
14170,"510,220,10"
14171,"176,3,4"
14172,"129,128,40"
14173,"181,145,40"
14174,"326,105,23"
14175,"40,128,145"
14176,"62,24,23"
14177,"52,3,51"
14178,"436,169,170"
14179,"138,135,40"
14180,"102,21,3"
14181,"32,23,31"
14182,"145,10,40"
14183,"32,23,31"
14184,"385,5,3"
14185,"448,64,10"
14186,"204,13,3"
14187,"43,24,23"
14188,"156,3,147"
14189,"188,3,4"
14190,"21,102,3"
14191,"103,23,38"
14192,"304,216,0"
14193,"350,26,23"
14194,"434,1,0"
14195,"32,31,23"
14196,"40,128,145"
14197,"24,23,38"
14198,"381,357,0"
14199,"169,31,23"
14200,"267,111,3"
14201,"391,8,0"
14202,"523,53,3"
14203,"42,41,40"
14204,"258,31,23"
14205,"170,169,0"
14206,"340,265,0"
14207,"12,11,10"
14208,"369,0,208"
14209,"522,271,0"
14210,"205,10,11"
14211,"315,160,40"
14212,"169,199,170"
14213,"153,139,40"
14214,"306,169,296"
14215,"90,64,10"
14216,"340,265,0"
14217,"241,131,40"
14218,"170,169,0"
14219,"21,3,17"
14220,"222,100,40"
14221,"456,271,0"
14222,"140,139,40"
14223,"343,199,169"
14224,"235,8,0"
14225,"89,26,23"
14226,"224,41,40"
14227,"40,128,145"
14228,"181,40,145"
14229,"43,24,23"
14230,"43,24,23"
14231,"11,109,10"
14232,"47,24,23"
14233,"485,313,0"
14234,"213,313,0"
14235,"514,8,0"
14236,"40,128,145"
14237,"90,64,10"
14238,"240,23,38"
14239,"509,0,218"
14240,"48,3,21"
14241,"451,3,50"
14242,"206,8,0"
14243,"402,145,40"
14244,"382,169,199"
14245,"309,23,38"
14246,"434,0,1"
14247,"84,23,74"
14248,"311,426,169"
14249,"199,169,170"
14250,"89,26,23"
14251,"8,208,0"
14252,"21,3,40"
14253,"420,169,296"
14254,"400,255,0"
14255,"487,169,426"
14256,"15,3,40"
14257,"220,242,10"
14258,"145,10,40"
14259,"187,21,3"
14260,"89,26,23"
14261,"314,0,313"
14262,"18,17,3"
14263,"205,11,10"
14264,"3,170,169"
14265,"48,21,3"
14266,"118,23,74"
14267,"498,288,0"
14268,"524,145,40"
14269,"340,265,0"
14270,"42,41,40"
14271,"124,21,3"
14272,"326,105,23"
14273,"85,3,53"
14274,"199,169,170"
14275,"311,337,169"
14276,"408,40,128"
14277,"18,17,3"
14278,"484,255,0"
14279,"411,296,169"
14280,"40,131,23"
14281,"42,40,41"
14282,"43,24,23"
14283,"220,10,23"
14284,"126,21,3"
14285,"106,105,23"
14286,"199,169,170"
14287,"32,23,31"
14288,"19,4,3"
14289,"128,130,40"
14290,"3,15,17"
14291,"382,169,199"
14292,"288,265,0"
14293,"240,23,38"
14294,"80,64,10"
14295,"40,128,145"
14296,"82,23,38"
14297,"455,271,0"
14298,"349,265,0"
14299,"40,128,145"
14300,"456,271,0"
14301,"77,31,23"
14302,"43,24,23"
14303,"4,238,3"
14304,"402,145,40"
14305,"172,3,21"
14306,"231,26,23"
14307,"145,40,10"
14308,"145,40,10"
14309,"52,51,3"
14310,"93,64,10"
14311,"169,170,337"
14312,"271,255,0"
14313,"145,10,40"
14314,"249,0,218"
14315,"411,296,169"
14316,"330,3,28"
14317,"505,208,0"
14318,"43,24,23"
14319,"19,4,3"
14320,"42,41,40"
14321,"68,3,53"
14322,"278,277,0"
14323,"349,265,0"
14324,"340,265,0"
14325,"181,145,40"
14326,"290,31,23"
14327,"15,53,3"
14328,"27,26,23"
14329,"206,8,0"
14330,"145,10,40"
14331,"431,40,135"
14332,"528,169,311"
14333,"97,3,5"
14334,"93,10,64"
14335,"496,40,395"
14336,"428,296,169"
14337,"457,0,218"
14338,"254,216,0"
14339,"418,0,265"
14340,"60,10,3"
14341,"21,3,40"
14342,"331,3,5"
14343,"514,8,0"
14344,"508,169,426"
14345,"19,4,3"
14346,"199,169,23"
14347,"129,128,40"
14348,"22,3,21"
14349,"199,169,170"
14350,"499,296,169"
14351,"43,24,23"
14352,"304,216,0"
14353,"460,169,296"
14354,"126,21,3"
14355,"76,40,23"
14356,"220,10,23"
14357,"241,40,131"
14358,"452,296,169"
14359,"322,54,10"
14360,"524,145,40"
14361,"209,0,208"
14362,"174,4,3"
14363,"170,3,169"
14364,"340,265,0"
14365,"149,40,41"
14366,"21,124,3"
14367,"134,40,131"
14368,"4,435,3"
14369,"181,40,145"
14370,"457,0,218"
14371,"145,10,40"
14372,"181,145,40"
14373,"4,3,238"
14374,"122,13,3"
14375,"96,31,23"
14376,"264,23,38"
14377,"96,31,23"
14378,"220,10,23"
14379,"467,53,3"
14380,"160,315,40"
14381,"160,41,40"
14382,"340,265,0"
14383,"48,21,3"
14384,"317,23,74"
14385,"33,21,3"
14386,"199,169,170"
14387,"16,15,3"
14388,"169,170,199"
14389,"264,23,38"
14390,"21,108,3"
14391,"199,170,169"
14392,"32,23,31"
14393,"181,40,145"
14394,"187,21,3"
14395,"145,10,40"
14396,"273,265,0"
14397,"4,435,3"
14398,"241,131,40"
14399,"129,40,128"
14400,"19,4,3"
14401,"49,24,23"
14402,"93,10,64"
14403,"40,53,3"
14404,"11,109,10"
14405,"21,3,40"
14406,"340,265,0"
14407,"43,24,23"
14408,"148,3,147"
14409,"149,40,41"
14410,"356,169,199"
14411,"286,41,40"
14412,"241,40,131"
14413,"326,105,23"
14414,"514,8,0"
14415,"348,0,255"
14416,"137,38,23"
14417,"493,145,40"
14418,"286,41,40"
14419,"76,40,23"
14420,"345,23,24"
14421,"343,169,199"
14422,"32,31,23"
14423,"419,11,10"
14424,"163,40,162"
14425,"129,128,40"
14426,"60,10,3"
14427,"326,105,23"
14428,"337,0,169"
14429,"448,64,10"
14430,"396,40,395"
14431,"32,31,23"
14432,"138,135,40"
14433,"145,10,40"
14434,"187,21,3"
14435,"472,111,3"
14436,"57,3,5"
14437,"325,53,3"
14438,"467,53,3"
14439,"514,8,0"
14440,"145,10,40"
14441,"89,23,26"
14442,"271,216,0"
14443,"93,64,10"
14444,"187,3,21"
14445,"319,0,211"
14446,"250,40,135"
14447,"247,160,40"
14448,"144,15,3"
14449,"129,128,40"
14450,"93,64,10"
14451,"25,24,23"
14452,"8,0,265"
14453,"334,160,40"
14454,"160,334,40"
14455,"325,53,3"
14456,"40,134,131"
14457,"87,38,23"
14458,"145,40,10"
14459,"19,4,3"
14460,"93,64,10"
14461,"321,271,0"
14462,"376,265,0"
14463,"54,10,40"
14464,"145,40,23"
14465,"115,21,3"
14466,"18,17,3"
14467,"138,135,40"
14468,"271,321,0"
14469,"455,0,271"
14470,"130,128,40"
14471,"328,31,23"
14472,"93,10,64"
14473,"181,145,40"
14474,"350,26,23"
14475,"11,10,40"
14476,"460,169,296"
14477,"338,64,10"
14478,"32,23,31"
14479,"315,160,40"
14480,"231,26,23"
14481,"41,3,40"
14482,"316,30,3"
14483,"40,128,145"
14484,"523,3,53"
14485,"182,3,21"
14486,"99,3,53"
14487,"112,111,3"
14488,"7,4,3"
14489,"84,23,74"
14490,"187,3,21"
14491,"43,24,23"
14492,"452,296,169"
14493,"14,13,3"
14494,"328,31,23"
14495,"80,64,10"
14496,"170,169,0"
14497,"447,3,34"
14498,"40,131,132"
14499,"206,8,0"
14500,"151,40,160"
14501,"148,3,147"
14502,"63,38,23"
14503,"264,23,38"
14504,"301,3,21"
14505,"239,60,10"
14506,"286,40,41"
14507,"118,23,74"
14508,"239,60,10"
14509,"21,33,3"
14510,"158,85,3"
14511,"83,54,10"
14512,"326,105,23"
14513,"370,216,0"
14514,"48,21,3"
14515,"197,10,60"
14516,"402,145,40"
14517,"145,10,40"
14518,"32,23,31"
14519,"283,23,74"
14520,"217,3,120"
14521,"12,10,11"
14522,"220,10,23"
14523,"93,64,10"
14524,"222,100,40"
14525,"18,17,3"
14526,"455,271,0"
14527,"120,3,40"
14528,"271,255,0"
14529,"199,311,169"
14530,"187,3,21"
14531,"12,11,10"
14532,"42,41,40"
14533,"240,23,38"
14534,"272,271,0"
14535,"140,139,40"
14536,"93,64,10"
14537,"257,216,0"
14538,"187,21,3"
14539,"325,53,3"
14540,"40,128,145"
14541,"27,26,23"
14542,"326,105,23"
14543,"3,4,238"
14544,"83,54,10"
14545,"356,199,169"
14546,"181,40,145"
14547,"80,64,10"
14548,"184,23,40"
14549,"54,10,40"
14550,"186,40,128"
14551,"175,40,128"
14552,"302,160,40"
14553,"346,313,0"
14554,"497,0,288"
14555,"170,169,199"
14556,"231,26,23"
14557,"215,40,41"
14558,"3,447,34"
14559,"21,3,5"
14560,"219,3,30"
14561,"145,40,10"
14562,"226,131,40"
14563,"287,53,3"
14564,"340,265,0"
14565,"221,10,220"
14566,"181,145,40"
14567,"291,271,0"
14568,"32,23,31"
14569,"148,3,147"
14570,"93,64,10"
14571,"228,3,5"
14572,"129,128,40"
14573,"301,3,21"
14574,"249,23,0"
14575,"302,160,40"
14576,"326,105,23"
14577,"489,60,10"
14578,"146,40,145"
14579,"3,311,169"
14580,"220,10,23"
14581,"93,64,10"
14582,"181,40,145"
14583,"278,277,0"
14584,"220,10,23"
14585,"130,128,40"
14586,"309,38,23"
14587,"139,41,40"
14588,"41,42,40"
14589,"126,3,21"
14590,"240,23,38"
14591,"49,24,23"
14592,"435,3,4"
14593,"182,3,21"
14594,"165,23,74"
14595,"181,40,145"
14596,"68,3,53"
14597,"338,64,10"
14598,"145,10,40"
14599,"49,24,23"
14600,"21,187,3"
14601,"40,145,128"
14602,"139,153,40"
14603,"32,31,23"
14604,"264,23,38"
14605,"271,456,0"
14606,"187,21,3"
14607,"104,30,3"
14608,"238,4,3"
14609,"271,456,0"
14610,"129,128,40"
14611,"4,238,3"
14612,"309,23,38"
14613,"418,265,0"
14614,"93,64,10"
14615,"448,64,10"
14616,"80,64,10"
14617,"146,40,145"
14618,"11,10,40"
14619,"165,23,74"
14620,"211,216,0"
14621,"514,8,0"
14622,"205,11,10"
14623,"187,3,21"
14624,"134,131,40"
14625,"80,64,10"
14626,"21,3,0"
14627,"187,21,3"
14628,"8,265,0"
14629,"21,3,169"
14630,"145,10,40"
14631,"205,11,10"
14632,"306,296,169"
14633,"220,10,40"
14634,"186,40,128"
14635,"181,145,40"
14636,"183,4,3"
14637,"221,220,10"
14638,"264,23,38"
14639,"318,105,23"
14640,"2,1,0"
14641,"267,3,111"
14642,"187,3,21"
14643,"326,105,23"
14644,"21,102,3"
14645,"8,308,0"
14646,"467,53,3"
14647,"38,23,24"
14648,"66,3,30"
14649,"508,169,426"
14650,"410,8,0"
14651,"224,41,40"
14652,"8,265,0"
14653,"230,229,0"
14654,"175,40,128"
14655,"111,3,4"
14656,"115,21,3"
14657,"14,13,3"
14658,"309,23,38"
14659,"40,160,151"
14660,"237,34,3"
14661,"315,160,40"
14662,"145,10,40"
14663,"264,23,38"
14664,"185,184,40"
14665,"38,24,23"
14666,"206,8,0"
14667,"202,3,111"
14668,"181,145,40"
14669,"6,5,3"
14670,"382,199,169"
14671,"127,21,3"
14672,"225,3,120"
14673,"2,0,1"
14674,"304,216,0"
14675,"186,40,128"
14676,"129,40,128"
14677,"16,15,3"
14678,"187,21,3"
14679,"169,436,170"
14680,"271,456,0"
14681,"406,131,40"
14682,"118,23,74"
14683,"406,131,40"
14684,"85,3,169"
14685,"93,64,10"
14686,"43,24,23"
14687,"224,41,40"
14688,"187,3,21"
14689,"148,3,147"
14690,"90,10,64"
14691,"317,23,74"
14692,"24,23,38"
14693,"420,296,169"
14694,"160,334,40"
14695,"43,24,23"
14696,"160,334,40"
14697,"145,10,40"
14698,"340,265,0"
14699,"392,4,3"
14700,"290,31,23"
14701,"244,40,135"
14702,"21,40,3"
14703,"187,21,3"
14704,"301,3,21"
14705,"40,145,10"
14706,"225,3,120"
14707,"18,17,3"
14708,"21,3,169"
14709,"322,54,10"
14710,"507,296,169"
14711,"199,169,311"
14712,"169,170,337"
14713,"206,8,0"
14714,"405,8,0"
14715,"32,31,23"
14716,"54,55,10"
14717,"267,3,111"
14718,"92,60,10"
14719,"90,64,10"
14720,"204,3,13"
14721,"405,8,0"
14722,"145,10,40"
14723,"148,147,3"
14724,"376,265,0"
14725,"326,105,23"
14726,"62,24,23"
14727,"82,23,38"
14728,"308,8,0"
14729,"6,5,3"
14730,"382,169,199"
14731,"205,10,11"
14732,"187,21,3"
14733,"126,21,3"
14734,"220,10,23"
14735,"148,3,147"
14736,"239,60,10"
14737,"197,60,10"
14738,"19,4,3"
14739,"211,216,0"
14740,"220,242,10"
14741,"326,105,23"
14742,"43,24,23"
14743,"283,74,23"
14744,"159,40,131"
14745,"65,64,10"
14746,"430,53,3"
14747,"271,456,0"
14748,"510,220,10"
14749,"406,131,40"
14750,"124,21,3"
14751,"442,64,10"
14752,"170,169,199"
14753,"448,64,10"
14754,"216,304,0"
14755,"21,40,3"
14756,"271,456,0"
14757,"15,16,3"
14758,"243,184,40"
14759,"241,131,40"
14760,"85,86,3"
14761,"170,169,40"
14762,"33,21,3"
14763,"145,10,40"
14764,"436,169,170"
14765,"40,128,145"
14766,"436,169,170"
14767,"48,21,3"
14768,"226,131,40"
14769,"118,23,74"
14770,"272,271,0"
14771,"384,265,0"
14772,"522,271,0"
14773,"124,21,3"
14774,"168,17,3"
14775,"21,3,169"
14776,"187,21,3"
14777,"199,311,169"
14778,"523,3,53"
14779,"177,30,3"
14780,"418,0,265"
14781,"142,40,131"
14782,"391,8,0"
14783,"523,53,3"
14784,"49,24,23"
14785,"460,169,296"
14786,"523,3,53"
14787,"145,10,40"
14788,"478,40,145"
14789,"448,64,10"
14790,"350,26,23"
14791,"160,302,40"
14792,"49,24,23"
14793,"62,24,23"
14794,"145,10,40"
14795,"283,74,23"
14796,"48,3,21"
14797,"160,128,40"
14798,"145,40,3"
14799,"170,0,169"
14800,"91,23,38"
14801,"170,169,23"
14802,"199,169,170"
14803,"228,5,3"
14804,"457,0,218"
14805,"321,271,0"
14806,"21,3,40"
14807,"494,184,40"
14808,"242,10,220"
14809,"3,66,30"
14810,"7,4,3"
14811,"81,30,3"
14812,"354,216,0"
14813,"447,3,34"
14814,"109,11,10"
14815,"402,145,40"
14816,"204,3,13"
14817,"376,0,265"
14818,"221,220,10"
14819,"89,26,23"
14820,"345,23,24"
14821,"301,3,21"
14822,"138,135,40"
14823,"471,208,0"
14824,"199,169,0"
14825,"503,105,23"
14826,"228,5,3"
14827,"348,0,255"
14828,"183,4,3"
14829,"128,130,40"
14830,"24,23,38"
14831,"447,34,3"
14832,"326,105,23"
14833,"11,54,10"
14834,"340,265,0"
14835,"118,23,74"
14836,"40,128,145"
14837,"186,40,128"
14838,"165,74,23"
14839,"242,220,10"
14840,"434,0,1"
14841,"3,447,34"
14842,"308,8,0"
14843,"32,31,23"
14844,"523,3,53"
14845,"170,169,199"
14846,"128,129,40"
14847,"21,187,3"
14848,"40,160,151"
14849,"30,66,3"
14850,"220,242,10"
14851,"148,3,147"
14852,"317,74,23"
14853,"463,255,0"
14854,"10,145,40"
14855,"355,271,0"
14856,"346,313,0"
14857,"206,8,0"
14858,"224,40,41"
14859,"49,24,23"
14860,"159,40,131"
14861,"21,102,3"
14862,"187,21,3"
14863,"201,41,40"
14864,"21,40,3"
14865,"146,145,40"
14866,"332,3,53"
14867,"3,21,169"
14868,"264,23,38"
14869,"315,160,40"
14870,"145,10,40"
14871,"11,10,40"
14872,"4,238,3"
14873,"15,3,147"
14874,"220,242,10"
14875,"91,23,38"
14876,"18,17,3"
14877,"148,147,3"
14878,"220,10,23"
14879,"21,115,3"
14880,"112,111,3"
14881,"199,169,170"
14882,"21,187,3"
14883,"49,24,23"
14884,"54,10,40"
14885,"4,7,3"
14886,"231,26,23"
14887,"370,216,0"
14888,"350,26,23"
14889,"489,10,60"
14890,"32,31,23"
14891,"448,64,10"
14892,"201,41,40"
14893,"237,34,3"
14894,"258,31,23"
14895,"365,265,0"
14896,"199,311,169"
14897,"145,40,131"
14898,"284,3,111"
14899,"376,265,0"
14900,"24,23,38"
14901,"303,23,74"
14902,"134,40,131"
14903,"402,145,40"
14904,"170,169,199"
14905,"431,135,40"
14906,"145,10,40"
14907,"138,135,40"
14908,"315,160,40"
14909,"240,23,38"
14910,"222,100,40"
14911,"163,40,162"
14912,"455,271,0"
14913,"241,131,40"
14914,"205,11,10"
14915,"448,64,10"
14916,"438,0,265"
14917,"412,3,111"
14918,"187,3,21"
14919,"329,169,170"
14920,"49,23,24"
14921,"411,296,169"
14922,"224,41,40"
14923,"43,24,23"
14924,"285,8,0"
14925,"213,0,255"
14926,"452,169,296"
14927,"11,10,40"
14928,"40,226,131"
14929,"21,108,3"
14930,"339,337,169"
14931,"89,26,23"
14932,"456,271,0"
14933,"418,265,0"
14934,"169,111,3"
14935,"417,169,296"
14936,"304,216,0"
14937,"241,40,131"
14938,"118,23,74"
14939,"187,21,3"
14940,"314,0,313"
14941,"242,220,10"
14942,"170,169,3"
14943,"168,17,3"
14944,"21,3,34"
14945,"149,40,41"
14946,"262,105,23"
14947,"201,41,40"
14948,"411,296,169"
14949,"426,169,0"
14950,"455,0,271"
14951,"523,3,53"
14952,"24,23,38"
14953,"346,313,0"
14954,"275,111,3"
14955,"77,31,23"
14956,"195,40,128"
14957,"226,131,40"
14958,"382,199,169"
14959,"406,131,40"
14960,"300,169,296"
14961,"103,23,38"
14962,"350,26,23"
14963,"271,361,0"
14964,"478,145,40"
14965,"82,23,38"
14966,"343,169,199"
14967,"180,3,120"
14968,"182,21,3"
14969,"19,4,3"
14970,"159,40,131"
14971,"102,3,21"
14972,"96,23,31"
14973,"87,23,38"
14974,"65,64,10"
14975,"169,343,199"
14976,"231,23,26"
14977,"27,26,23"
14978,"199,311,169"
14979,"93,64,10"
14980,"169,337,199"
14981,"40,132,131"
14982,"126,21,3"
14983,"186,40,128"
14984,"271,522,0"
14985,"456,271,0"
14986,"498,288,0"
14987,"145,40,10"
14988,"393,53,3"
14989,"336,296,169"
14990,"3,21,169"
14991,"145,10,40"
14992,"27,26,23"
14993,"500,3,21"
14994,"7,4,3"
14995,"42,41,40"
14996,"93,64,10"
14997,"169,199,170"
14998,"43,24,23"
14999,"93,64,10"
15000,"40,315,160"
15001,"3,15,17"
15002,"187,21,3"
15003,"10,145,40"
15004,"134,40,131"
15005,"118,23,74"
15006,"40,131,134"
15007,"49,24,23"
15008,"181,40,145"
15009,"143,34,3"
15010,"153,139,40"
15011,"226,131,40"
15012,"288,40,0"
15013,"42,41,40"
15014,"455,0,271"
15015,"217,3,120"
15016,"170,169,199"
15017,"401,3,13"
15018,"145,10,40"
15019,"170,169,199"
15020,"74,23,38"
15021,"199,169,170"
15022,"149,41,40"
15023,"338,64,10"
15024,"301,3,21"
15025,"308,8,0"
15026,"187,21,3"
15027,"187,21,3"
15028,"209,0,208"
15029,"226,131,40"
15030,"303,23,74"
15031,"355,271,0"
15032,"17,21,3"
15033,"148,3,147"
15034,"301,3,21"
15035,"85,3,40"
15036,"3,228,5"
15037,"256,255,0"
15038,"199,170,169"
15039,"216,0,3"
15040,"220,10,23"
15041,"300,296,169"
15042,"90,64,10"
15043,"206,8,0"
15044,"21,102,3"
15045,"250,40,135"
15046,"435,4,3"
15047,"457,0,218"
15048,"175,128,40"
15049,"93,10,64"
15050,"135,236,40"
15051,"238,4,3"
15052,"187,3,21"
15053,"170,169,199"
15054,"0,271,218"
15055,"309,23,38"
15056,"9,8,0"
15057,"145,40,10"
15058,"96,31,23"
15059,"455,0,271"
15060,"93,10,64"
15061,"448,64,10"
15062,"148,3,147"
15063,"169,199,170"
15064,"11,10,40"
15065,"169,170,337"
15066,"286,40,41"
15067,"3,115,21"
15068,"115,21,3"
15069,"68,3,53"
15070,"191,41,40"
15071,"188,4,3"
15072,"156,3,147"
15073,"112,111,3"
15074,"295,135,40"
15075,"507,296,169"
15076,"96,31,23"
15077,"43,24,23"
15078,"326,105,23"
15079,"33,3,21"
15080,"181,145,40"
15081,"446,0,218"
15082,"49,24,23"
15083,"181,40,145"
15084,"142,40,131"
15085,"62,24,23"
15086,"220,10,23"
15087,"349,265,0"
15088,"118,23,74"
15089,"350,26,23"
15090,"63,23,38"
15091,"4,238,3"
15092,"21,3,147"
15093,"145,402,40"
15094,"21,3,169"
15095,"170,169,3"
15096,"149,40,41"
15097,"90,10,64"
15098,"354,216,0"
15099,"77,31,23"
15100,"141,40,135"
15101,"21,102,3"
15102,"275,111,3"
15103,"18,17,3"
15104,"301,3,21"
15105,"418,265,0"
15106,"43,24,23"
15107,"271,0,255"
15108,"25,24,23"
15109,"24,23,38"
15110,"170,169,3"
15111,"101,100,40"
15112,"495,105,23"
15113,"54,23,10"
15114,"146,145,40"
15115,"40,466,131"
15116,"156,3,147"
15117,"205,11,10"
15118,"62,24,23"
15119,"199,169,311"
15120,"148,147,3"
15121,"63,23,38"
15122,"402,145,40"
15123,"62,24,23"
15124,"486,131,40"
15125,"101,40,100"
15126,"188,4,3"
15127,"220,10,23"
15128,"211,216,0"
15129,"231,26,23"
15130,"159,40,131"
15131,"457,0,218"
15132,"322,54,10"
15133,"19,4,3"
15134,"238,3,4"
15135,"167,3,147"
15136,"175,40,128"
15137,"138,135,40"
15138,"160,196,40"
15139,"175,128,40"
15140,"501,313,0"
15141,"88,23,38"
15142,"331,3,5"
15143,"43,24,23"
15144,"11,10,40"
15145,"32,23,31"
15146,"187,21,3"
15147,"343,169,199"
15148,"501,313,0"
15149,"43,24,23"
15150,"145,40,10"
15151,"448,64,10"
15152,"510,220,10"
15153,"40,128,145"
15154,"311,337,169"
15155,"96,31,23"
15156,"42,40,41"
15157,"394,255,0"
15158,"32,31,23"
15159,"85,21,3"
15160,"49,23,24"
15161,"170,169,199"
15162,"428,296,169"
15163,"308,8,0"
15164,"220,10,23"
15165,"199,169,23"
15166,"321,271,0"
15167,"417,296,169"
15168,"528,169,311"
15169,"186,40,128"
15170,"264,23,38"
15171,"176,4,3"
15172,"435,4,3"
15173,"181,40,145"
15174,"436,169,170"
15175,"320,17,3"
15176,"181,40,145"
15177,"199,170,169"
15178,"523,3,53"
15179,"197,10,60"
15180,"21,187,3"
15181,"42,41,40"
15182,"25,24,23"
15183,"220,10,40"
15184,"53,325,3"
15185,"420,296,169"
15186,"137,23,38"
15187,"32,23,31"
15188,"399,265,0"
15189,"502,145,40"
15190,"4,183,3"
15191,"369,0,208"
15192,"115,21,3"
15193,"240,38,23"
15194,"21,3,33"
15195,"145,40,23"
15196,"311,169,170"
15197,"85,34,3"
15198,"191,40,41"
15199,"226,40,131"
15200,"406,131,40"
15201,"63,23,38"
15202,"68,3,53"
15203,"49,24,23"
15204,"145,40,10"
15205,"271,0,208"
15206,"115,21,3"
15207,"187,21,3"
15208,"311,170,169"
15209,"376,265,0"
15210,"220,510,10"
15211,"220,10,0"
15212,"3,187,21"
15213,"182,3,21"
15214,"264,23,38"
15215,"42,41,40"
15216,"456,271,0"
15217,"303,23,74"
15218,"205,11,10"
15219,"175,128,40"
15220,"95,54,10"
15221,"211,216,0"
15222,"43,24,23"
15223,"170,169,3"
15224,"350,26,23"
15225,"368,40,184"
15226,"187,21,3"
15227,"12,11,10"
15228,"340,265,0"
15229,"40,486,131"
15230,"93,64,10"
15231,"457,0,218"
15232,"488,265,0"
15233,"489,10,60"
15234,"311,337,169"
15235,"402,145,40"
15236,"21,115,3"
15237,"431,135,40"
15238,"199,311,169"
15239,"220,10,23"
15240,"264,23,38"
15241,"231,23,26"
15242,"153,139,40"
15243,"205,11,10"
15244,"335,64,10"
15245,"187,21,3"
15246,"524,145,40"
15247,"291,0,271"
15248,"32,31,23"
15249,"32,23,31"
15250,"85,3,21"
15251,"199,169,170"
15252,"95,54,10"
15253,"309,38,23"
15254,"243,184,40"
15255,"321,271,0"
15256,"271,0,255"
15257,"199,169,311"
15258,"226,131,40"
15259,"226,131,40"
15260,"267,111,3"
15261,"209,208,0"
15262,"47,24,23"
15263,"145,10,40"
15264,"220,10,40"
15265,"63,23,38"
15266,"40,131,226"
15267,"165,74,23"
15268,"138,135,40"
15269,"340,265,0"
15270,"340,265,0"
15271,"187,21,3"
15272,"187,3,21"
15273,"205,11,10"
15274,"221,10,220"
15275,"409,265,0"
15276,"134,40,131"
15277,"177,3,30"
15278,"436,169,170"
15279,"90,64,10"
15280,"4,3,51"
15281,"33,21,3"
15282,"460,169,296"
15283,"317,74,23"
15284,"145,10,40"
15285,"89,26,23"
15286,"21,3,40"
15287,"170,169,199"
15288,"199,169,170"
15289,"523,3,53"
15290,"221,10,220"
15291,"182,3,21"
15292,"3,108,21"
15293,"187,21,3"
15294,"181,145,40"
15295,"524,145,40"
15296,"242,220,10"
15297,"11,205,10"
15298,"209,208,0"
15299,"339,337,169"
15300,"21,102,3"
15301,"3,207,28"
15302,"435,4,3"
15303,"258,31,23"
15304,"460,296,169"
15305,"466,131,40"
15306,"131,134,40"
15307,"199,169,170"
15308,"239,60,10"
15309,"145,10,40"
15310,"309,38,23"
15311,"431,135,40"
15312,"182,21,3"
15313,"199,169,337"
15314,"406,131,40"
15315,"199,169,0"
15316,"376,265,0"
15317,"149,41,40"
15318,"4,3,238"
15319,"249,8,0"
15320,"508,169,426"
15321,"409,265,0"
15322,"118,23,74"
15323,"455,271,0"
15324,"434,0,1"
15325,"399,265,0"
15326,"356,169,199"
15327,"348,255,0"
15328,"148,3,147"
15329,"145,10,40"
15330,"349,265,0"
15331,"168,17,3"
15332,"488,265,0"
15333,"260,170,169"
15334,"220,10,23"
15335,"33,21,3"
15336,"317,74,23"
15337,"187,21,3"
15338,"21,3,147"
15339,"145,40,10"
15340,"297,265,0"
15341,"240,23,38"
15342,"21,108,3"
15343,"382,169,199"
15344,"206,8,0"
15345,"523,53,3"
15346,"448,64,10"
15347,"66,3,30"
15348,"40,145,128"
15349,"307,74,23"
15350,"3,169,337"
15351,"455,271,0"
15352,"311,169,337"
15353,"65,64,10"
15354,"306,296,169"
15355,"145,10,40"
15356,"369,208,0"
15357,"89,26,23"
15358,"62,24,23"
15359,"226,40,131"
15360,"205,11,10"
15361,"497,0,288"
15362,"112,111,3"
15363,"21,108,3"
15364,"264,23,38"
15365,"93,10,64"
15366,"226,40,131"
15367,"192,23,38"
15368,"40,134,131"
15369,"145,10,40"
15370,"241,131,40"
15371,"124,21,3"
15372,"49,24,23"
15373,"135,141,40"
15374,"3,21,169"
15375,"54,10,40"
15376,"420,296,169"
15377,"40,145,128"
15378,"205,10,11"
15379,"231,26,23"
15380,"8,265,0"
15381,"403,208,0"
15382,"340,265,0"
15383,"282,111,3"
15384,"33,21,3"
15385,"160,334,40"
15386,"199,170,169"
15387,"93,64,10"
15388,"346,313,0"
15389,"151,152,40"
15390,"15,16,3"
15391,"457,0,218"
15392,"3,115,21"
15393,"21,187,3"
15394,"77,31,23"
15395,"123,111,3"
15396,"328,31,23"
15397,"160,334,40"
15398,"220,10,23"
15399,"220,10,23"
15400,"181,40,145"
15401,"272,271,0"
15402,"239,60,10"
15403,"304,216,0"
15404,"397,0,313"
15405,"233,51,3"
15406,"17,320,3"
15407,"96,31,23"
15408,"346,313,0"
15409,"87,23,38"
15410,"66,30,3"
15411,"168,3,17"
15412,"27,26,23"
15413,"16,15,3"
15414,"407,4,3"
15415,"455,0,271"
15416,"60,10,3"
15417,"185,184,40"
15418,"220,221,10"
15419,"157,3,120"
15420,"265,271,0"
15421,"316,30,3"
15422,"241,131,40"
15423,"327,8,0"
15424,"134,40,131"
15425,"490,265,0"
15426,"352,271,0"
15427,"187,21,3"
15428,"40,131,160"
15429,"304,216,0"
15430,"43,24,23"
15431,"43,24,23"
15432,"21,3,5"
15433,"32,31,23"
15434,"93,64,10"
15435,"145,10,40"
15436,"187,21,3"
15437,"3,108,21"
15438,"326,105,23"
15439,"170,3,169"
15440,"89,26,23"
15441,"239,10,60"
15442,"264,23,38"
15443,"264,23,38"
15444,"43,24,23"
15445,"33,21,3"
15446,"84,23,74"
15447,"124,21,3"
15448,"40,128,145"
15449,"82,23,38"
15450,"343,199,169"
15451,"123,111,3"
15452,"160,315,40"
15453,"508,169,426"
15454,"484,0,255"
15455,"3,187,21"
15456,"66,3,30"
15457,"89,26,23"
15458,"108,21,3"
15459,"138,135,40"
15460,"264,23,38"
15461,"235,8,0"
15462,"21,3,34"
15463,"3,148,147"
15464,"145,10,40"
15465,"164,21,3"
15466,"270,8,0"
15467,"373,208,0"
15468,"242,10,220"
15469,"177,3,30"
15470,"145,10,40"
15471,"254,216,0"
15472,"346,313,0"
15473,"406,40,131"
15474,"263,34,3"
15475,"112,111,3"
15476,"140,139,40"
15477,"11,10,40"
15478,"264,23,38"
15479,"145,10,40"
15480,"168,17,3"
15481,"199,311,169"
15482,"145,10,40"
15483,"199,169,170"
15484,"68,53,3"
15485,"368,184,40"
15486,"91,23,38"
15487,"211,216,0"
15488,"187,3,21"
15489,"447,3,34"
15490,"199,311,169"
15491,"59,24,23"
15492,"195,128,40"
15493,"42,41,40"
15494,"3,4,7"
15495,"181,40,145"
15496,"170,169,199"
15497,"187,21,3"
15498,"271,255,0"
15499,"278,277,0"
15500,"348,0,255"
15501,"268,3,120"
15502,"93,64,10"
15503,"40,131,226"
15504,"54,40,10"
15505,"224,41,40"
15506,"199,169,170"
15507,"138,135,40"
15508,"182,21,3"
15509,"62,24,23"
15510,"87,23,38"
15511,"409,265,0"
15512,"448,64,10"
15513,"228,3,5"
15514,"170,169,337"
15515,"134,131,40"
15516,"406,40,131"
15517,"32,31,23"
15518,"205,11,10"
15519,"356,169,199"
15520,"181,40,145"
15521,"185,184,40"
15522,"181,145,40"
15523,"116,34,3"
15524,"304,216,0"
15525,"182,21,3"
15526,"494,184,40"
15527,"228,3,5"
15528,"420,296,169"
15529,"399,265,0"
15530,"21,108,3"
15531,"134,40,131"
15532,"187,3,21"
15533,"170,169,337"
15534,"93,64,10"
15535,"227,3,30"
15536,"40,76,23"
15537,"40,145,10"
15538,"448,64,10"
15539,"12,11,10"
15540,"187,21,3"
15541,"231,26,23"
15542,"318,105,23"
15543,"231,26,23"
15544,"388,3,111"
15545,"90,64,10"
15546,"191,41,40"
15547,"199,169,170"
15548,"21,3,5"
15549,"204,13,3"
15550,"93,10,64"
15551,"51,34,3"
15552,"181,40,145"
15553,"232,23,38"
15554,"129,40,128"
15555,"391,8,0"
15556,"448,10,64"
15557,"190,3,28"
15558,"19,4,3"
15559,"365,265,0"
15560,"48,21,3"
15561,"220,10,23"
15562,"21,108,3"
15563,"226,40,131"
15564,"53,21,3"
15565,"7,4,3"
15566,"33,21,3"
15567,"43,24,23"
15568,"181,145,40"
15569,"43,24,23"
15570,"406,131,40"
15571,"187,3,21"
15572,"448,64,10"
15573,"21,126,3"
15574,"170,169,296"
15575,"206,8,0"
15576,"143,34,3"
15577,"43,24,23"
15578,"93,64,10"
15579,"483,1,0"
15580,"501,313,0"
15581,"469,288,0"
15582,"107,23,38"
15583,"213,8,0"
15584,"273,265,0"
15585,"326,105,23"
15586,"375,4,3"
15587,"402,145,40"
15588,"170,169,0"
15589,"170,169,199"
15590,"165,23,74"
15591,"454,31,23"
15592,"93,64,10"
15593,"369,0,208"
15594,"40,145,128"
15595,"493,145,40"
15596,"402,145,40"
15597,"126,3,21"
15598,"283,74,23"
15599,"271,0,218"
15600,"267,111,3"
15601,"172,21,3"
15602,"82,23,38"
15603,"134,131,40"
15604,"195,128,40"
15605,"220,10,40"
15606,"286,41,40"
15607,"195,40,128"
15608,"8,265,0"
15609,"40,486,131"
15610,"139,40,3"
15611,"187,21,3"
15612,"80,64,10"
15613,"36,35,3"
15614,"14,13,3"
15615,"402,145,40"
15616,"118,74,23"
15617,"129,128,40"
15618,"448,64,10"
15619,"93,64,10"
15620,"524,145,40"
15621,"21,102,3"
15622,"134,131,40"
15623,"184,185,40"
15624,"199,169,170"
15625,"129,128,40"
15626,"160,41,40"
15627,"270,8,0"
15628,"187,3,21"
15629,"238,4,3"
15630,"21,3,169"
15631,"76,40,23"
15632,"418,265,0"
15633,"170,169,40"
15634,"447,3,34"
15635,"285,8,0"
15636,"338,64,10"
15637,"315,160,40"
15638,"54,10,23"
15639,"76,40,23"
15640,"384,0,265"
15641,"11,10,23"
15642,"521,208,0"
15643,"186,40,128"
15644,"283,74,23"
15645,"62,24,23"
15646,"501,313,0"
15647,"453,0,208"
15648,"66,30,3"
15649,"263,34,3"
15650,"505,0,208"
15651,"182,3,21"
15652,"169,337,199"
15653,"370,216,0"
15654,"187,21,3"
15655,"33,21,3"
15656,"188,3,4"
15657,"40,486,131"
15658,"93,64,10"
15659,"145,40,10"
15660,"27,26,23"
15661,"187,21,3"
15662,"91,23,38"
15663,"91,23,38"
15664,"348,255,0"
15665,"406,40,131"
15666,"225,3,120"
15667,"77,31,23"
15668,"129,128,40"
15669,"457,0,218"
15670,"118,23,74"
15671,"272,271,0"
15672,"402,145,40"
15673,"220,242,10"
15674,"455,271,0"
15675,"17,168,3"
15676,"376,265,0"
15677,"270,8,0"
15678,"244,135,40"
15679,"106,105,23"
15680,"431,135,40"
15681,"170,169,199"
15682,"271,355,0"
15683,"463,255,0"
15684,"97,3,5"
15685,"21,3,30"
15686,"43,24,23"
15687,"199,169,23"
15688,"187,21,3"
15689,"49,24,23"
15690,"103,23,38"
15691,"185,184,40"
15692,"130,128,40"
15693,"11,10,3"
15694,"431,40,135"
15695,"269,0,218"
15696,"435,4,3"
15697,"10,145,40"
15698,"239,60,10"
15699,"368,184,40"
15700,"239,60,10"
15701,"175,128,40"
15702,"206,8,0"
15703,"343,169,199"
15704,"435,4,3"
15705,"3,311,169"
15706,"430,3,53"
15707,"16,15,3"
15708,"204,3,13"
15709,"346,313,0"
15710,"301,21,3"
15711,"4,435,3"
15712,"145,40,10"
15713,"19,4,3"
15714,"40,131,226"
15715,"170,169,10"
15716,"40,226,131"
15717,"43,24,23"
15718,"199,170,169"
15719,"185,184,40"
15720,"145,10,40"
15721,"435,4,3"
15722,"412,111,3"
15723,"204,13,3"
15724,"334,160,40"
15725,"258,31,23"
15726,"420,169,296"
15727,"176,4,3"
15728,"199,169,170"
15729,"193,40,131"
15730,"187,21,3"
15731,"311,170,169"
15732,"304,216,0"
15733,"350,26,23"
15734,"21,3,40"
15735,"228,5,3"
15736,"303,74,23"
15737,"456,271,0"
15738,"49,24,23"
15739,"241,40,131"
15740,"181,145,40"
15741,"485,313,0"
15742,"304,216,0"
15743,"261,208,0"
15744,"493,145,40"
15745,"106,105,23"
15746,"12,10,11"
15747,"145,10,40"
15748,"43,24,23"
15749,"484,255,0"
15750,"447,34,3"
15751,"187,21,3"
15752,"411,296,169"
15753,"206,8,0"
15754,"332,53,3"
15755,"238,4,3"
15756,"435,3,4"
15757,"396,395,40"
15758,"40,131,23"
15759,"61,60,10"
15760,"264,23,38"
15761,"175,40,128"
15762,"456,271,0"
15763,"129,128,40"
15764,"160,41,40"
15765,"431,135,40"
15766,"224,41,40"
15767,"40,145,128"
15768,"32,31,23"
15769,"21,3,40"
15770,"21,3,40"
15771,"460,169,296"
15772,"309,38,23"
15773,"356,199,169"
15774,"265,415,0"
15775,"366,0,271"
15776,"369,208,0"
15777,"152,151,40"
15778,"145,10,40"
15779,"242,10,220"
15780,"170,169,199"
15781,"14,3,13"
15782,"346,313,0"
15783,"448,64,10"
15784,"97,3,5"
15785,"402,145,40"
15786,"444,271,0"
15787,"95,54,10"
15788,"85,3,169"
15789,"11,10,64"
15790,"93,64,10"
15791,"406,131,40"
15792,"85,86,3"
15793,"448,64,10"
15794,"205,10,11"
15795,"220,10,23"
15796,"228,5,3"
15797,"108,21,3"
15798,"331,5,3"
15799,"349,265,0"
15800,"326,105,23"
15801,"139,153,40"
15802,"126,21,3"
15803,"169,170,199"
15804,"523,53,3"
15805,"4,407,3"
15806,"77,31,23"
15807,"469,288,0"
15808,"474,111,3"
15809,"337,199,169"
15810,"478,145,40"
15811,"165,23,74"
15812,"41,224,40"
15813,"220,510,10"
15814,"224,41,40"
15815,"21,187,3"
15816,"343,199,169"
15817,"118,74,23"
15818,"134,40,131"
15819,"349,265,0"
15820,"12,10,11"
15821,"112,3,111"
15822,"12,10,11"
15823,"80,64,10"
15824,"199,170,169"
15825,"226,131,40"
15826,"438,265,0"
15827,"438,0,265"
15828,"170,169,23"
15829,"340,265,0"
15830,"124,21,3"
15831,"447,34,3"
15832,"21,102,3"
15833,"402,145,40"
15834,"25,24,23"
15835,"187,21,3"
15836,"88,23,38"
15837,"103,23,38"
15838,"185,184,40"
15839,"93,10,64"
15840,"42,40,41"
15841,"155,139,40"
15842,"278,277,0"
15843,"524,145,40"
15844,"325,3,53"
15845,"335,64,10"
15846,"145,10,40"
15847,"384,265,0"
15848,"448,64,10"
15849,"231,26,23"
15850,"250,40,135"
15851,"137,38,23"
15852,"366,271,0"
15853,"43,24,23"
15854,"170,169,199"
15855,"309,23,38"
15856,"146,145,40"
15857,"19,4,3"
15858,"511,313,0"
15859,"308,8,0"
15860,"231,26,23"
15861,"8,206,0"
15862,"49,24,23"
15863,"19,4,3"
15864,"220,10,0"
15865,"247,160,40"
15866,"340,265,0"
15867,"187,3,21"
15868,"360,0,271"
15869,"90,10,64"
15870,"315,160,40"
15871,"181,40,145"
15872,"297,265,0"
15873,"21,3,169"
15874,"304,216,0"
15875,"186,128,40"
15876,"456,271,0"
15877,"93,64,10"
15878,"478,145,40"
15879,"102,21,3"
15880,"201,41,40"
15881,"217,3,120"
15882,"340,265,0"
15883,"61,60,10"
15884,"322,54,10"
15885,"187,21,3"
15886,"89,26,23"
15887,"118,23,74"
15888,"170,169,199"
15889,"209,0,208"
15890,"330,3,28"
15891,"186,40,128"
15892,"19,4,3"
15893,"187,3,21"
15894,"211,319,0"
15895,"7,4,3"
15896,"301,21,3"
15897,"163,162,40"
15898,"256,255,0"
15899,"258,31,23"
15900,"350,26,23"
15901,"256,255,0"
15902,"145,10,40"
15903,"220,10,23"
15904,"340,265,0"
15905,"115,21,3"
15906,"82,23,38"
15907,"170,169,199"
15908,"311,337,169"
15909,"21,108,3"
15910,"206,8,0"
15911,"237,34,3"
15912,"279,249,0"
15913,"199,170,169"
15914,"325,3,53"
15915,"21,33,3"
15916,"141,135,40"
15917,"226,40,131"
15918,"348,255,0"
15919,"138,135,40"
15920,"206,8,0"
15921,"42,41,40"
15922,"93,64,10"
15923,"220,10,40"
15924,"220,242,10"
15925,"473,64,10"
15926,"226,131,40"
15927,"8,206,0"
15928,"108,21,3"
15929,"199,169,170"
15930,"93,10,64"
15931,"8,0,218"
15932,"21,3,40"
15933,"187,3,21"
15934,"49,24,23"
15935,"143,34,3"
15936,"62,24,23"
15937,"385,3,5"
15938,"402,145,40"
15939,"187,3,21"
15940,"405,8,0"
15941,"118,23,74"
15942,"226,40,131"
15943,"402,145,40"
15944,"199,169,170"
15945,"94,23,38"
15946,"148,147,3"
15947,"54,10,23"
15948,"309,23,38"
15949,"187,3,21"
15950,"271,355,0"
15951,"220,10,23"
15952,"21,40,3"
15953,"454,31,23"
15954,"402,145,40"
15955,"264,23,38"
15956,"21,102,3"
15957,"434,0,1"
15958,"186,40,128"
15959,"19,4,3"
15960,"42,40,41"
15961,"300,296,169"
15962,"340,265,0"
15963,"332,3,53"
15964,"188,3,4"
15965,"107,23,38"
15966,"21,102,3"
15967,"93,64,10"
15968,"369,208,0"
15969,"370,216,0"
15970,"165,23,74"
15971,"3,238,4"
15972,"187,3,21"
15973,"55,54,10"
15974,"326,105,23"
15975,"396,395,40"
15976,"181,40,145"
15977,"205,11,10"
15978,"301,3,21"
15979,"187,21,3"
15980,"264,23,38"
15981,"370,216,0"
15982,"456,271,0"
15983,"12,10,11"
15984,"271,0,1"
15985,"177,3,30"
15986,"220,10,40"
15987,"514,8,0"
15988,"100,40,128"
15989,"48,21,3"
15990,"21,3,108"
15991,"326,105,23"
15992,"334,160,40"
15993,"457,0,218"
15994,"145,10,40"
15995,"170,169,3"
15996,"11,10,40"
15997,"395,23,40"
15998,"97,3,5"
15999,"199,170,169"
16000,"315,160,40"
16001,"129,40,128"
16002,"448,64,10"
16003,"385,5,3"
16004,"145,10,40"
16005,"247,160,40"
16006,"43,24,23"
16007,"151,40,3"
16008,"170,169,199"
16009,"66,30,3"
16010,"360,271,0"
16011,"437,145,40"
16012,"224,41,40"
16013,"204,13,3"
16014,"3,108,21"
16015,"382,169,199"
16016,"271,522,0"
16017,"10,145,40"
16018,"146,40,145"
16019,"139,160,40"
16020,"199,169,311"
16021,"267,111,3"
16022,"108,3,21"
16023,"416,53,3"
16024,"169,30,3"
16025,"145,10,40"
16026,"220,242,10"
16027,"282,111,3"
16028,"21,33,3"
16029,"42,40,41"
16030,"478,40,145"
16031,"21,102,3"
16032,"169,199,170"
16033,"144,3,15"
16034,"348,255,0"
16035,"220,10,23"
16036,"394,255,0"
16037,"460,169,296"
16038,"442,64,10"
16039,"21,3,40"
16040,"457,0,218"
16041,"289,288,0"
16042,"3,21,115"
16043,"206,8,0"
16044,"15,16,3"
16045,"333,296,169"
16046,"187,21,3"
16047,"402,145,40"
16048,"3,148,147"
16049,"42,40,41"
16050,"145,10,40"
16051,"99,53,3"
16052,"138,135,40"
16053,"226,40,131"
16054,"32,23,31"
16055,"523,3,53"
16056,"199,169,40"
16057,"308,8,0"
16058,"139,40,3"
16059,"369,208,0"
16060,"454,31,23"
16061,"231,26,23"
16062,"7,4,3"
16063,"181,40,145"
16064,"3,311,169"
16065,"511,0,313"
16066,"414,60,10"
16067,"456,271,0"
16068,"21,3,40"
16069,"163,40,162"
16070,"254,216,0"
16071,"40,128,145"
16072,"18,17,3"
16073,"508,169,426"
16074,"107,38,23"
16075,"175,128,40"
16076,"160,334,40"
16077,"127,21,3"
16078,"475,218,0"
16079,"368,184,40"
16080,"360,271,0"
16081,"435,4,3"
16082,"89,26,23"
16083,"21,3,40"
16084,"338,64,10"
16085,"33,21,3"
16086,"18,17,3"
16087,"199,170,169"
16088,"40,226,131"
16089,"250,135,40"
16090,"124,21,3"
16091,"239,60,10"
16092,"435,3,4"
16093,"402,145,40"
16094,"231,26,23"
16095,"30,3,28"
16096,"206,8,0"
16097,"282,3,111"
16098,"318,105,23"
16099,"19,4,3"
16100,"456,271,0"
16101,"63,38,23"
16102,"235,8,0"
16103,"448,64,10"
16104,"156,147,3"
16105,"3,21,169"
16106,"417,296,169"
16107,"52,51,3"
16108,"326,105,23"
16109,"156,3,147"
16110,"91,23,38"
16111,"188,3,4"
16112,"456,271,0"
16113,"54,10,3"
16114,"21,3,111"
16115,"206,8,0"
16116,"326,105,23"
16117,"524,145,40"
16118,"11,10,40"
16119,"316,30,3"
16120,"134,40,131"
16121,"121,3,120"
16122,"115,21,3"
16123,"122,13,3"
16124,"209,0,208"
16125,"187,3,21"
16126,"529,265,0"
16127,"199,169,311"
16128,"47,23,24"
16129,"170,169,199"
16130,"369,208,0"
16131,"242,10,220"
16132,"254,216,0"
16133,"183,3,4"
16134,"276,265,0"
16135,"187,21,3"
16136,"195,128,40"
16137,"220,221,10"
16138,"201,41,40"
16139,"11,10,40"
16140,"447,34,3"
16141,"181,40,145"
16142,"318,105,23"
16143,"77,31,23"
16144,"355,271,0"
16145,"40,142,131"
16146,"346,313,0"
16147,"506,13,3"
16148,"181,40,145"
16149,"455,0,271"
16150,"43,24,23"
16151,"311,199,169"
16152,"43,24,23"
16153,"170,169,199"
16154,"455,0,271"
16155,"3,238,4"
16156,"474,111,3"
16157,"18,17,3"
16158,"54,10,23"
16159,"396,40,395"
16160,"3,21,169"
16161,"220,10,23"
16162,"156,3,147"
16163,"264,23,38"
16164,"301,21,3"
16165,"211,0,216"
16166,"90,64,10"
16167,"17,3,53"
16168,"4,174,3"
16169,"448,64,10"
16170,"264,23,38"
16171,"350,26,23"
16172,"225,3,120"
16173,"438,0,265"
16174,"111,21,3"
16175,"431,40,135"
16176,"272,271,0"
16177,"187,21,3"
16178,"195,128,40"
16179,"349,265,0"
16180,"371,296,169"
16181,"187,21,3"
16182,"148,3,147"
16183,"199,169,170"
16184,"43,24,23"
16185,"90,64,10"
16186,"210,4,3"
16187,"199,169,23"
16188,"145,10,40"
16189,"108,3,21"
16190,"118,23,74"
16191,"90,64,10"
16192,"11,10,40"
16193,"242,10,220"
16194,"521,208,0"
16195,"3,337,169"
16196,"466,40,131"
16197,"497,288,0"
16198,"187,21,3"
16199,"181,145,40"
16200,"129,128,40"
16201,"448,64,10"
16202,"199,169,170"
16203,"3,15,17"
16204,"48,21,3"
16205,"498,288,0"
16206,"306,296,169"
16207,"40,128,145"
16208,"12,11,10"
16209,"3,4,238"
16210,"474,3,111"
16211,"70,3,4"
16212,"35,4,3"
16213,"417,169,296"
16214,"311,199,169"
16215,"489,60,10"
16216,"107,38,23"
16217,"3,148,147"
16218,"402,145,40"
16219,"21,108,3"
16220,"235,8,0"
16221,"301,3,21"
16222,"402,145,40"
16223,"85,3,21"
16224,"524,145,40"
16225,"102,21,3"
16226,"241,40,131"
16227,"206,8,0"
16228,"36,35,3"
16229,"396,395,40"
16230,"115,21,3"
16231,"311,169,337"
16232,"187,3,21"
16233,"335,64,10"
16234,"11,205,10"
16235,"152,151,40"
16236,"181,40,145"
16237,"524,145,40"
16238,"168,17,3"
16239,"170,169,0"
16240,"169,170,199"
16241,"3,108,21"
16242,"170,169,199"
16243,"304,216,0"
16244,"93,64,10"
16245,"267,111,3"
16246,"264,23,38"
16247,"21,3,169"
16248,"343,169,199"
16249,"317,74,23"
16250,"220,10,23"
16251,"438,0,265"
16252,"186,40,128"
16253,"325,3,53"
16254,"104,3,30"
16255,"199,169,23"
16256,"3,108,21"
16257,"25,24,23"
16258,"169,170,199"
16259,"124,21,3"
16260,"2,1,0"
16261,"18,17,3"
16262,"512,218,0"
16263,"224,41,40"
16264,"170,169,199"
16265,"448,64,10"
16266,"340,265,0"
16267,"187,3,21"
16268,"376,0,265"
16269,"170,169,199"
16270,"23,24,38"
16271,"241,131,40"
16272,"318,105,23"
16273,"461,64,10"
16274,"174,3,4"
16275,"199,170,169"
16276,"3,238,4"
16277,"4,7,3"
16278,"521,0,208"
16279,"315,160,40"
16280,"264,23,38"
16281,"86,85,3"
16282,"32,31,23"
16283,"216,380,0"
16284,"182,21,3"
16285,"437,145,40"
16286,"160,315,40"
16287,"175,128,40"
16288,"182,21,3"
16289,"43,24,23"
16290,"93,10,64"
16291,"169,199,170"
16292,"181,145,40"
16293,"155,139,40"
16294,"169,170,199"
16295,"231,26,23"
16296,"220,10,40"
16297,"402,145,40"
16298,"369,0,208"
16299,"226,40,131"
16300,"222,40,100"
16301,"244,40,135"
16302,"239,60,10"
16303,"205,11,10"
16304,"453,208,0"
16305,"315,160,40"
16306,"369,208,0"
16307,"187,3,21"
16308,"444,0,271"
16309,"21,102,3"
16310,"148,3,147"
16311,"145,10,40"
16312,"21,3,40"
16313,"109,11,10"
16314,"85,3,5"
16315,"80,64,10"
16316,"17,18,3"
16317,"11,10,40"
16318,"264,23,38"
16319,"473,64,10"
16320,"62,24,23"
16321,"206,8,0"
16322,"43,24,23"
16323,"348,255,0"
16324,"187,21,3"
16325,"52,3,51"
16326,"521,208,0"
16327,"418,265,0"
16328,"170,311,169"
16329,"238,4,3"
16330,"350,26,23"
16331,"138,135,40"
16332,"139,40,160"
16333,"394,255,0"
16334,"170,169,3"
16335,"20,13,3"
16336,"3,21,10"
16337,"354,216,0"
16338,"8,206,0"
16339,"188,3,4"
16340,"301,21,3"
16341,"258,31,23"
16342,"480,0,255"
16343,"457,0,218"
16344,"315,160,40"
16345,"224,41,40"
16346,"500,21,3"
16347,"402,145,40"
16348,"134,40,131"
16349,"182,21,3"
16350,"211,216,0"
16351,"382,199,169"
16352,"444,271,0"
16353,"195,128,40"
16354,"181,40,145"
16355,"414,10,60"
16356,"221,220,10"
16357,"170,169,199"
16358,"226,40,131"
16359,"431,40,135"
16360,"4,3,23"
16361,"448,64,10"
16362,"406,40,131"
16363,"108,3,21"
16364,"220,10,40"
16365,"326,105,23"
16366,"124,21,3"
16367,"513,0,277"
16368,"52,3,51"
16369,"239,60,10"
16370,"160,302,40"
16371,"32,31,23"
16372,"431,135,40"
16373,"348,0,255"
16374,"170,169,199"
16375,"170,169,199"
16376,"241,40,131"
16377,"523,53,3"
16378,"63,23,38"
16379,"475,0,218"
16380,"224,41,40"
16381,"308,8,0"
16382,"30,3,28"
16383,"40,128,145"
16384,"360,271,0"
16385,"181,145,40"
16386,"63,38,23"
16387,"240,23,38"
16388,"282,111,3"
16389,"311,169,0"
16390,"80,64,10"
16391,"448,64,10"
16392,"76,169,23"
16393,"315,160,40"
16394,"3,41,40"
16395,"283,74,23"
16396,"19,3,4"
16397,"264,23,38"
16398,"444,271,0"
16399,"409,265,0"
16400,"321,271,0"
16401,"93,64,10"
16402,"145,40,23"
16403,"170,199,169"
16404,"187,21,3"
16405,"40,139,3"
16406,"92,10,60"
16407,"448,64,10"
16408,"206,8,0"
16409,"308,8,0"
16410,"369,0,208"
16411,"124,21,3"
16412,"326,105,23"
16413,"308,8,0"
16414,"145,10,40"
16415,"376,265,0"
16416,"199,170,169"
16417,"21,3,40"
16418,"447,3,34"
16419,"206,8,0"
16420,"430,53,3"
16421,"159,40,131"
16422,"18,17,3"
16423,"32,31,23"
16424,"21,102,3"
16425,"220,10,23"
16426,"271,255,0"
16427,"238,3,4"
16428,"295,135,40"
16429,"240,23,38"
16430,"392,4,3"
16431,"145,10,40"
16432,"138,135,40"
16433,"478,145,40"
16434,"315,160,40"
16435,"228,5,3"
16436,"376,0,265"
16437,"83,54,10"
16438,"21,379,3"
16439,"220,10,40"
16440,"118,23,74"
16441,"49,24,23"
16442,"231,26,23"
16443,"502,145,40"
16444,"210,3,4"
16445,"226,131,40"
16446,"375,4,3"
16447,"54,10,40"
16448,"11,10,40"
16449,"106,105,23"
16450,"10,145,40"
16451,"115,21,3"
16452,"3,15,17"
16453,"186,40,128"
16454,"23,24,38"
16455,"115,21,3"
16456,"108,3,21"
16457,"8,270,0"
16458,"32,31,23"
16459,"316,30,3"
16460,"12,11,10"
16461,"36,35,3"
16462,"187,3,21"
16463,"264,23,38"
16464,"370,216,0"
16465,"507,296,169"
16466,"129,128,40"
16467,"368,184,40"
16468,"493,145,40"
16469,"146,145,40"
16470,"80,64,10"
16471,"457,0,218"
16472,"40,128,145"
16473,"62,24,23"
16474,"238,4,3"
16475,"151,40,41"
16476,"277,458,0"
16477,"24,23,38"
16478,"420,169,296"
16479,"343,199,169"
16480,"375,4,3"
16481,"242,10,220"
16482,"155,139,40"
16483,"21,40,3"
16484,"187,21,3"
16485,"431,40,135"
16486,"182,3,21"
16487,"420,169,296"
16488,"334,160,40"
16489,"411,296,169"
16490,"206,8,0"
16491,"93,10,64"
16492,"108,21,3"
16493,"199,169,170"
16494,"199,170,169"
16495,"317,74,23"
16496,"21,3,169"
16497,"447,3,34"
16498,"21,17,3"
16499,"76,40,23"
16500,"505,208,0"
16501,"181,145,40"
16502,"286,41,40"
16503,"437,145,40"
16504,"264,23,38"
16505,"178,3,30"
16506,"12,11,10"
16507,"287,53,3"
16508,"3,337,169"
16509,"170,311,169"
16510,"170,169,0"
16511,"43,24,23"
16512,"326,105,23"
16513,"199,170,169"
16514,"187,21,3"
16515,"239,60,10"
16516,"245,31,23"
16517,"41,3,40"
16518,"12,11,10"
16519,"76,40,23"
16520,"185,184,40"
16521,"21,40,3"
16522,"18,17,3"
16523,"3,337,169"
16524,"508,169,426"
16525,"205,11,10"
16526,"42,41,40"
16527,"170,199,169"
16528,"304,216,0"
16529,"43,24,23"
16530,"489,10,60"
16531,"254,216,0"
16532,"116,3,34"
16533,"397,313,0"
16534,"242,220,10"
16535,"271,213,0"
16536,"17,168,3"
16537,"139,153,40"
16538,"183,4,3"
16539,"196,160,40"
16540,"406,40,131"
16541,"205,11,10"
16542,"187,21,3"
16543,"456,271,0"
16544,"15,3,4"
16545,"440,23,38"
16546,"11,10,40"
16547,"170,169,199"
16548,"134,131,40"
16549,"271,218,0"
16550,"129,128,40"
16551,"135,3,40"
16552,"258,23,31"
16553,"170,169,199"
16554,"187,21,3"
16555,"241,131,40"
16556,"271,456,0"
16557,"11,10,40"
16558,"49,24,23"
16559,"115,21,3"
16560,"40,226,131"
16561,"49,24,23"
16562,"96,31,23"
16563,"418,265,0"
16564,"187,21,3"
16565,"138,135,40"
16566,"18,17,3"
16567,"199,169,311"
16568,"32,31,23"
16569,"516,0,271"
16570,"220,10,23"
16571,"220,10,23"
16572,"156,3,147"
16573,"192,23,38"
16574,"199,337,169"
16575,"220,10,0"
16576,"80,64,10"
16577,"417,169,296"
16578,"145,10,40"
16579,"343,169,199"
16580,"326,105,23"
16581,"350,26,23"
16582,"285,8,0"
16583,"406,131,40"
16584,"230,229,0"
16585,"165,74,23"
16586,"49,23,24"
16587,"417,169,296"
16588,"197,60,10"
16589,"27,26,23"
16590,"277,1,0"
16591,"242,220,10"
16592,"286,41,40"
16593,"105,3,23"
16594,"199,169,170"
16595,"187,3,21"
16596,"365,265,0"
16597,"498,288,0"
16598,"21,187,3"
16599,"205,11,10"
16600,"187,21,3"
16601,"240,23,38"
16602,"109,11,10"
16603,"47,24,23"
16604,"102,21,3"
16605,"184,185,40"
16606,"406,131,40"
16607,"181,40,145"
16608,"137,23,38"
16609,"93,64,10"
16610,"436,169,170"
16611,"326,105,23"
16612,"385,3,5"
16613,"258,31,23"
16614,"331,3,5"
16615,"163,162,40"
16616,"334,160,40"
16617,"93,64,10"
16618,"514,8,0"
16619,"462,255,0"
16620,"487,426,169"
16621,"239,60,10"
16622,"107,23,38"
16623,"49,24,23"
16624,"193,131,40"
16625,"63,23,38"
16626,"337,169,426"
16627,"41,3,40"
16628,"220,242,10"
16629,"239,60,10"
16630,"146,145,40"
16631,"242,10,220"
16632,"206,8,0"
16633,"456,271,0"
16634,"412,111,3"
16635,"42,40,41"
16636,"406,131,40"
16637,"350,26,23"
16638,"152,151,40"
16639,"321,271,0"
16640,"324,40,41"
16641,"267,111,3"
16642,"315,160,40"
16643,"33,21,3"
16644,"220,10,23"
16645,"374,169,199"
16646,"276,265,0"
16647,"309,23,38"
16648,"89,26,23"
16649,"40,76,23"
16650,"315,40,160"
16651,"186,40,128"
16652,"351,0,218"
16653,"232,23,38"
16654,"273,265,0"
16655,"118,23,74"
16656,"99,3,53"
16657,"48,21,3"
16658,"206,8,0"
16659,"4,7,3"
16660,"334,160,40"
16661,"349,265,0"
16662,"40,226,131"
16663,"366,0,271"
16664,"170,169,199"
16665,"137,23,38"
16666,"185,184,40"
16667,"502,145,40"
16668,"42,41,40"
16669,"115,21,3"
16670,"206,8,0"
16671,"142,131,40"
16672,"231,26,23"
16673,"205,11,10"
16674,"91,23,38"
16675,"335,64,10"
16676,"216,380,0"
16677,"48,21,3"
16678,"318,105,23"
16679,"397,313,0"
16680,"93,64,10"
16681,"309,23,38"
16682,"170,311,169"
16683,"380,216,0"
16684,"446,0,218"
16685,"139,40,3"
16686,"211,216,0"
16687,"174,4,3"
16688,"118,23,74"
16689,"124,21,3"
16690,"129,128,40"
16691,"448,64,10"
16692,"106,105,23"
16693,"108,3,21"
16694,"454,31,23"
16695,"54,10,0"
16696,"59,23,24"
16697,"258,31,23"
16698,"125,3,111"
16699,"43,24,23"
16700,"308,8,0"
16701,"204,13,3"
16702,"187,21,3"
16703,"101,100,40"
16704,"220,10,23"
16705,"76,40,23"
16706,"436,169,170"
16707,"126,21,3"
16708,"129,40,128"
16709,"448,64,10"
16710,"18,17,3"
16711,"346,313,0"
16712,"42,41,40"
16713,"170,169,3"
16714,"49,24,23"
16715,"169,199,170"
16716,"54,10,40"
16717,"4,19,3"
16718,"89,26,23"
16719,"239,60,10"
16720,"11,10,40"
16721,"288,265,0"
16722,"337,170,169"
16723,"160,40,131"
16724,"235,8,0"
16725,"170,169,199"
16726,"50,3,23"
16727,"339,337,169"
16728,"497,0,288"
16729,"313,346,0"
16730,"12,11,10"
16731,"199,169,0"
16732,"70,3,4"
16733,"54,10,23"
16734,"501,313,0"
16735,"4,3,28"
16736,"21,40,3"
16737,"66,30,3"
16738,"311,199,169"
16739,"199,169,337"
16740,"402,145,40"
16741,"240,38,23"
16742,"206,8,0"
16743,"185,184,40"
16744,"3,126,21"
16745,"195,128,40"
16746,"90,10,64"
16747,"103,23,38"
16748,"235,8,0"
16749,"137,23,38"
16750,"170,169,199"
16751,"222,40,100"
16752,"260,169,170"
16753,"350,26,23"
16754,"89,26,23"
16755,"227,3,30"
16756,"112,111,3"
16757,"431,135,40"
16758,"24,23,38"
16759,"158,85,3"
16760,"4,435,3"
16761,"336,169,296"
16762,"350,23,26"
16763,"311,199,169"
16764,"204,13,3"
16765,"129,128,40"
16766,"3,15,17"
16767,"61,60,10"
16768,"148,3,147"
16769,"498,288,0"
16770,"118,74,23"
16771,"169,170,199"
16772,"187,21,3"
16773,"264,38,23"
16774,"315,160,40"
16775,"211,271,0"
16776,"169,199,170"
16777,"474,111,3"
16778,"246,23,38"
16779,"61,60,10"
16780,"523,3,53"
16781,"118,23,74"
16782,"145,10,40"
16783,"3,17,15"
16784,"182,21,3"
16785,"373,208,0"
16786,"497,288,0"
16787,"523,3,53"
16788,"148,3,147"
16789,"170,169,337"
16790,"236,135,40"
16791,"97,3,5"
16792,"193,131,40"
16793,"50,3,23"
16794,"17,40,3"
16795,"21,3,40"
16796,"159,40,131"
16797,"199,169,170"
16798,"457,0,218"
16799,"448,64,10"
16800,"8,206,0"
16801,"326,105,23"
16802,"180,3,120"
16803,"126,3,21"
16804,"19,3,4"
16805,"158,85,3"
16806,"224,41,40"
16807,"126,21,3"
16808,"334,160,40"
16809,"93,64,10"
16810,"226,40,131"
16811,"199,169,311"
16812,"43,24,23"
16813,"309,23,38"
16814,"264,23,38"
16815,"420,169,296"
16816,"214,213,0"
16817,"124,21,3"
16818,"129,128,40"
16819,"122,13,3"
16820,"170,169,199"
16821,"494,184,40"
16822,"187,3,21"
16823,"190,3,28"
16824,"124,21,3"
16825,"315,160,40"
16826,"163,162,40"
16827,"293,85,3"
16828,"126,3,21"
16829,"232,23,38"
16830,"431,135,40"
16831,"457,0,218"
16832,"106,105,23"
16833,"82,23,38"
16834,"308,8,0"
16835,"123,111,3"
16836,"169,170,199"
16837,"343,169,199"
16838,"311,170,169"
16839,"431,135,40"
16840,"42,40,41"
16841,"94,23,38"
16842,"43,24,23"
16843,"431,135,40"
16844,"191,41,40"
16845,"85,3,21"
16846,"508,169,426"
16847,"241,131,40"
16848,"226,40,131"
16849,"206,8,0"
16850,"456,271,0"
16851,"170,169,0"
16852,"366,271,0"
16853,"220,10,23"
16854,"12,10,11"
16855,"523,3,53"
16856,"506,13,3"
16857,"181,40,145"
16858,"181,145,40"
16859,"447,34,3"
16860,"40,486,131"
16861,"226,131,40"
16862,"145,40,10"
16863,"54,10,40"
16864,"254,216,0"
16865,"257,216,0"
16866,"62,24,23"
16867,"3,15,17"
16868,"369,208,0"
16869,"448,64,10"
16870,"523,3,53"
16871,"187,3,21"
16872,"93,64,10"
16873,"18,17,3"
16874,"12,10,11"
16875,"25,24,23"
16876,"199,311,169"
16877,"345,24,23"
16878,"421,229,0"
16879,"108,21,3"
16880,"376,0,265"
16881,"241,40,131"
16882,"367,100,40"
16883,"4,19,3"
16884,"168,17,3"
16885,"354,216,0"
16886,"40,128,145"
16887,"16,15,3"
16888,"144,15,3"
16889,"515,265,0"
16890,"148,3,147"
16891,"32,31,23"
16892,"170,169,199"
16893,"349,265,0"
16894,"40,21,3"
16895,"27,26,23"
16896,"523,53,3"
16897,"505,208,0"
16898,"326,105,23"
16899,"414,10,60"
16900,"68,3,53"
16901,"264,23,38"
16902,"244,135,40"
16903,"235,8,0"
16904,"497,288,0"
16905,"4,51,3"
16906,"42,41,40"
16907,"221,10,220"
16908,"148,3,147"
16909,"264,23,38"
16910,"21,3,40"
16911,"93,64,10"
16912,"264,23,38"
16913,"340,0,265"
16914,"331,5,3"
16915,"475,218,0"
16916,"507,169,296"
16917,"205,11,10"
16918,"3,148,147"
16919,"175,128,40"
16920,"54,10,40"
16921,"118,23,74"
16922,"187,3,21"
16923,"199,311,169"
16924,"11,10,40"
16925,"514,8,0"
16926,"522,271,0"
16927,"498,288,0"
16928,"448,64,10"
16929,"170,169,199"
16930,"54,64,10"
16931,"25,24,23"
16932,"257,216,0"
16933,"185,184,40"
16934,"187,3,21"
16935,"105,318,23"
16936,"170,169,199"
16937,"43,24,23"
16938,"204,3,13"
16939,"265,490,0"
16940,"337,199,169"
16941,"264,23,38"
16942,"220,221,10"
16943,"89,26,23"
16944,"43,24,23"
16945,"508,169,426"
16946,"130,128,40"
16947,"187,21,3"
16948,"3,178,30"
16949,"501,313,0"
16950,"115,21,3"
16951,"420,169,296"
16952,"118,23,74"
16953,"328,31,23"
16954,"43,24,23"
16955,"491,0,265"
16956,"213,252,0"
16957,"17,168,3"
16958,"450,169,170"
16959,"326,105,23"
16960,"46,34,3"
16961,"430,53,3"
16962,"382,169,199"
16963,"518,28,3"
16964,"336,296,169"
16965,"43,24,23"
16966,"175,40,128"
16967,"328,31,23"
16968,"436,169,170"
16969,"187,21,3"
16970,"205,11,10"
16971,"286,41,40"
16972,"181,145,40"
16973,"319,211,0"
16974,"96,31,23"
16975,"8,405,0"
16976,"21,102,3"
16977,"242,220,10"
16978,"134,40,131"
16979,"49,24,23"
16980,"14,3,13"
16981,"76,40,23"
16982,"54,10,220"
16983,"145,10,40"
16984,"175,128,40"
16985,"32,31,23"
16986,"335,64,10"
16987,"238,3,4"
16988,"21,40,3"
16989,"129,128,40"
16990,"347,255,0"
16991,"40,128,145"
16992,"472,111,3"
16993,"134,131,40"
16994,"43,24,23"
16995,"284,111,3"
16996,"14,13,3"
16997,"447,3,34"
16998,"220,510,10"
16999,"77,31,23"
17000,"214,213,0"
17001,"340,265,0"
17002,"155,139,40"
17003,"204,3,13"
17004,"40,3,34"
17005,"129,128,40"
17006,"175,40,128"
17007,"66,3,30"
17008,"467,53,3"
17009,"220,10,23"
17010,"96,31,23"
17011,"170,169,40"
17012,"21,3,126"
17013,"442,64,10"
17014,"430,3,53"
17015,"340,265,0"
17016,"284,111,3"
17017,"282,3,111"
17018,"43,24,23"
17019,"87,38,23"
17020,"414,10,60"
17021,"264,23,38"
17022,"340,265,0"
17023,"89,26,23"
17024,"422,216,0"
17025,"416,53,3"
17026,"311,170,169"
17027,"181,40,145"
17028,"76,3,23"
17029,"447,3,34"
17030,"199,169,170"
17031,"129,40,128"
17032,"181,145,40"
17033,"406,40,131"
17034,"89,23,26"
17035,"264,23,38"
17036,"185,184,40"
17037,"41,3,40"
17038,"4,435,3"
17039,"145,10,40"
17040,"419,10,11"
17041,"183,4,3"
17042,"15,3,16"
17043,"96,31,23"
17044,"354,216,0"
17045,"278,0,277"
17046,"170,199,169"
17047,"93,64,10"
17048,"27,26,23"
17049,"115,21,3"
17050,"32,31,23"
17051,"457,0,218"
17052,"308,8,0"
17053,"448,64,10"
17054,"311,426,169"
17055,"137,23,38"
17056,"448,64,10"
17057,"523,3,53"
17058,"199,170,169"
17059,"409,265,0"
17060,"40,128,145"
17061,"181,40,145"
17062,"2,1,0"
17063,"3,4,435"
17064,"376,0,265"
17065,"187,21,3"
17066,"447,3,34"
17067,"142,131,40"
17068,"170,199,169"
17069,"187,21,3"
17070,"366,271,0"
17071,"43,24,23"
17072,"181,145,40"
17073,"25,24,23"
17074,"107,23,38"
17075,"111,3,15"
17076,"93,64,10"
17077,"205,11,10"
17078,"118,74,23"
17079,"4,3,19"
17080,"436,169,170"
17081,"65,64,10"
17082,"322,54,10"
17083,"219,30,3"
17084,"241,40,131"
17085,"182,21,3"
17086,"524,145,40"
17087,"32,31,23"
17088,"126,21,3"
17089,"123,111,3"
17090,"146,145,40"
17091,"108,21,3"
17092,"21,3,40"
17093,"460,169,296"
17094,"420,296,169"
17095,"7,4,3"
17096,"130,128,40"
17097,"108,21,3"
17098,"220,242,10"
17099,"187,3,21"
17100,"21,3,108"
17101,"169,170,199"
17102,"199,0,169"
17103,"304,216,0"
17104,"3,15,17"
17105,"340,265,0"
17106,"54,95,10"
17107,"399,265,0"
17108,"54,10,40"
17109,"226,131,40"
17110,"3,265,0"
17111,"430,53,3"
17112,"182,21,3"
17113,"85,86,3"
17114,"435,4,3"
17115,"406,131,40"
17116,"231,26,23"
17117,"278,277,0"
17118,"265,415,0"
17119,"348,255,0"
17120,"89,26,23"
17121,"80,10,64"
17122,"160,302,40"
17123,"160,315,40"
17124,"326,105,23"
17125,"15,16,3"
17126,"199,169,0"
17127,"170,169,199"
17128,"309,23,38"
17129,"2,1,0"
17130,"345,24,23"
17131,"188,3,4"
17132,"82,23,38"
17133,"43,24,23"
17134,"43,24,23"
17135,"387,0,218"
17136,"399,265,0"
17137,"11,10,23"
17138,"213,271,0"
17139,"332,3,53"
17140,"187,21,3"
17141,"4,19,3"
17142,"318,105,23"
17143,"116,34,3"
17144,"40,486,131"
17145,"139,40,41"
17146,"311,170,169"
17147,"211,216,0"
17148,"375,4,3"
17149,"129,128,40"
17150,"220,10,23"
17151,"43,24,23"
17152,"40,128,145"
17153,"511,313,0"
17154,"100,40,128"
17155,"11,10,40"
17156,"181,145,40"
17157,"170,199,169"
17158,"351,0,218"
17159,"160,334,40"
17160,"484,0,255"
17161,"127,21,3"
17162,"415,265,0"
17163,"181,145,40"
17164,"145,10,40"
17165,"308,8,0"
17166,"267,3,111"
17167,"43,24,23"
17168,"115,21,3"
17169,"43,24,23"
17170,"144,15,3"
17171,"229,421,0"
17172,"239,60,10"
17173,"264,23,38"
17174,"493,145,40"
17175,"129,128,40"
17176,"338,64,10"
17177,"126,21,3"
17178,"181,145,40"
17179,"315,160,40"
17180,"324,40,41"
17181,"493,145,40"
17182,"145,10,40"
17183,"281,199,169"
17184,"93,64,10"
17185,"199,311,169"
17186,"367,100,40"
17187,"285,8,0"
17188,"244,40,135"
17189,"337,169,0"
17190,"11,10,3"
17191,"138,135,40"
17192,"453,0,208"
17193,"84,23,74"
17194,"220,10,23"
17195,"356,169,199"
17196,"181,145,40"
17197,"444,271,0"
17198,"187,21,3"
17199,"206,8,0"
17200,"145,10,40"
17201,"115,3,21"
17202,"100,169,40"
17203,"326,105,23"
17204,"206,8,0"
17205,"12,11,10"
17206,"271,0,218"
17207,"170,169,199"
17208,"30,66,3"
17209,"135,40,23"
17210,"153,139,40"
17211,"350,26,23"
17212,"175,40,128"
17213,"326,105,23"
17214,"145,10,40"
17215,"309,23,38"
17216,"134,131,40"
17217,"206,8,0"
17218,"156,3,147"
17219,"176,4,3"
17220,"82,23,38"
17221,"21,3,40"
17222,"62,24,23"
17223,"187,21,3"
17224,"18,17,3"
17225,"40,128,145"
17226,"493,145,40"
17227,"448,64,10"
17228,"92,10,60"
17229,"124,21,3"
17230,"43,24,23"
17231,"106,105,23"
17232,"240,23,38"
17233,"204,13,3"
17234,"160,196,40"
17235,"315,160,40"
17236,"228,3,5"
17237,"199,169,23"
17238,"118,23,74"
17239,"448,64,10"
17240,"228,5,3"
17241,"21,3,40"
17242,"427,426,169"
17243,"4,238,3"
17244,"43,24,23"
17245,"326,105,23"
17246,"10,145,40"
17247,"481,0,218"
17248,"187,21,3"
17249,"330,3,28"
17250,"54,10,40"
17251,"325,53,3"
17252,"224,41,40"
17253,"137,23,38"
17254,"440,23,38"
17255,"182,3,21"
17256,"139,153,40"
17257,"165,23,74"
17258,"199,169,23"
17259,"21,102,3"
17260,"170,169,3"
17261,"40,128,145"
17262,"181,145,40"
17263,"164,21,3"
17264,"137,23,38"
17265,"350,26,23"
17266,"93,10,64"
17267,"170,169,199"
17268,"257,216,0"
17269,"42,41,40"
17270,"19,4,3"
17271,"181,145,40"
17272,"311,3,169"
17273,"3,169,199"
17274,"432,277,0"
17275,"231,26,23"
17276,"240,23,38"
17277,"391,8,0"
17278,"417,169,296"
17279,"507,296,169"
17280,"523,3,53"
17281,"430,53,3"
17282,"103,23,38"
17283,"523,3,53"
17284,"363,271,0"
17285,"514,8,0"
17286,"206,8,0"
17287,"145,10,40"
17288,"66,30,3"
17289,"186,40,128"
17290,"343,199,169"
17291,"21,3,169"
17292,"115,21,3"
17293,"326,105,23"
17294,"21,3,40"
17295,"21,3,40"
17296,"493,145,40"
17297,"170,169,199"
17298,"344,265,0"
17299,"12,10,11"
17300,"165,74,23"
17301,"91,23,38"
17302,"199,170,169"
17303,"337,169,0"
17304,"230,229,0"
17305,"90,64,10"
17306,"311,169,0"
17307,"48,21,3"
17308,"149,41,40"
17309,"199,169,170"
17310,"18,17,3"
17311,"433,3,4"
17312,"326,105,23"
17313,"85,15,3"
17314,"4,7,3"
17315,"316,30,3"
17316,"93,64,10"
17317,"137,23,38"
17318,"326,105,23"
17319,"3,19,4"
17320,"389,3,53"
17321,"288,0,265"
17322,"447,34,3"
17323,"239,60,10"
17324,"311,3,169"
17325,"54,10,40"
17326,"148,3,147"
17327,"228,3,5"
17328,"315,160,40"
17329,"271,0,208"
17330,"92,10,60"
17331,"74,23,105"
17332,"18,17,3"
17333,"62,24,23"
17334,"82,23,38"
17335,"326,105,23"
17336,"108,21,3"
17337,"90,64,10"
17338,"272,271,0"
17339,"448,64,10"
17340,"151,40,41"
17341,"241,131,40"
17342,"145,10,40"
17343,"92,60,10"
17344,"508,169,426"
17345,"181,40,145"
17346,"40,142,131"
17347,"501,313,0"
17348,"402,145,40"
17349,"264,23,38"
17350,"137,38,23"
17351,"451,3,50"
17352,"135,40,23"
17353,"264,23,38"
17354,"206,8,0"
17355,"27,26,23"
17356,"93,64,10"
17357,"233,51,3"
17358,"317,74,23"
17359,"455,271,0"
17360,"284,111,3"
17361,"49,24,23"
17362,"43,24,23"
17363,"257,216,0"
17364,"187,21,3"
17365,"3,68,53"
17366,"526,296,169"
17367,"243,40,184"
17368,"43,24,23"
17369,"40,145,10"
17370,"138,135,40"
17371,"242,220,10"
17372,"448,64,10"
17373,"89,26,23"
17374,"106,105,23"
17375,"220,10,23"
17376,"522,271,0"
17377,"152,151,40"
17378,"170,169,0"
17379,"131,40,486"
17380,"304,216,0"
17381,"188,4,3"
17382,"448,64,10"
17383,"91,23,38"
17384,"49,24,23"
17385,"14,13,3"
17386,"199,170,169"
17387,"221,220,10"
17388,"186,40,128"
17389,"168,3,17"
17390,"60,10,3"
17391,"186,40,128"
17392,"283,74,23"
17393,"220,10,23"
17394,"493,145,40"
17395,"169,199,170"
17396,"293,3,85"
17397,"202,111,3"
17398,"11,10,40"
17399,"226,40,131"
17400,"187,21,3"
17401,"224,41,40"
17402,"43,24,23"
17403,"106,105,23"
17404,"181,40,145"
17405,"231,26,23"
17406,"40,21,3"
17407,"231,26,23"
17408,"32,23,31"
17409,"170,169,199"
17410,"396,395,40"
17411,"48,21,3"
17412,"220,221,10"
17413,"43,24,23"
17414,"118,23,74"
17415,"316,30,3"
17416,"206,8,0"
17417,"8,308,0"
17418,"328,31,23"
17419,"435,4,3"
17420,"160,334,40"
17421,"181,145,40"
17422,"368,184,40"
17423,"90,64,10"
17424,"115,3,21"
17425,"448,64,10"
17426,"145,10,40"
17427,"32,23,31"
17428,"138,135,40"
17429,"372,255,0"
17430,"197,10,60"
17431,"455,0,271"
17432,"170,169,10"
17433,"32,31,23"
17434,"21,102,3"
17435,"170,3,169"
17436,"108,21,3"
17437,"11,40,10"
17438,"420,296,169"
17439,"356,169,199"
17440,"264,23,38"
17441,"209,0,208"
17442,"395,40,23"
17443,"3,21,40"
17444,"488,0,265"
17445,"334,160,40"
17446,"235,8,0"
17447,"3,311,169"
17448,"89,26,23"
17449,"19,3,4"
17450,"456,271,0"
17451,"88,23,38"
17452,"402,145,40"
17453,"199,311,169"
17454,"164,21,3"
17455,"103,23,38"
17456,"148,3,147"
17457,"355,271,0"
17458,"61,60,10"
17459,"205,11,10"
17460,"326,105,23"
17461,"130,128,40"
17462,"185,184,40"
17463,"220,10,23"
17464,"3,170,169"
17465,"199,281,169"
17466,"89,26,23"
17467,"3,435,4"
17468,"112,3,111"
17469,"107,23,38"
17470,"241,40,131"
17471,"145,10,40"
17472,"406,40,131"
17473,"448,64,10"
17474,"11,10,40"
17475,"107,23,38"
17476,"137,23,38"
17477,"508,169,426"
17478,"192,23,38"
17479,"454,31,23"
17480,"220,10,23"
17481,"108,21,3"
17482,"82,23,38"
17483,"326,105,23"
17484,"80,64,10"
17485,"326,105,23"
17486,"295,135,40"
17487,"284,3,111"
17488,"176,3,4"
17489,"216,213,0"
17490,"414,60,10"
17491,"60,10,3"
17492,"215,40,41"
17493,"19,4,3"
17494,"115,21,3"
17495,"170,199,169"
17496,"239,60,10"
17497,"382,199,169"
17498,"21,3,169"
17499,"201,41,40"
17500,"188,4,3"
17501,"21,40,3"
17502,"376,265,0"
17503,"93,64,10"
17504,"40,128,145"
17505,"209,0,208"
17506,"235,8,0"
17507,"455,0,271"
17508,"242,10,220"
17509,"122,3,13"
17510,"205,11,10"
17511,"368,184,40"
17512,"267,111,3"
17513,"489,60,10"
17514,"228,3,5"
17515,"494,40,184"
17516,"96,31,23"
17517,"108,21,3"
17518,"355,271,0"
17519,"137,23,38"
17520,"138,135,40"
17521,"21,3,169"
17522,"115,21,3"
17523,"448,64,10"
17524,"273,265,0"
17525,"382,169,199"
17526,"220,510,10"
17527,"238,4,3"
17528,"355,271,0"
17529,"40,131,132"
17530,"9,8,0"
17531,"181,40,145"
17532,"231,26,23"
17533,"340,265,0"
17534,"337,0,169"
17535,"345,24,23"
17536,"356,199,169"
17537,"8,288,0"
17538,"329,169,170"
17539,"349,265,0"
17540,"99,53,3"
17541,"217,3,120"
17542,"84,23,74"
17543,"3,447,34"
17544,"187,21,3"
17545,"460,296,169"
17546,"508,169,426"
17547,"21,108,3"
17548,"42,41,40"
17549,"12,10,11"
17550,"21,102,3"
17551,"431,135,40"
17552,"380,216,0"
17553,"199,281,169"
17554,"40,131,486"
17555,"238,3,4"
17556,"93,10,64"
17557,"279,249,0"
17558,"396,395,40"
17559,"369,208,0"
17560,"89,26,23"
17561,"415,265,0"
17562,"96,31,23"
17563,"199,169,311"
17564,"206,8,0"
17565,"21,115,3"
17566,"524,145,40"
17567,"21,3,147"
17568,"249,216,0"
17569,"340,265,0"
17570,"42,41,40"
17571,"174,4,3"
17572,"447,34,3"
17573,"152,151,40"
17574,"148,3,147"
17575,"82,23,38"
17576,"21,187,3"
17577,"90,64,10"
17578,"181,40,145"
17579,"524,145,40"
17580,"130,128,40"
17581,"335,64,10"
17582,"231,26,23"
17583,"21,187,3"
17584,"169,436,170"
17585,"62,24,23"
17586,"435,4,3"
17587,"350,26,23"
17588,"49,24,23"
17589,"301,3,21"
17590,"93,64,10"
17591,"326,105,23"
17592,"199,170,169"
17593,"11,10,40"
17594,"431,40,135"
17595,"42,41,40"
17596,"21,3,169"
17597,"91,23,38"
17598,"129,40,128"
17599,"129,128,40"
17600,"97,5,3"
17601,"10,145,40"
17602,"330,3,28"
17603,"220,10,23"
17604,"326,105,23"
17605,"409,265,0"
17606,"160,40,23"
17607,"311,3,169"
17608,"475,218,0"
17609,"326,105,23"
17610,"15,3,34"
17611,"170,169,40"
17612,"435,3,4"
17613,"182,21,3"
17614,"278,277,0"
17615,"187,3,21"
17616,"32,23,31"
17617,"228,5,3"
17618,"63,38,23"
17619,"21,3,40"
17620,"32,23,31"
17621,"1,0,313"
17622,"404,111,3"
17623,"260,170,169"
17624,"170,169,10"
17625,"239,10,60"
17626,"410,8,0"
17627,"241,40,131"
17628,"220,10,23"
17629,"187,3,21"
17630,"317,23,74"
17631,"43,24,23"
17632,"221,10,220"
17633,"66,3,30"
17634,"206,8,0"
17635,"123,111,3"
17636,"187,3,21"
17637,"447,3,34"
17638,"43,24,23"
17639,"54,95,10"
17640,"264,23,38"
17641,"466,40,131"
17642,"54,83,10"
17643,"170,169,199"
17644,"187,3,21"
17645,"43,24,23"
17646,"145,10,40"
17647,"308,8,0"
17648,"47,24,23"
17649,"33,21,3"
17650,"3,15,17"
17651,"32,31,23"
17652,"170,199,169"
17653,"205,11,10"
17654,"287,53,3"
17655,"420,296,169"
17656,"187,21,3"
17657,"8,405,0"
17658,"47,24,23"
17659,"306,296,169"
17660,"397,0,313"
17661,"397,0,313"
17662,"43,24,23"
17663,"91,23,38"
17664,"170,169,40"
17665,"284,3,111"
17666,"42,41,40"
17667,"90,64,10"
17668,"11,10,40"
17669,"490,265,0"
17670,"286,41,40"
17671,"137,23,38"
17672,"343,169,199"
17673,"435,4,3"
17674,"242,10,220"
17675,"163,40,162"
17676,"220,10,23"
17677,"107,23,38"
17678,"336,296,169"
17679,"32,23,31"
17680,"220,10,23"
17681,"199,170,169"
17682,"19,3,4"
17683,"488,265,0"
17684,"493,145,40"
17685,"169,337,426"
17686,"325,3,53"
17687,"137,38,23"
17688,"93,64,10"
17689,"21,3,108"
17690,"263,34,3"
17691,"58,3,17"
17692,"91,23,38"
17693,"134,40,131"
17694,"383,0,208"
17695,"149,40,41"
17696,"181,40,145"
17697,"451,3,50"
17698,"240,23,38"
17699,"170,199,169"
17700,"54,10,60"
17701,"376,265,0"
17702,"145,10,40"
17703,"129,128,40"
17704,"199,170,169"
17705,"242,10,220"
17706,"3,311,169"
17707,"181,40,145"
17708,"235,8,0"
17709,"199,169,40"
17710,"286,40,41"
17711,"457,0,218"
17712,"185,184,40"
17713,"52,3,51"
17714,"38,23,24"
17715,"54,10,40"
17716,"168,17,3"
17717,"283,23,74"
17718,"42,41,40"
17719,"498,0,288"
17720,"145,10,40"
17721,"3,4,174"
17722,"148,3,147"
17723,"135,141,40"
17724,"187,21,3"
17725,"271,288,0"
17726,"17,3,40"
17727,"459,170,169"
17728,"258,31,23"
17729,"330,3,28"
17730,"181,40,145"
17731,"100,40,128"
17732,"345,23,24"
17733,"221,10,220"
17734,"238,4,3"
17735,"326,105,23"
17736,"187,21,3"
17737,"43,24,23"
17738,"326,105,23"
17739,"448,64,10"
17740,"448,64,10"
17741,"336,296,169"
17742,"3,108,21"
17743,"146,145,40"
17744,"112,111,3"
17745,"286,40,41"
17746,"396,40,395"
17747,"7,4,3"
17748,"335,64,10"
17749,"53,3,21"
17750,"24,23,38"
17751,"124,21,3"
17752,"220,10,23"
17753,"40,76,23"
17754,"199,169,337"
17755,"82,23,38"
17756,"448,64,10"
17757,"170,169,199"
17758,"24,23,38"
17759,"382,199,169"
17760,"356,169,199"
17761,"24,23,38"
17762,"318,105,23"
17763,"43,24,23"
17764,"216,0,265"
17765,"134,131,40"
17766,"276,265,0"
17767,"467,3,53"
17768,"91,23,38"
17769,"41,3,40"
17770,"237,34,3"
17771,"187,21,3"
17772,"315,40,160"
17773,"415,265,0"
17774,"15,16,3"
17775,"301,21,3"
17776,"27,26,23"
17777,"460,296,169"
17778,"211,216,0"
17779,"220,10,23"
17780,"355,271,0"
17781,"199,169,311"
17782,"209,0,208"
17783,"291,271,0"
17784,"220,10,23"
17785,"269,0,218"
17786,"3,21,169"
17787,"176,4,3"
17788,"65,64,10"
17789,"109,11,10"
17790,"337,169,199"
17791,"3,170,169"
17792,"186,40,128"
17793,"220,0,10"
17794,"187,21,3"
17795,"40,486,131"
17796,"376,265,0"
17797,"21,3,23"
17798,"40,145,10"
17799,"80,64,10"
17800,"153,139,40"
17801,"18,17,3"
17802,"13,3,40"
17803,"169,170,199"
17804,"24,23,38"
17805,"189,135,40"
17806,"258,31,23"
17807,"21,3,0"
17808,"51,52,3"
17809,"267,111,3"
17810,"21,124,3"
17811,"326,105,23"
17812,"135,386,40"
17813,"23,24,38"
17814,"409,265,0"
17815,"77,31,23"
17816,"43,24,23"
17817,"215,40,41"
17818,"187,21,3"
17819,"459,170,169"
17820,"102,21,3"
17821,"508,169,426"
17822,"148,147,3"
17823,"216,265,0"
17824,"155,139,40"
17825,"494,184,40"
17826,"181,40,145"
17827,"93,64,10"
17828,"314,0,313"
17829,"165,74,23"
17830,"160,315,40"
17831,"21,3,40"
17832,"3,238,4"
17833,"27,26,23"
17834,"93,64,10"
17835,"43,24,23"
17836,"43,24,23"
17837,"264,23,38"
17838,"239,60,10"
17839,"8,308,0"
17840,"145,10,40"
17841,"231,26,23"
17842,"340,265,0"
17843,"64,461,10"
17844,"62,23,24"
17845,"11,10,40"
17846,"206,8,0"
17847,"16,15,3"
17848,"60,10,3"
17849,"19,4,3"
17850,"224,41,40"
17851,"77,31,23"
17852,"4,3,51"
17853,"129,128,40"
17854,"456,271,0"
17855,"355,271,0"
17856,"326,105,23"
17857,"141,40,135"
17858,"206,8,0"
17859,"199,311,169"
17860,"264,23,38"
17861,"425,265,0"
17862,"170,169,337"
17863,"338,64,10"
17864,"3,17,15"
17865,"338,64,10"
17866,"21,10,3"
17867,"3,148,147"
17868,"60,10,3"
17869,"334,160,40"
17870,"224,41,40"
17871,"311,426,169"
17872,"343,169,199"
17873,"145,10,40"
17874,"18,17,3"
17875,"10,54,40"
17876,"118,23,74"
17877,"149,41,40"
17878,"370,216,0"
17879,"195,128,40"
17880,"250,40,135"
17881,"484,0,255"
17882,"181,40,145"
17883,"308,8,0"
17884,"8,0,23"
17885,"384,265,0"
17886,"21,124,3"
17887,"132,131,40"
17888,"129,128,40"
17889,"327,8,0"
17890,"124,21,3"
17891,"182,21,3"
17892,"181,40,145"
17893,"270,8,0"
17894,"417,169,296"
17895,"500,21,3"
17896,"168,17,3"
17897,"187,21,3"
17898,"3,238,4"
17899,"41,184,40"
17900,"84,23,74"
17901,"238,4,3"
17902,"94,23,38"
17903,"14,13,3"
17904,"199,281,169"
17905,"337,0,169"
17906,"376,0,265"
17907,"220,10,40"
17908,"33,21,3"
17909,"21,3,40"
17910,"96,31,23"
17911,"23,38,24"
17912,"145,10,40"
17913,"43,24,23"
17914,"247,160,40"
17915,"264,23,38"
17916,"181,40,145"
17917,"93,10,64"
17918,"170,169,199"
17919,"199,170,169"
17920,"358,357,0"
17921,"163,40,162"
17922,"19,3,4"
17923,"160,3,40"
17924,"103,23,38"
17925,"8,235,0"
17926,"91,23,38"
17927,"40,226,131"
17928,"39,23,38"
17929,"240,23,38"
17930,"285,8,0"
17931,"417,169,296"
17932,"213,271,0"
17933,"134,40,131"
17934,"35,3,40"
17935,"21,3,40"
17936,"187,3,21"
17937,"3,311,169"
17938,"199,169,311"
17939,"206,8,0"
17940,"264,23,38"
17941,"43,24,23"
17942,"2,0,1"
17943,"205,11,10"
17944,"91,23,38"
17945,"309,23,38"
17946,"189,135,40"
17947,"186,128,40"
17948,"175,128,40"
17949,"224,41,40"
17950,"111,3,21"
17951,"300,296,169"
17952,"96,31,23"
17953,"115,21,3"
17954,"206,8,0"
17955,"149,41,40"
17956,"337,169,311"
17957,"90,64,10"
17958,"356,169,199"
17959,"363,271,0"
17960,"21,3,40"
17961,"10,145,40"
17962,"97,3,5"
17963,"165,23,74"
17964,"221,10,220"
17965,"155,139,40"
17966,"145,10,40"
17967,"139,40,128"
17968,"14,13,3"
17969,"381,357,0"
17970,"107,23,38"
17971,"169,199,170"
17972,"210,3,4"
17973,"191,40,41"
17974,"495,23,105"
17975,"206,8,0"
17976,"187,3,21"
17977,"163,40,162"
17978,"181,145,40"
17979,"235,8,0"
17980,"199,311,169"
17981,"66,30,3"
17982,"315,160,40"
17983,"395,40,23"
17984,"145,40,0"
17985,"145,10,40"
17986,"388,3,111"
17987,"181,40,145"
17988,"36,35,3"
17989,"318,105,23"
17990,"187,21,3"
17991,"52,51,3"
17992,"204,13,3"
17993,"190,28,3"
17994,"175,128,40"
17995,"14,13,3"
17996,"40,486,131"
17997,"126,21,3"
17998,"137,23,38"
17999,"199,169,337"
18000,"21,10,3"
18001,"258,31,23"
18002,"485,313,0"
18003,"220,10,40"
18004,"220,10,23"
18005,"300,296,169"
18006,"25,24,23"
18007,"77,31,23"
18008,"349,265,0"
18009,"367,40,100"
18010,"286,40,41"
18011,"305,21,3"
18012,"32,31,23"
18013,"420,296,169"
18014,"340,265,0"
18015,"170,169,199"
18016,"12,11,10"
18017,"457,0,218"
18018,"209,0,208"
18019,"181,145,40"
18020,"317,23,74"
18021,"220,221,10"
18022,"78,23,38"
18023,"430,53,3"
18024,"54,10,0"
18025,"148,3,147"
18026,"463,255,0"
18027,"40,76,23"
18028,"63,23,38"
18029,"48,21,3"
18030,"235,8,0"
18031,"500,21,3"
18032,"444,271,0"
18033,"163,162,40"
18034,"220,10,23"
18035,"68,3,53"
18036,"170,169,199"
18037,"336,296,169"
18038,"436,170,169"
18039,"43,24,23"
18040,"12,11,10"
18041,"23,24,38"
18042,"396,395,40"
18043,"182,3,21"
18044,"160,315,40"
18045,"188,4,3"
18046,"146,145,40"
18047,"335,64,10"
18048,"97,5,3"
18049,"108,3,21"
18050,"317,74,23"
18051,"115,21,3"
18052,"146,40,145"
18053,"32,23,31"
18054,"18,17,3"
18055,"322,54,10"
18056,"122,3,13"
18057,"185,184,40"
18058,"170,169,199"
18059,"21,3,169"
18060,"226,40,131"
18061,"149,40,41"
18062,"368,184,40"
18063,"205,11,10"
18064,"238,4,3"
18065,"326,105,23"
18066,"40,128,145"
18067,"264,23,38"
18068,"42,41,40"
18069,"370,216,0"
18070,"232,23,38"
18071,"181,145,40"
18072,"268,3,120"
18073,"185,184,40"
18074,"182,21,3"
18075,"181,145,40"
18076,"62,24,23"
18077,"160,247,40"
18078,"296,411,169"
18079,"228,5,3"
18080,"337,311,169"
18081,"368,184,40"
18082,"14,13,3"
18083,"90,64,10"
18084,"441,111,3"
18085,"85,3,169"
18086,"238,3,4"
18087,"115,21,3"
18088,"21,3,147"
18089,"152,151,40"
18090,"181,40,145"
18091,"32,23,31"
18092,"42,40,41"
18093,"264,23,38"
18094,"156,3,147"
18095,"93,64,10"
18096,"170,169,40"
18097,"335,64,10"
18098,"448,64,10"
18099,"206,8,0"
18100,"335,64,10"
18101,"187,21,3"
18102,"19,4,3"
18103,"421,229,0"
18104,"137,38,23"
18105,"145,40,10"
18106,"315,160,40"
18107,"32,23,31"
18108,"226,131,40"
18109,"11,10,40"
18110,"40,132,131"
18111,"326,105,23"
18112,"97,3,5"
18113,"6,5,3"
18114,"85,21,3"
18115,"123,111,3"
18116,"112,111,3"
18117,"148,3,147"
18118,"187,3,21"
18119,"21,3,40"
18120,"182,3,21"
18121,"93,64,10"
18122,"181,145,40"
18123,"134,131,40"
18124,"148,3,147"
18125,"369,208,0"
18126,"238,4,3"
18127,"264,23,38"
18128,"455,271,0"
18129,"43,24,23"
18130,"235,8,0"
18131,"325,3,53"
18132,"326,105,23"
18133,"97,5,3"
18134,"348,0,255"
18135,"267,111,3"
18136,"285,8,0"
18137,"49,24,23"
18138,"13,14,3"
18139,"448,64,10"
18140,"137,23,38"
18141,"409,265,0"
18142,"54,322,10"
18143,"241,131,40"
18144,"3,15,17"
18145,"326,105,23"
18146,"54,83,10"
18147,"447,3,34"
18148,"494,40,184"
18149,"435,4,3"
18150,"436,169,170"
18151,"43,24,23"
18152,"145,10,40"
18153,"510,10,220"
18154,"206,8,0"
18155,"205,11,10"
18156,"496,40,395"
18157,"135,236,40"
18158,"382,169,199"
18159,"19,4,3"
18160,"385,3,5"
18161,"21,3,169"
18162,"18,17,3"
18163,"89,26,23"
18164,"448,64,10"
18165,"346,313,0"
18166,"510,10,220"
18167,"62,24,23"
18168,"145,10,40"
18169,"263,34,3"
18170,"106,105,23"
18171,"48,21,3"
18172,"181,145,40"
18173,"49,24,23"
18174,"21,3,169"
18175,"170,169,199"
18176,"4,238,3"
18177,"317,74,23"
18178,"355,271,0"
18179,"124,21,3"
18180,"326,105,23"
18181,"447,34,3"
18182,"515,265,0"
18183,"104,3,30"
18184,"181,145,40"
18185,"66,3,30"
18186,"228,5,3"
18187,"181,145,40"
18188,"402,145,40"
18189,"93,64,10"
18190,"160,315,40"
18191,"348,255,0"
18192,"509,218,0"
18193,"325,53,3"
18194,"406,131,40"
18195,"21,3,40"
18196,"467,53,3"
18197,"181,145,40"
18198,"129,128,40"
18199,"350,26,23"
18200,"82,23,38"
18201,"170,169,199"
18202,"493,145,40"
18203,"313,213,0"
18204,"146,145,40"
18205,"33,21,3"
18206,"231,26,23"
18207,"456,271,0"
18208,"145,40,395"
18209,"43,24,23"
18210,"3,15,17"
18211,"3,57,5"
18212,"62,23,24"
18213,"48,21,3"
18214,"142,40,131"
18215,"325,3,53"
18216,"15,3,147"
18217,"290,31,23"
18218,"148,3,147"
18219,"204,3,13"
18220,"129,128,40"
18221,"271,0,23"
18222,"497,0,288"
18223,"21,3,40"
18224,"455,271,0"
18225,"460,296,169"
18226,"199,169,170"
18227,"169,170,199"
18228,"448,64,10"
18229,"40,131,486"
18230,"290,23,31"
18231,"40,128,145"
18232,"206,8,0"
18233,"390,53,3"
18234,"6,5,3"
18235,"21,3,40"
18236,"325,3,53"
18237,"321,271,0"
18238,"366,271,0"
18239,"175,128,40"
18240,"187,21,3"
18241,"308,8,0"
18242,"264,23,38"
18243,"523,53,3"
18244,"48,21,3"
18245,"85,3,169"
18246,"309,23,38"
18247,"122,13,3"
18248,"340,265,0"
18249,"434,0,1"
18250,"2,1,0"
18251,"170,169,23"
18252,"220,10,23"
18253,"187,21,3"
18254,"448,64,10"
18255,"324,41,40"
18256,"187,21,3"
18257,"435,3,4"
18258,"220,10,23"
18259,"165,74,23"
18260,"460,169,296"
18261,"3,21,40"
18262,"170,169,199"
18263,"62,23,24"
18264,"402,145,40"
18265,"514,8,0"
18266,"429,271,0"
18267,"170,169,199"
18268,"205,11,10"
18269,"493,145,40"
18270,"164,21,3"
18271,"18,17,3"
18272,"321,0,271"
18273,"128,129,40"
18274,"139,140,40"
18275,"382,199,169"
18276,"340,265,0"
18277,"304,216,0"
18278,"2,1,0"
18279,"91,23,38"
18280,"193,40,131"
18281,"145,40,10"
18282,"21,40,3"
18283,"3,108,21"
18284,"126,3,21"
18285,"304,216,0"
18286,"523,3,53"
18287,"396,395,40"
18288,"21,3,40"
18289,"478,40,145"
18290,"382,199,169"
18291,"121,3,120"
18292,"181,145,40"
18293,"66,3,30"
18294,"148,3,147"
18295,"154,21,3"
18296,"292,3,53"
18297,"369,0,208"
18298,"355,271,0"
18299,"181,145,40"
18300,"47,24,23"
18301,"21,115,3"
18302,"264,23,38"
18303,"94,23,38"
18304,"21,126,3"
18305,"4,19,3"
18306,"271,0,208"
18307,"410,8,0"
18308,"285,8,0"
18309,"350,26,23"
18310,"339,337,169"
18311,"260,170,169"
18312,"326,105,23"
18313,"8,308,0"
18314,"380,216,0"
18315,"209,208,0"
18316,"206,8,0"
18317,"142,131,40"
18318,"90,64,10"
18319,"170,169,199"
18320,"187,3,21"
18321,"43,24,23"
18322,"43,24,23"
18323,"307,74,23"
18324,"448,64,10"
18325,"425,265,0"
18326,"456,271,0"
18327,"448,64,10"
18328,"406,131,40"
18329,"126,3,21"
18330,"264,23,38"
18331,"187,21,3"
18332,"330,3,28"
18333,"145,40,10"
18334,"225,3,120"
18335,"128,40,23"
18336,"242,220,10"
18337,"315,160,40"
18338,"168,17,3"
18339,"146,145,40"
18340,"66,3,30"
18341,"3,21,169"
18342,"163,162,40"
18343,"220,10,23"
18344,"124,21,3"
18345,"448,64,10"
18346,"139,3,40"
18347,"93,64,10"
18348,"21,115,3"
18349,"170,169,199"
18350,"382,199,169"
18351,"427,169,426"
18352,"315,160,40"
18353,"129,128,40"
18354,"150,13,3"
18355,"93,64,10"
18356,"145,10,40"
18357,"16,3,15"
18358,"199,170,169"
18359,"42,40,41"
18360,"139,140,40"
18361,"227,3,30"
18362,"170,337,169"
18363,"43,24,23"
18364,"36,35,3"
18365,"205,11,10"
18366,"51,34,3"
18367,"237,34,3"
18368,"348,255,0"
18369,"149,40,41"
18370,"488,265,0"
18371,"192,23,38"
18372,"3,126,21"
18373,"436,169,170"
18374,"22,3,21"
18375,"306,296,169"
18376,"242,10,220"
18377,"226,40,131"
18378,"511,313,0"
18379,"435,4,3"
18380,"500,3,21"
18381,"369,208,0"
18382,"187,21,3"
18383,"457,0,218"
18384,"523,3,53"
18385,"368,40,184"
18386,"507,169,296"
18387,"54,83,10"
18388,"187,3,21"
18389,"422,216,0"
18390,"409,265,0"
18391,"186,40,128"
18392,"8,514,0"
18393,"375,4,3"
18394,"327,8,0"
18395,"231,26,23"
18396,"285,8,0"
18397,"18,17,3"
18398,"40,486,131"
18399,"199,169,170"
18400,"494,184,40"
18401,"42,41,40"
18402,"201,41,40"
18403,"326,105,23"
18404,"249,23,0"
18405,"338,64,10"
18406,"228,3,5"
18407,"498,288,0"
18408,"48,21,3"
18409,"53,3,30"
18410,"138,135,40"
18411,"346,313,0"
18412,"121,120,3"
18413,"187,21,3"
18414,"264,23,38"
18415,"21,3,169"
18416,"93,64,10"
18417,"187,21,3"
18418,"191,41,40"
18419,"399,265,0"
18420,"160,41,40"
18421,"343,169,199"
18422,"164,21,3"
18423,"216,304,0"
18424,"162,40,145"
18425,"307,74,23"
18426,"129,128,40"
18427,"21,3,108"
18428,"456,271,0"
18429,"401,13,3"
18430,"92,60,10"
18431,"60,10,3"
18432,"3,169,170"
18433,"417,169,296"
18434,"21,187,3"
18435,"181,40,145"
18436,"286,40,41"
18437,"231,26,23"
18438,"80,10,64"
18439,"33,21,3"
18440,"284,3,111"
18441,"187,3,21"
18442,"4,3,5"
18443,"182,21,3"
18444,"109,10,11"
18445,"335,64,10"
18446,"187,3,21"
18447,"40,160,3"
18448,"24,23,38"
18449,"435,4,3"
18450,"319,211,0"
18451,"87,38,23"
18452,"368,184,40"
18453,"240,38,23"
18454,"409,265,0"
18455,"399,265,0"
18456,"226,131,40"
18457,"267,111,3"
18458,"27,26,23"
18459,"282,3,111"
18460,"206,8,0"
18461,"281,199,169"
18462,"303,23,74"
18463,"3,21,5"
18464,"82,23,38"
18465,"211,216,0"
18466,"68,3,53"
18467,"62,23,24"
18468,"262,105,23"
18469,"145,10,40"
18470,"80,64,10"
18471,"123,111,3"
18472,"337,169,0"
18473,"321,271,0"
18474,"474,111,3"
18475,"89,26,23"
18476,"199,311,169"
18477,"160,40,151"
18478,"187,3,21"
18479,"156,147,3"
18480,"139,40,23"
18481,"461,64,10"
18482,"77,31,23"
18483,"160,315,40"
18484,"122,3,13"
18485,"48,21,3"
18486,"385,3,5"
18487,"430,53,3"
18488,"90,64,10"
18489,"187,3,21"
18490,"264,23,38"
18491,"54,83,10"
18492,"43,24,23"
18493,"181,40,145"
18494,"19,4,3"
18495,"363,271,0"
18496,"160,40,131"
18497,"237,34,3"
18498,"138,135,40"
18499,"145,10,40"
18500,"363,271,0"
18501,"431,40,135"
18502,"300,296,169"
18503,"145,10,40"
18504,"473,64,10"
18505,"243,184,40"
18506,"145,10,40"
18507,"138,135,40"
18508,"145,10,40"
18509,"92,60,10"
18510,"21,115,3"
18511,"169,199,170"
18512,"346,313,0"
18513,"187,3,21"
18514,"5,228,3"
18515,"326,105,23"
18516,"335,64,10"
18517,"241,131,40"
18518,"18,17,3"
18519,"290,31,23"
18520,"244,135,40"
18521,"391,8,0"
18522,"89,26,23"
18523,"54,95,10"
18524,"59,24,23"
18525,"239,60,10"
18526,"60,10,3"
18527,"54,10,40"
18528,"224,41,40"
18529,"21,40,3"
18530,"146,40,145"
18531,"205,11,10"
18532,"112,111,3"
18533,"129,128,40"
18534,"216,304,0"
18535,"156,147,3"
18536,"21,187,3"
18537,"187,21,3"
18538,"109,11,10"
18539,"163,162,40"
18540,"129,128,40"
18541,"238,4,3"
18542,"374,169,199"
18543,"366,0,271"
18544,"49,24,23"
18545,"456,271,0"
18546,"304,216,0"
18547,"155,139,40"
18548,"297,265,0"
18549,"505,0,208"
18550,"205,11,10"
18551,"137,23,38"
18552,"145,10,40"
18553,"102,21,3"
18554,"16,15,3"
18555,"16,15,3"
18556,"318,105,23"
18557,"240,23,38"
18558,"199,311,169"
18559,"205,11,10"
18560,"241,131,40"
18561,"145,10,40"
18562,"160,41,40"
18563,"195,128,40"
18564,"199,170,169"
18565,"129,128,40"
18566,"54,10,40"
18567,"77,31,23"
18568,"33,3,21"
18569,"319,211,0"
18570,"18,17,3"
18571,"21,3,111"
18572,"169,170,199"
18573,"331,3,5"
18574,"309,23,38"
18575,"19,3,4"
18576,"42,41,40"
18577,"220,0,10"
18578,"250,40,135"
18579,"105,519,23"
18580,"300,296,169"
18581,"138,135,40"
18582,"343,169,199"
18583,"137,23,38"
18584,"226,40,131"
18585,"169,199,170"
18586,"93,64,10"
18587,"356,169,199"
18588,"145,10,40"
18589,"54,10,40"
18590,"279,0,249"
18591,"345,24,23"
18592,"447,3,34"
18593,"115,21,3"
18594,"42,41,40"
18595,"472,111,3"
18596,"417,296,169"
18597,"3,15,17"
18598,"285,8,0"
18599,"337,170,169"
18600,"93,64,10"
18601,"40,128,145"
18602,"308,8,0"
18603,"226,131,40"
18604,"436,170,169"
18605,"315,160,40"
18606,"220,10,3"
18607,"199,169,23"
18608,"32,31,23"
18609,"325,3,53"
18610,"138,135,40"
18611,"317,74,23"
18612,"318,105,23"
18613,"149,41,40"
18614,"384,265,0"
18615,"2,0,1"
18616,"435,3,4"
18617,"12,11,10"
18618,"231,26,23"
18619,"206,8,0"
18620,"42,40,41"
18621,"463,255,0"
18622,"146,145,40"
18623,"448,64,10"
18624,"204,3,13"
18625,"12,10,11"
18626,"12,10,11"
18627,"118,74,23"
18628,"428,296,169"
18629,"448,10,64"
18630,"3,15,17"
18631,"225,3,120"
18632,"6,5,3"
18633,"325,53,3"
18634,"206,8,0"
18635,"275,111,3"
18636,"165,74,23"
18637,"220,10,23"
18638,"138,135,40"
18639,"242,220,10"
18640,"181,145,40"
18641,"153,139,40"
18642,"317,23,74"
18643,"90,64,10"
18644,"21,3,169"
18645,"137,23,38"
18646,"311,199,169"
18647,"447,3,34"
18648,"370,0,216"
18649,"205,11,10"
18650,"15,16,3"
18651,"21,3,40"
18652,"160,3,40"
18653,"106,105,23"
18654,"447,34,3"
18655,"224,41,40"
18656,"429,271,0"
18657,"265,208,0"
18658,"264,38,23"
18659,"187,3,21"
18660,"199,169,170"
18661,"206,8,0"
18662,"66,3,30"
18663,"406,40,131"
18664,"7,4,3"
18665,"145,10,40"
18666,"145,10,40"
18667,"93,10,64"
18668,"373,0,208"
18669,"160,334,40"
18670,"25,24,23"
18671,"327,8,0"
18672,"379,21,3"
18673,"288,40,0"
18674,"279,249,0"
18675,"48,21,3"
18676,"356,169,199"
18677,"188,3,4"
18678,"448,64,10"
18679,"83,54,10"
18680,"206,8,0"
18681,"241,40,131"
18682,"170,169,199"
18683,"1,0,40"
18684,"187,21,3"
18685,"49,24,23"
18686,"21,3,40"
18687,"143,34,3"
18688,"127,21,3"
18689,"396,395,40"
18690,"311,169,170"
18691,"106,105,23"
18692,"80,64,10"
18693,"181,40,145"
18694,"220,10,23"
18695,"382,199,169"
18696,"118,23,74"
18697,"420,169,296"
18698,"43,24,23"
18699,"264,23,38"
18700,"344,265,0"
18701,"199,169,337"
18702,"104,3,30"
18703,"308,8,0"
18704,"92,60,10"
18705,"436,169,170"
18706,"448,64,10"
18707,"21,3,40"
18708,"438,265,0"
18709,"54,64,10"
18710,"63,23,38"
18711,"93,64,10"
18712,"337,311,169"
18713,"199,170,169"
18714,"124,21,3"
18715,"42,40,41"
18716,"452,296,169"
18717,"187,21,3"
18718,"264,23,38"
18719,"3,15,17"
18720,"195,128,40"
18721,"145,40,3"
18722,"211,216,0"
18723,"43,24,23"
18724,"93,64,10"
18725,"199,169,0"
18726,"3,311,169"
18727,"187,21,3"
18728,"384,265,0"
18729,"186,40,128"
18730,"195,128,40"
18731,"175,128,40"
18732,"434,0,1"
18733,"40,226,131"
18734,"170,169,199"
18735,"230,229,0"
18736,"264,23,38"
18737,"220,10,0"
18738,"141,135,40"
18739,"339,337,169"
18740,"159,40,131"
18741,"157,120,3"
18742,"168,3,17"
18743,"501,313,0"
18744,"228,5,3"
18745,"142,40,131"
18746,"199,170,169"
18747,"32,23,31"
18748,"135,40,139"
18749,"138,135,40"
18750,"417,296,169"
18751,"156,3,147"
18752,"23,38,24"
18753,"226,131,40"
18754,"206,8,0"
18755,"193,40,131"
18756,"448,64,10"
18757,"21,3,169"
18758,"49,23,24"
18759,"340,265,0"
18760,"240,23,38"
18761,"181,145,40"
18762,"465,0,218"
18763,"311,170,169"
18764,"205,11,10"
18765,"87,23,38"
18766,"96,31,23"
18767,"350,26,23"
18768,"180,3,120"
18769,"290,31,23"
18770,"206,8,0"
18771,"66,3,30"
18772,"82,23,38"
18773,"226,131,40"
18774,"181,40,145"
18775,"331,5,3"
18776,"40,128,145"
18777,"241,131,40"
18778,"145,40,169"
18779,"126,21,3"
18780,"448,64,10"
18781,"43,24,23"
18782,"420,169,296"
18783,"138,135,40"
18784,"3,15,17"
18785,"478,145,40"
18786,"95,54,10"
18787,"272,271,0"
18788,"55,54,10"
18789,"335,64,10"
18790,"182,3,21"
18791,"65,64,10"
18792,"206,8,0"
18793,"124,21,3"
18794,"451,3,50"
18795,"311,169,3"
18796,"327,8,0"
18797,"508,169,426"
18798,"478,145,40"
18799,"43,24,23"
18800,"228,3,5"
18801,"181,145,40"
18802,"170,169,199"
18803,"272,271,0"
18804,"220,10,40"
18805,"315,160,40"
18806,"448,64,10"
18807,"350,23,26"
18808,"96,31,23"
18809,"220,10,23"
18810,"435,3,4"
18811,"126,21,3"
18812,"128,130,40"
18813,"350,26,23"
18814,"160,315,40"
18815,"206,8,0"
18816,"10,145,40"
18817,"264,38,23"
18818,"118,23,74"
18819,"181,40,145"
18820,"148,147,3"
18821,"82,23,38"
18822,"388,3,111"
18823,"420,169,296"
18824,"138,135,40"
18825,"96,31,23"
18826,"3,311,169"
18827,"170,169,199"
18828,"12,11,10"
18829,"270,8,0"
18830,"3,17,15"
18831,"282,3,111"
18832,"382,199,169"
18833,"9,8,0"
18834,"187,3,21"
18835,"109,11,10"
18836,"453,0,208"
18837,"170,169,23"
18838,"21,3,40"
18839,"65,64,10"
18840,"436,169,170"
18841,"264,23,38"
18842,"456,271,0"
18843,"33,21,3"
18844,"32,31,23"
18845,"185,184,40"
18846,"25,24,23"
18847,"152,151,40"
18848,"54,10,40"
18849,"82,23,38"
18850,"523,3,53"
18851,"40,128,145"
18852,"170,169,199"
18853,"435,4,3"
18854,"401,13,3"
18855,"522,271,0"
18856,"199,169,23"
18857,"32,31,23"
18858,"226,131,40"
18859,"201,41,40"
18860,"42,41,40"
18861,"344,265,0"
18862,"145,10,40"
18863,"181,145,40"
18864,"436,169,170"
18865,"187,3,21"
18866,"456,271,0"
18867,"54,10,40"
18868,"140,139,40"
18869,"4,7,3"
18870,"82,23,38"
18871,"145,10,40"
18872,"226,131,40"
18873,"415,265,0"
18874,"43,24,23"
18875,"430,3,53"
18876,"318,23,105"
18877,"145,10,40"
18878,"42,41,40"
18879,"15,3,53"
18880,"42,41,40"
18881,"435,3,4"
18882,"188,4,3"
18883,"239,60,10"
18884,"32,31,23"
18885,"220,10,40"
18886,"448,64,10"
18887,"187,3,21"
18888,"66,3,30"
18889,"206,8,0"
18890,"397,313,0"
18891,"43,24,23"
18892,"209,0,208"
18893,"187,21,3"
18894,"206,8,0"
18895,"48,3,21"
18896,"326,105,23"
18897,"264,23,38"
18898,"165,23,74"
18899,"438,0,265"
18900,"186,40,128"
18901,"319,211,0"
18902,"463,255,0"
18903,"448,64,10"
18904,"138,135,40"
18905,"264,23,38"
18906,"63,38,23"
18907,"55,54,10"
18908,"43,24,23"
18909,"417,296,169"
18910,"124,21,3"
18911,"489,10,60"
18912,"48,21,3"
18913,"406,131,40"
18914,"439,208,0"
18915,"304,216,0"
18916,"3,21,169"
18917,"90,10,64"
18918,"264,23,38"
18919,"18,17,3"
18920,"293,85,3"
18921,"43,24,23"
18922,"340,265,0"
18923,"220,10,40"
18924,"199,169,0"
18925,"18,17,3"
18926,"112,111,3"
18927,"187,21,3"
18928,"3,311,169"
18929,"402,145,40"
18930,"343,199,169"
18931,"40,160,151"
18932,"89,26,23"
18933,"106,105,23"
18934,"80,10,64"
18935,"283,74,23"
18936,"204,3,13"
18937,"363,271,0"
18938,"243,184,40"
18939,"239,60,10"
18940,"235,8,0"
18941,"340,265,0"
18942,"170,169,40"
18943,"202,3,111"
18944,"456,271,0"
18945,"61,60,10"
18946,"348,255,0"
18947,"139,40,131"
18948,"326,105,23"
18949,"187,21,3"
18950,"18,17,3"
18951,"220,10,23"
18952,"252,213,0"
18953,"340,265,0"
18954,"40,128,145"
18955,"238,4,3"
18956,"449,271,0"
18957,"8,235,0"
18958,"146,145,40"
18959,"515,265,0"
18960,"311,169,0"
18961,"43,24,23"
18962,"355,271,0"
18963,"91,23,38"
18964,"457,0,218"
18965,"409,265,0"
18966,"250,40,135"
18967,"33,21,3"
18968,"40,128,145"
18969,"11,54,10"
18970,"149,40,41"
18971,"187,21,3"
18972,"339,337,169"
18973,"187,21,3"
18974,"21,3,28"
18975,"4,210,3"
18976,"43,24,23"
18977,"231,26,23"
18978,"23,38,24"
18979,"175,128,40"
18980,"66,30,3"
18981,"14,13,3"
18982,"149,40,41"
18983,"241,40,131"
18984,"388,111,3"
18985,"134,131,40"
18986,"187,3,21"
18987,"448,64,10"
18988,"3,21,169"
18989,"448,64,10"
18990,"4,7,3"
18991,"40,145,128"
18992,"326,105,23"
18993,"182,21,3"
18994,"93,10,64"
18995,"168,17,3"
18996,"199,169,170"
18997,"61,60,10"
18998,"122,3,13"
18999,"145,10,40"
19000,"135,295,40"
19001,"18,17,3"
19002,"19,4,3"
19003,"311,170,169"
19004,"187,21,3"
19005,"501,313,0"
19006,"52,51,3"
19007,"199,170,169"
19008,"199,170,169"
19009,"139,41,40"
19010,"205,11,10"
19011,"160,315,40"
19012,"141,135,40"
19013,"142,131,40"
19014,"332,3,53"
19015,"33,21,3"
19016,"479,208,0"
19017,"41,160,40"
19018,"220,10,23"
19019,"484,0,255"
19020,"93,64,10"
19021,"367,100,40"
19022,"106,105,23"
19023,"220,10,40"
19024,"4,19,3"
19025,"40,226,131"
19026,"36,35,3"
19027,"430,53,3"
19028,"238,4,3"
19029,"91,38,23"
19030,"40,149,41"
19031,"43,24,23"
19032,"431,40,135"
19033,"228,5,3"
19034,"448,64,10"
19035,"348,255,0"
19036,"41,3,40"
19037,"129,128,40"
19038,"231,26,23"
19039,"76,40,23"
19040,"153,139,40"
19041,"228,3,5"
19042,"12,10,11"
19043,"145,10,40"
19044,"81,30,3"
19045,"202,3,111"
19046,"321,271,0"
19047,"3,4,435"
19048,"213,288,0"
19049,"376,265,0"
19050,"494,184,40"
19051,"93,64,10"
19052,"214,213,0"
19053,"206,8,0"
19054,"220,10,23"
19055,"516,271,0"
19056,"340,265,0"
19057,"356,199,169"
19058,"63,23,38"
19059,"146,145,40"
19060,"144,15,3"
19061,"145,10,40"
19062,"115,3,21"
19063,"436,169,170"
19064,"51,10,3"
19065,"228,3,5"
19066,"33,21,3"
19067,"522,271,0"
19068,"168,17,3"
19069,"278,0,277"
19070,"21,3,4"
19071,"21,182,3"
19072,"182,3,21"
19073,"21,3,13"
19074,"148,3,147"
19075,"24,23,38"
19076,"337,169,311"
19077,"4,407,3"
19078,"145,10,40"
19079,"264,23,38"
19080,"425,265,0"
19081,"325,53,3"
19082,"32,31,23"
19083,"170,199,169"
19084,"523,53,3"
19085,"381,357,0"
19086,"264,38,23"
19087,"32,31,23"
19088,"128,40,145"
19089,"346,313,0"
19090,"17,168,3"
19091,"124,21,3"
19092,"97,3,5"
19093,"181,40,145"
19094,"497,0,288"
19095,"175,40,128"
19096,"32,31,23"
19097,"25,24,23"
19098,"220,10,40"
19099,"169,199,170"
19100,"84,23,74"
19101,"129,128,40"
19102,"104,30,3"
19103,"139,40,131"
19104,"202,3,111"
19105,"2,1,0"
19106,"40,145,128"
19107,"311,3,169"
19108,"306,296,169"
19109,"90,64,10"
19110,"182,3,21"
19111,"206,8,0"
19112,"448,64,10"
19113,"40,128,145"
19114,"448,64,10"
19115,"109,11,10"
19116,"415,265,0"
19117,"55,54,10"
19118,"315,160,40"
19119,"4,5,3"
19120,"95,54,10"
19121,"3,108,21"
19122,"349,265,0"
19123,"484,0,255"
19124,"21,3,147"
19125,"96,31,23"
19126,"148,3,147"
19127,"81,30,3"
19128,"165,74,23"
19129,"54,10,40"
19130,"311,337,169"
19131,"469,288,0"
19132,"523,3,53"
19133,"170,169,199"
19134,"509,218,0"
19135,"160,315,40"
19136,"456,271,0"
19137,"139,40,131"
19138,"40,226,131"
19139,"12,10,11"
19140,"438,0,265"
19141,"91,23,38"
19142,"281,199,169"
19143,"156,3,147"
19144,"343,169,199"
19145,"118,23,74"
19146,"128,129,40"
19147,"8,235,0"
19148,"33,21,3"
19149,"10,145,40"
19150,"456,271,0"
19151,"19,4,3"
19152,"199,169,311"
19153,"40,21,3"
19154,"475,218,0"
19155,"27,26,23"
19156,"334,160,40"
19157,"509,218,0"
19158,"448,64,10"
19159,"43,24,23"
19160,"382,169,199"
19161,"405,8,0"
19162,"206,8,0"
19163,"182,3,21"
19164,"60,10,3"
19165,"436,169,170"
19166,"448,64,10"
19167,"145,10,40"
19168,"96,31,23"
19169,"148,3,147"
19170,"145,10,40"
19171,"48,3,21"
19172,"430,53,3"
19173,"82,23,38"
19174,"168,17,3"
19175,"93,64,10"
19176,"241,131,40"
19177,"145,10,40"
19178,"168,17,3"
19179,"89,26,23"
19180,"510,220,10"
19181,"365,265,0"
19182,"204,13,3"
19183,"346,313,0"
19184,"184,23,40"
19185,"206,8,0"
19186,"348,255,0"
19187,"243,184,40"
19188,"40,128,145"
19189,"474,3,111"
19190,"204,3,13"
19191,"455,271,0"
19192,"322,54,10"
19193,"239,60,10"
19194,"90,64,10"
19195,"300,296,169"
19196,"501,313,0"
19197,"418,0,265"
19198,"148,3,147"
19199,"53,50,3"
19200,"157,3,120"
19201,"18,17,3"
19202,"276,265,0"
19203,"209,208,0"
19204,"202,3,111"
19205,"418,265,0"
19206,"341,265,0"
19207,"356,199,169"
19208,"308,8,0"
19209,"115,21,3"
19210,"241,40,131"
19211,"435,3,4"
19212,"160,40,135"
19213,"306,296,169"
19214,"32,23,31"
19215,"3,108,21"
19216,"220,10,23"
19217,"104,3,30"
19218,"264,23,38"
19219,"326,105,23"
19220,"355,271,0"
19221,"96,31,23"
19222,"228,3,5"
19223,"118,74,23"
19224,"206,8,0"
19225,"220,10,23"
19226,"448,64,10"
19227,"170,199,169"
19228,"23,24,38"
19229,"181,145,40"
19230,"115,3,21"
19231,"160,40,169"
19232,"21,3,40"
19233,"186,128,40"
19234,"62,23,24"
19235,"368,40,184"
19236,"356,199,169"
19237,"199,169,170"
19238,"231,26,23"
19239,"181,40,145"
19240,"220,10,23"
19241,"396,395,40"
19242,"216,0,265"
19243,"417,169,296"
19244,"189,40,135"
19245,"242,10,220"
19246,"271,0,218"
19247,"199,169,170"
19248,"300,296,169"
19249,"174,3,4"
19250,"165,23,74"
19251,"64,448,10"
19252,"54,95,10"
19253,"129,40,128"
19254,"187,3,21"
19255,"437,145,40"
19256,"152,151,40"
19257,"436,169,170"
19258,"93,10,64"
19259,"346,313,0"
19260,"423,160,40"
19261,"187,21,3"
19262,"199,170,169"
19263,"11,10,40"
19264,"195,40,128"
19265,"102,21,3"
19266,"367,40,100"
19267,"3,21,169"
19268,"93,10,64"
19269,"103,38,23"
19270,"93,10,64"
19271,"188,3,4"
19272,"124,21,3"
19273,"264,38,23"
19274,"21,108,3"
19275,"202,3,111"
19276,"306,169,296"
19277,"32,23,31"
19278,"134,131,40"
19279,"206,8,0"
19280,"137,23,38"
19281,"163,162,40"
19282,"187,21,3"
19283,"137,38,23"
19284,"392,3,4"
19285,"126,21,3"
19286,"448,10,64"
19287,"32,31,23"
19288,"3,169,311"
19289,"457,0,218"
19290,"176,4,3"
19291,"304,216,0"
19292,"402,145,40"
19293,"405,8,0"
19294,"159,131,40"
19295,"201,41,40"
19296,"21,33,3"
19297,"360,271,0"
19298,"25,24,23"
19299,"187,3,21"
19300,"165,74,23"
19301,"108,21,3"
19302,"244,40,135"
19303,"32,31,23"
19304,"93,64,10"
19305,"76,40,23"
19306,"80,64,10"
19307,"309,23,38"
19308,"145,10,40"
19309,"402,145,40"
19310,"66,3,30"
19311,"93,64,10"
19312,"94,38,23"
19313,"8,265,0"
19314,"145,40,10"
19315,"216,380,0"
19316,"340,265,0"
19317,"205,11,10"
19318,"96,31,23"
19319,"271,0,255"
19320,"148,3,147"
19321,"33,21,3"
19322,"455,0,271"
19323,"406,131,40"
19324,"448,64,10"
19325,"218,3,0"
19326,"170,169,199"
19327,"457,0,218"
19328,"402,145,40"
19329,"174,3,4"
19330,"18,17,3"
19331,"55,54,10"
19332,"339,337,169"
19333,"326,105,23"
19334,"501,313,0"
19335,"175,40,128"
19336,"139,3,40"
19337,"108,3,21"
19338,"375,4,3"
19339,"199,170,169"
19340,"170,169,199"
19341,"436,169,170"
19342,"286,40,41"
19343,"206,8,0"
19344,"22,21,3"
19345,"382,169,199"
19346,"129,128,40"
19347,"327,8,0"
19348,"170,169,0"
19349,"92,60,10"
19350,"137,23,38"
19351,"181,40,145"
19352,"169,170,199"
19353,"264,23,38"
19354,"220,10,23"
19355,"32,31,23"
19356,"49,24,23"
19357,"402,145,40"
19358,"138,135,40"
19359,"249,23,0"
19360,"229,230,0"
19361,"508,169,426"
19362,"406,40,131"
19363,"156,3,147"
19364,"123,111,3"
19365,"229,230,0"
19366,"93,64,10"
19367,"170,169,199"
19368,"11,109,10"
19369,"151,128,40"
19370,"469,288,0"
19371,"27,26,23"
19372,"80,10,64"
19373,"159,40,131"
19374,"523,53,3"
19375,"187,21,3"
19376,"296,411,169"
19377,"199,170,169"
19378,"326,105,23"
19379,"264,23,38"
19380,"349,265,0"
19381,"205,11,10"
19382,"170,169,0"
19383,"328,31,23"
19384,"187,21,3"
19385,"8,208,0"
19386,"231,26,23"
19387,"53,3,0"
19388,"145,10,40"
19389,"118,23,74"
19390,"205,11,10"
19391,"527,1,0"
19392,"322,54,10"
19393,"115,21,3"
19394,"199,169,170"
19395,"102,21,3"
19396,"199,169,311"
19397,"187,21,3"
19398,"209,208,0"
19399,"220,10,23"
19400,"349,265,0"
19401,"2,0,1"
19402,"170,169,199"
19403,"11,40,10"
19404,"126,21,3"
19405,"145,40,10"
19406,"187,21,3"
19407,"169,436,170"
19408,"103,23,38"
19409,"506,13,3"
19410,"204,13,3"
19411,"168,17,3"
19412,"165,23,74"
19413,"62,24,23"
19414,"309,38,23"
19415,"6,5,3"
19416,"453,208,0"
19417,"420,296,169"
19418,"17,3,40"
19419,"21,3,169"
19420,"93,64,10"
19421,"24,23,38"
19422,"186,40,128"
19423,"243,184,40"
19424,"66,30,3"
19425,"206,8,0"
19426,"145,10,40"
19427,"203,147,3"
19428,"88,23,38"
19429,"93,10,64"
19430,"334,160,40"
19431,"187,3,21"
19432,"41,40,3"
19433,"145,40,128"
19434,"187,21,3"
19435,"258,31,23"
19436,"21,3,40"
19437,"240,23,38"
19438,"331,3,5"
19439,"124,21,3"
19440,"11,10,40"
19441,"49,24,23"
19442,"315,160,40"
19443,"49,24,23"
19444,"328,31,23"
19445,"326,105,23"
19446,"49,24,23"
19447,"349,265,0"
19448,"181,40,145"
19449,"63,23,38"
19450,"346,313,0"
19451,"252,213,0"
19452,"66,30,3"
19453,"371,296,169"
19454,"256,0,255"
19455,"18,17,3"
19456,"348,255,0"
19457,"400,255,0"
19458,"40,128,145"
19459,"170,199,169"
19460,"418,265,0"
19461,"160,40,3"
19462,"302,160,40"
19463,"33,21,3"
19464,"195,40,128"
19465,"205,11,10"
19466,"316,3,30"
19467,"89,26,23"
19468,"311,170,169"
19469,"186,40,128"
19470,"11,109,10"
19471,"185,184,40"
19472,"145,10,40"
19473,"22,21,3"
19474,"250,40,135"
19475,"134,131,40"
19476,"311,3,169"
19477,"165,23,74"
19478,"115,21,3"
19479,"402,145,40"
19480,"164,3,21"
19481,"170,169,199"
19482,"169,170,199"
19483,"455,271,0"
19484,"385,3,5"
19485,"199,169,311"
19486,"100,40,128"
19487,"42,41,40"
19488,"436,169,170"
19489,"523,53,3"
19490,"226,40,131"
19491,"226,40,131"
19492,"199,169,311"
19493,"21,108,3"
19494,"451,3,50"
19495,"374,169,199"
19496,"205,11,10"
19497,"96,31,23"
19498,"40,145,10"
19499,"187,21,3"
19500,"206,8,0"
19501,"108,21,3"
19502,"128,130,40"
19503,"448,64,10"
19504,"93,64,10"
19505,"284,3,111"
19506,"148,3,147"
19507,"315,160,40"
19508,"199,169,3"
19509,"42,41,40"
19510,"188,4,3"
19511,"170,199,169"
19512,"145,40,10"
19513,"145,40,23"
19514,"187,3,21"
19515,"181,145,40"
19516,"222,40,100"
19517,"159,40,131"
19518,"186,40,128"
19519,"11,10,40"
19520,"21,3,169"
19521,"488,265,0"
19522,"187,21,3"
19523,"204,13,3"
19524,"175,40,128"
19525,"181,145,40"
19526,"303,23,74"
19527,"90,64,10"
19528,"145,10,40"
19529,"85,86,3"
19530,"379,3,21"
19531,"290,31,23"
19532,"343,169,199"
19533,"199,169,23"
19534,"493,145,40"
19535,"250,40,135"
19536,"163,162,40"
19537,"146,145,40"
19538,"304,216,0"
19539,"186,40,128"
19540,"206,8,0"
19541,"165,23,74"
19542,"247,160,40"
19543,"523,53,3"
19544,"82,23,38"
19545,"187,3,21"
19546,"220,10,23"
19547,"186,128,40"
19548,"211,216,0"
19549,"147,3,120"
19550,"91,23,38"
19551,"42,41,40"
19552,"368,40,184"
19553,"84,23,74"
19554,"199,169,170"
19555,"337,169,311"
19556,"279,249,0"
19557,"11,10,23"
19558,"4,435,3"
19559,"172,21,3"
19560,"226,131,40"
19561,"328,31,23"
19562,"159,40,131"
19563,"129,128,40"
19564,"145,402,40"
19565,"231,26,23"
19566,"406,40,131"
19567,"127,21,3"
19568,"128,129,40"
19569,"456,271,0"
19570,"411,296,169"
19571,"375,4,3"
19572,"127,3,21"
19573,"376,265,0"
19574,"241,131,40"
19575,"175,128,40"
19576,"25,23,24"
19577,"187,3,21"
19578,"411,296,169"
19579,"238,4,3"
19580,"168,17,3"
19581,"402,145,40"
19582,"129,128,40"
19583,"128,129,40"
19584,"370,216,0"
19585,"367,40,100"
19586,"456,271,0"
19587,"21,3,40"
19588,"448,64,10"
19589,"4,407,3"
19590,"169,199,23"
19591,"187,21,3"
19592,"119,111,3"
19593,"205,11,10"
19594,"209,208,0"
19595,"177,3,30"
19596,"182,3,21"
19597,"130,40,128"
19598,"62,23,24"
19599,"267,111,3"
19600,"49,24,23"
19601,"199,170,169"
19602,"431,135,40"
19603,"25,24,23"
19604,"21,115,3"
19605,"102,21,3"
19606,"169,199,170"
19607,"108,21,3"
19608,"455,271,0"
19609,"11,10,40"
19610,"19,4,3"
19611,"204,3,13"
19612,"129,128,40"
19613,"48,21,3"
19614,"206,8,0"
19615,"172,3,21"
19616,"264,23,38"
19617,"343,199,169"
19618,"199,169,311"
19619,"220,10,23"
19620,"256,255,0"
19621,"182,3,21"
19622,"50,3,23"
19623,"84,74,23"
19624,"199,311,169"
19625,"500,3,21"
19626,"148,147,3"
19627,"206,8,0"
19628,"142,131,40"
19629,"84,23,74"
19630,"448,64,10"
19631,"216,0,208"
19632,"375,3,4"
19633,"240,23,38"
19634,"460,296,169"
19635,"138,135,40"
19636,"374,199,169"
19637,"127,3,21"
19638,"440,23,38"
19639,"145,10,40"
19640,"420,169,296"
19641,"76,40,23"
19642,"82,23,38"
19643,"324,40,41"
19644,"40,128,145"
19645,"145,10,40"
19646,"170,169,0"
19647,"501,313,0"
19648,"438,0,265"
19649,"32,23,31"
19650,"134,40,131"
19651,"457,0,218"
19652,"3,40,128"
19653,"145,10,40"
19654,"226,40,131"
19655,"264,23,38"
19656,"21,40,3"
19657,"108,21,3"
